平台,帖子ID,发布时间,负责人,项目,一级品线,二级品线,主题,形式,优质,链接,标题,缺失项
tk,7645384736902221086,2026-05-30,周紫月,,穿戴甲,UV穿戴甲,开箱;口播,视频,,https://www.tiktok.com/@its__sheyyla/video/7645384736902221086,"The most beautiful bridal nail set @BeetlesGelPolish 🤩

#beetlesgelpolish #tiktokshopfind #Nailtok #bridalnails #beetlesgelpolishkit ",项目缺失
yt,VoUtpDDqaPI,2026-05-25,罗婧,,功能胶,晕染胶,做款,视频,,https://www.youtube.com/watch?v=VoUtpDDqaPI,Tortoise shell nails 🤎🖤,项目缺失
fb,1438929708278980,2026-05-24,黄莉莎,,款式创作,魔镜粉,做款,视频,,https://www.facebook.com/reel/1899015007431053,"Today let see French on Short nails
• @beetlesgelpolish French Brush
• @beetlesgelpolish Mirror Top Coat
• @beetlesgelpolish Neutral Chrome

_Nails by Jeana_

#beetlesgelpolish #tobeautybar #beetlesgel #frenchnails",项目缺失
ins,DYs1RqeRkUH,2026-05-24,黄嘉丽,,彩胶,纯色,做款,视频,1,https://www.instagram.com/p/DYs1RqeRkUH/,cutest nail day evrrrrr,项目缺失
ins,DYs2JUCM9H4,2026-05-24,黄嘉丽,,彩胶,纯色,做款,视频,,https://www.instagram.com/p/DYs2JUCM9H4/,work with me at four ☁️#pressonnails #softnails #pressonnail,项目缺失
ins,DYsCLucAFuy,2026-05-24,黄莉莎,,款式创作,魔镜粉,做款,视频,,https://www.instagram.com/p/DYsCLucAFuy/,"Today let do French on Short nails
• @beetlesgelpolish French Brush
• @beetlesgelpolish Mirror Top Coat
• @beetlesgelpolish Neutral Chrome

_Nails by Jeana_

#beetlesgelpolish #tobeautybar #beetlesgel #frenchnails",项目缺失
ins,DYsOPZqxS_F,2026-05-24,何嘉怡,,功能胶,晕染胶,做款;成品展示,视频,,https://www.instagram.com/p/DYsOPZqxS_F/,"First desi nail set complete ✅

#nails #beauty #texas #desi #fashion",项目缺失
ins,DYsj6UoSypN,2026-05-24,林盈盈,,彩胶初学者套装,预构建甲片套组,做款,视频,,https://www.instagram.com/p/DYsj6UoSypN/,"My niece loves her nails !! 
.
Want to see more content like this ?
Follow @glambyjalina
.
.
#beettlegelpolish #nails #nailday #az #naildesigns",项目缺失
ins,DYtOfEjA_55,2026-05-24,何嘉怡,,彩胶,纯色,做款;成品展示,视频,,https://www.instagram.com/p/DYtOfEjA_55/,"Mis Uñas de verano, utilizando los geles de @beetlesgelpolish recuerden utilizar mi código de descuento para conseguir los productos en Amazon código: KARYNAILS10.  https://www.amazon.com/dp/B0G8H7GVX6?maas=maas_adg_0967EEFE6B9D7509CF704AC74913E0EF_afap_abs&ref_=aa_maas&tag=maas #nails #uñas #ongles #colorsnails #veranonails",项目缺失
tk,7643126147932294407,2026-05-24,黄莉莎,,款式创作,魔镜粉,做款,视频,,https://www.tiktok.com/@tobeautybar/video/7643126147932294407,"French of Short nails✨
•White French Brush•Mirror Top Coat & Neutral Chrome from @BeetlesGelPolish 

#beetles #beetlesgelpolish #beetlesbuildergel #tobeautybar ",项目缺失
tk,7643132544015256845,2026-05-24,林盈盈,,假指甲,预构建甲片套组,开箱,视频,,https://www.tiktok.com/@natalies.naills/video/7643132544015256845,haul!!@BeetlesGelPolish #beetlesgelpolish #beetlesdealbox #haul #nails #fyp ,项目缺失
tk,7643142940726005023,2026-05-24,何嘉怡,,款式创作,拍拍胶套组,开箱,视频,,https://www.tiktok.com/@luxeloopl/video/7643142940726005023,"POV: you finally found a pat gel kit that actually makes nail art easier 😍✨ Testing the Beetles 6 Pat Gel Kit and I’m obsessed with the textures, colors, and endless design possibilities 💅🏼 

Perfect for chrome, aura nails, blooming effects, 3D details, and trendy nail art looks. Which shade would you use first? 👀

#beetlesgelpolish #patgel #diynails #nailinspo #nailtutorial

@BeetlesGelPolish 

Beetles pat gel kit, Beetles nail art gel, pat gel nail tutorial, textured nail gel, nail art ideas 2026, beginner nail art products, trendy gel nail designs, aura nails tutorial, chrome nail art, 3D nail art gel, nail tech products, DIY gel nails, press on nail artist, nail school content, Beetles gel review",项目缺失
tk,7643146936861658382,2026-05-24,高咏欣,,穿戴甲,穿戴甲款式,做款,视频,,https://www.tiktok.com/@dashaperkins/video/7643146936861658382,"Let’s do these press ons💅🏾 Using @BeetlesGelPolish Milky White Collection🩵

SN: Y'all have to excuse me, Michael has been the only artist I've wanted to listen too since the movie😂🩷 
#pressons #pressonnails #pressonnailstutorial #diynails #beetlesgelpolish ",项目缺失
tk,7643152018646830366,2026-05-24,何嘉怡,,款式创作,拍拍胶套组,开箱;口播,视频,,https://www.tiktok.com/@evelynsoltero/video/7643152018646830366,Can’t wait to use this on a nail set 🤗@BeetlesGelPolish ,项目缺失
tk,7643153122914798879,2026-05-24,何嘉怡,,功能胶,晕染胶,做款;成品展示,视频,,https://www.tiktok.com/@randa.rosa/video/7643153122914798879,"First desi nail set complete ✅

#nails #beauty #texas #desi #fashion ",项目缺失
tk,7643203384186621197,2026-05-24,林盈盈,,彩胶初学者套装,预构建甲片套组,做款,视频,,https://www.tiktok.com/@glambyjalina/video/7643203384186621197,"The cutest client ever! 
.
@BeetlesGelPolish 
#beetlegelpolish #nailday #fyp #shortnails #summernail ",项目缺失
tk,7643205647273676063,2026-05-24,罗惠仪,,配件,美甲灯,开箱,视频,,https://www.tiktok.com/@bold.you/video/7643205647273676063,I love this so much! I love that you don’t have to have cords everywhere as well! After you are done with you just slide it to the side and it’s adorable!! #beetles #naillamp #nailart #nailtech #nailtechmusthave ,项目缺失
tk,7643217491904285965,2026-05-24,马明慧,,配件,美甲灯,做款,视频,,https://www.tiktok.com/@keshas.klawset/video/7643217491904285965,"Watch Me Work | Custom Set

#pressonnailset #pressonnailbusiness #pressonnailstutorial ",项目缺失
tk,7643240130479705375,2026-05-24,罗婧,,彩胶,纯色,成品展示,视频,,https://www.tiktok.com/@gracedoesnails/video/7643240130479705375,basic but so so cute!!! 💙🫐🪩 #gracedoesnails #viral #fyp #nailinspo #nailtransition @Aprés Nail Professional @BeetlesGelPolish @UNAGELLA @MelodySusie @Modelones @Maniology @OPI ,项目缺失
tk,7643240204697881870,2026-05-24,李伊芸,,构建美甲,透色,开箱;做款;口播,视频,1,https://www.tiktok.com/@skibidylily/video/7643240204697881870,"i love summer nails!! use Beetles code: SKIBIDYLILYY (with 10%off, avail until 7.30) #BeetlesSummerVoyage  #Beetlesflatx #Beetlesgelpolish",项目缺失
tk,7643240881968925966,2026-05-24,黄嘉丽,,彩胶,纯色,做款,视频,1,https://www.tiktok.com/@llolfashiondump/video/7643240881968925966,nail day🩷,项目缺失
tk,7643241131723001109,2026-05-24,黄嘉丽,,彩胶,纯色,做款,视频,,https://www.tiktok.com/@littlebrushnails/video/7643241131723001109,"work with me at four ☁️
#pressonnails #nailsoftiktok ",项目缺失
tk,7643265402339986719,2026-05-24,何嘉怡,,彩胶,纯色,开箱;口播,视频,,https://www.tiktok.com/@nailzbyvesha/video/7643265402339986719,so worth the buy 😍😍 #fy #nailtok #beetlesgelpolish #fyp ,项目缺失
tk,7643285114054659358,2026-05-24,何嘉怡,,彩胶,纯色,开箱,视频,,https://www.tiktok.com/@nailzbyzaida/video/7643285114054659358,"Beetles is having their biggest sale of the year!! Such a great deal🤩💅🏼#BeetlesSummerDrop
#BeetlesSBD @BeetlesGelPolish ",项目缺失
tk,7643292150137900319,2026-05-24,周紫月,,彩胶,纯色,开箱;口播,视频,,https://www.tiktok.com/@mrs.manicure/video/7643292150137900319,"this nail kit is 🔥🔥🔥 
This set is called “Candy Electric” 
@BeetlesGelPolish 
#diynails #diynailkit #gelnailkit #nailsathome #beginnernailtech ",项目缺失
tk,7643320696193731847,2026-05-24,周紫月,,彩胶初学者套装,纯色,开箱,视频,,https://www.tiktok.com/@envyjamie/video/7643320696193731847,if this video does better than the last 2 I spent 30 minutes editing this is the last you’ll be seeing of me 🫪 #fyp #nailtech #relatable #funny #nail ,项目缺失
tk,7643325958392483102,2026-05-24,罗惠仪,,彩胶,纯色,开箱;刷色,视频,,https://www.tiktok.com/@bold.you/video/7643325958392483102,Obsessed is an understatement 😁 #beetles #nailart #nailtech #nailtechmusthave #gelpolish ,项目缺失
tk,7643434465905200397,2026-05-24,何嘉怡,,配件,透色,开箱,视频,,https://www.tiktok.com/@nailsbytracy07/video/7643434465905200397,"Thanks @beêtlesgelpolish again for giving me a chance to try out all products ❤️🫶🏻
Im obsessed 😍 
“Shop on Amazon & use my code TPTRACY10 for 10% off!” 
#Beetlesgelpolish 
#beetlesgelpolish #maniwithmom #nailsbytracy07 @BeetlesGelPolish @BeetlesGelPolish ",项目缺失
tk,7643455295603117326,2026-05-24,周紫月,,彩胶初学者套装,F13灯套装,开箱;成品展示,视频,,https://www.tiktok.com/@ladybuttercakes/video/7643455295603117326,"Fresh nail set Sunday by @Beetles Nail Boutique 💅 
#beetlesnails #beetlesgelpolish #nailtok #nailreveal #memorialday ",项目缺失
tk,7643466965969030420,2026-05-24,黄莉莎,,彩胶,特色胶,成品展示,视频,,https://www.tiktok.com/@nailsbya_design/video/7643466965969030420,"✨ Cat Eye Foil Nail Tutorial ✨

Step 1:
Apply Beetles Cat Eye Polish (Shade D473)

Step 2:
Use a magnetic wand to pull all magnetic particles to the center of the nail

Step 3:
Cure the nail for 30-60 seconds

Step 4:
Apply foil transfer gel
Cure for 30 seconds

Step 5:
Press foil onto the nail
Rip off quickly to transfer the design

Step 6:
Apply top coat & cure

💅 Use code: CLNAILSBYA for $$ off
🔗 Link in bio

#beetlesgelpolish #beetlesnailnook #beetlescateye #summernail @BeetlesGelPolish ",项目缺失
tk,7643475567773224222,2026-05-24,何嘉怡,,款式创作,拍拍胶套组,做款,视频,,https://www.tiktok.com/@j9yjay/video/7643475567773224222,"Patting gels by Beetles⭐️⭐️⭐️ 
Available on TikTok shop/ linked below 🤭🫶🏼
#xyzbca #gelxnails #apresnailofficial #influencer #collab ",项目缺失
fb,122170227842891071,2026-05-23,李伊芸,,构建美甲,捏捏胶,做款,视频,,https://www.facebook.com/reel/4404638686487951,"pink summer nails! 🌸☀️ did some seafoam and seashells with pink french tips ✨

are you wearing these for summer?

#summernails #summernailart #tropicalnails #vacationnails #3dflowernails",项目缺失
fb,122176302500901749,2026-05-23,黄莉莎,,彩胶,特色胶,做款,视频,,https://www.facebook.com/reel/2330791177447314,"Cat’s Eye Nails

Encuentra estos cat’s eye en mi lintree
@beetlesgelpolish 

#nails #nailsnailsnails #nailsbymairin #nailinspo #nailsofinstagram",项目缺失
fb,122295979496222740,2026-05-23,黄莉莎,,彩胶,纯色,成品展示,视频,,https://www.facebook.com/reel/1276194331164563,"Exploring Representation for Emerging Celebrity Nail Technician Opportunities

Are you an aspiring nail tech… ready to master your skills? let’s build our skills together with our 1:1 online & in person skill mastery courses, DM to enroll. (this is to learn the artistry, not to get licensed.)
a
Are you looking for a bomb nail tech… outstanding customer service skills, comfortable environment and Unique Long-lasting nails?🩷 Let’s Pamper ourselves with One-Of-A-Kind nails🚨
• ✨Luxury at your fingertips✨ 
Custom reusable handmade acrylic press-ons shipped straight to you✈️ , complete with our @caseys_beauty_studio deluxe prep kit for 3+ weeks of flawless wear. 💅. Order Inquiries: 📲 When you DM, send: Length, shape, and inspo pics 💕 via DM & the number in my bio
•💕your nail dreams awaits you!💖
Schedule your luxurious nail appointment at 5151 Monroe st. Toledo, Oh; Suite 232✨
Allow yourself a Self Care day and treat yourself here at @caseys_beauty_studio where a luxury experience awaits you! Schedule an appointment today by clicking the link in my bio! 

•ALL PRODUCTS USED IN THIS VIDEO LINKED IN MY AMAZON STOREFRONT (bio) 
#caseysbeautystudio #detroitnails #toledoohio #acrylicpressons #celebritynailtech toledonailtech toledoohionailsalon toledoohionailtech detroitnailtech detroitnails detroitgolf monroenailtech BirminghamDetroit northvillenails Bowlinggreennails grossepointe
 explorepage explore explorepagenails novinailtech nailsfyp rochesterhillsnails
419nailtech lucascounty  royaloaknails stClairshoresnails northwestohionails @beetlesgelpolish @utamusic @utaproductionarts @utapublishing @utafoundation utaspeakers @opusbeauty @theonly.agency @startouchagency",项目缺失
fb,122296082444222740,2026-05-23,黄莉莎,,彩胶,纯色,成品展示,视频,,https://www.facebook.com/reel/1782100816099515,"Exploring Representation for Emerging Celebrity Nail Technician Opportunities

Are you an aspiring nail tech… ready to master your skills? let’s build our skills together with our 1:1 online & in person skill mastery courses, DM to enroll. (this is to learn the artistry, not to get licensed.)
a
Are you looking for a bomb nail tech… outstanding customer service skills, comfortable environment and Unique Long-lasting nails?🩷 Let’s Pamper ourselves with One-Of-A-Kind nails🚨
• ✨Luxury at your fingertips✨ 
Custom reusable handmade acrylic press-ons shipped straight to you✈️ , complete with our @caseys_beauty_studio deluxe prep kit for 3+ weeks of flawless wear. 💅. Order Inquiries: 📲 When you DM, send: Length, shape, and inspo pics 💕 via DM & the number in my bio
•💕your nail dreams awaits you!💖
Schedule your luxurious nail appointment at 5151 Monroe st. Toledo, Oh; Suite 232✨
Allow yourself a Self Care day and treat yourself here at @caseys_beauty_studio where a luxury experience awaits you! Schedule an appointment today by clicking the link in my bio! 

•ALL PRODUCTS USED IN THIS VIDEO LINKED IN MY AMAZON STOREFRONT (bio) 
#caseysbeautystudio #detroitnails #toledoohio #acrylicpressons #celebritynailtech toledonailtech toledoohionailsalon toledoohionailtech detroitnailtech detroitnails detroitgolf monroenailtech BirminghamDetroit northvillenails Bowlinggreennails grossepointe
 explorepage explore explorepagenails novinailtech nailsfyp rochesterhillsnails
419nailtech lucascounty  royaloaknails stClairshoresnails northwestohionails @beetlesgelpolish @utamusic @utaproductionarts @utapublishing @utafoundation utaspeakers @opusbeauty @theonly.agency @startouchagency",项目缺失
fb,990111393960394,2026-05-23,林盈盈,,彩胶,混合套组,做款,视频,1,https://www.facebook.com/reel/1473401734159910,"🫧🌺 ribbed glass florals and a little extra shine with @beetlesgelpolish •ad

using Jelly Veil Gel Polish Set colors: ne474 • ne455 • ne465 • ne485 • this Beetles Deal Box collection is linked in bio and my amazon sf !! • use discount code ‘HEYGREATNAIL’ for 10% off 

#beetlesgelpolish #BeetlesDealBox #BeetlesNailChallenge #nailinspo #naildesign spring flower nails",项目缺失
ins,DYpZoCqBVEn,2026-05-23,黄莉莎,,彩胶,透色,刷色,视频,,https://www.instagram.com/p/DYpZoCqBVEn/,"✨ Whisper of Love Jelly Swatches ✨

Obsessed with how soft + dreamy these shades are 💗Which one is YOUR fave? 👇

💅 544💅 545💅 546💅 547💅 548💅 549

Use code CLNAILSBYA for $$ off 🛍️Link in bio 🔗

 #beetlesnailnook #beetlessummernails #beetlescateye beetlesgelpolish #summernail",项目缺失
ins,DYpkbCARG07,2026-05-23,林盈盈,,彩胶,混合套组,做款,视频,1,https://www.instagram.com/p/DYpkbCARG07/,"🫧🌺 ribbed glass florals and a little extra shine with @beetlesgelpolish •ad

using Jelly Veil Gel Polish Set colors: ne474 • ne455 • ne465 • ne485 • this Beetles Deal Box collection is linked in bio and my amazon sf !! • use discount code ‘HEYGREATNAIL’ for 10% off 

#beetlesgelpolish #BeetlesDealBox #BeetlesNailChallenge #nailinspo #naildesign spring flower nails",项目缺失
ins,DYpuK0LKBjr,2026-05-23,黄莉莎,,彩胶,纯色,成品展示,视频,,https://www.instagram.com/p/DYpuK0LKBjr/,"Exploring Representation for Emerging Celebrity Nail Technician Opportunities

Are you an aspiring nail tech… ready to master your skills? let’s build our skills together with our 1:1 online & in person skill mastery courses, DM to enroll. (this is to learn the artistry, not to get licensed.)
a
Are you looking for a bomb nail tech… outstanding customer service skills, comfortable environment and Unique Long-lasting nails?🩷 Let’s Pamper ourselves with One-Of-A-Kind nails🚨
• ✨Luxury at your fingertips✨ 
Custom reusable handmade acrylic press-ons shipped straight to you✈️ , complete with our @caseys_beauty_studio deluxe prep kit for 3+ weeks of flawless wear. 💅. Order Inquiries: 📲 When you DM, send: Length, shape, and inspo pics 💕 via DM & the number in my bio
•💕your nail dreams awaits you!💖
Schedule your luxurious nail appointment at 5151 Monroe st. Toledo, Oh; Suite 232✨
Allow yourself a Self Care day and treat yourself here at @caseys_beauty_studio where a luxury experience awaits you! Schedule an appointment today by clicking the link in my bio! 

•ALL PRODUCTS USED IN THIS VIDEO LINKED IN MY AMAZON STOREFRONT (bio) 
#caseysbeautystudio #detroitnails #toledoohio #acrylicpressons #celebritynailtech toledonailtech toledoohionailsalon toledoohionailtech detroitnailtech detroitnails detroitgolf monroenailtech BirminghamDetroit northvillenails Bowlinggreennails grossepointe
 explorepage explore explorepagenails novinailtech nailsfyp rochesterhillsnails
419nailtech lucascounty  royaloaknails stClairshoresnails northwestohionails @beetlesgelpolish @utamusic @utaproductionarts @utapublishing @utafoundation utaspeakers @opusbeauty @theonly.agency @startouchagency",项目缺失
ins,DYpvwnVSBh2,2026-05-23,李伊芸,,构建美甲,捏捏胶,做款,视频,,https://www.instagram.com/p/DYpvwnVSBh2/,"pink summer nails! 🌸☀️ did some seafoam and seashells with pink french tips ✨

are you wearing these for summer?

#summernails #summernailart #tropicalnails #vacationnails #3dflowernails",项目缺失
ins,DYqKpmiuc1F,2026-05-23,何嘉怡,,彩胶,混合套组,做款,视频,,https://www.instagram.com/p/DYqKpmiuc1F/,"Desi wedding nails unlocked🔓

✨Transition credit: @rahtitouillee 

#nails #desi #longnails #wedding beauty @youthtothepeople sunscreen movie on @tubi @apresnailofficial tips @beetlesgelpolish nails polishes",项目缺失
ins,DYqUFthNkvx,2026-05-23,黄嘉丽,,构建美甲,捏捏胶,做款;成品展示,视频,,https://www.instagram.com/p/DYqUFthNkvx/,"✨🌸 TGIF and rocking some cute nails for the weekend. Used @beetlesgelpolish builder gel to create these cute nail charms 😍

Would you wear this mani?!?

Use Code 👉🏼 BTANITAUS10 - Save 10% 🛒 
Link in bio

#summernails #gelpolish #beetlesgelpolish #3dart #nailinspo",项目缺失
ins,DYqcn1-BYw4,2026-05-23,黄莉莎,,彩胶,特色胶,做款,视频,,https://www.instagram.com/p/DYqcn1-BYw4/,"Cat’s Eye Nails

Encuentra estos cat’s eye en mi lintree
@beetlesgelpolish 

#nails #nailsnailsnails #nailsbymairin #nailinspo #nailsofinstagram",项目缺失
ins,DYr5oTUsxeW,2026-05-23,高咏欣,,彩胶,混合套组,做款;口播,视频,,https://www.instagram.com/p/DYr5oTUsxeW/,"this is EPISODE 1 of learning how to do my nails at home 💅
honestly I love how they turned out, they’re not perfect yet but I’m sure over time we’ll improve ✨ AND I love even more that I don’t have to waste 100 dollars every two weeks at the salon anymore! 
From now on every two weeks I’ll post a new episode of learning how to do my nails at home🤍 💅✨☺️ let me know what you think & of course drop me some advice and tips if you have!!🤍 

#nailsathome #gelnails #outfitinspiration",项目缺失
ins,DYrnyCtKaa6,2026-05-23,黄莉莎,,彩胶,纯色,成品展示,视频,,https://www.instagram.com/p/DYrnyCtKaa6/,"Exploring Representation for Emerging Celebrity Nail Technician Opportunities

Are you an aspiring nail tech… ready to master your skills? let’s build our skills together with our 1:1 online & in person skill mastery courses, DM to enroll. (this is to learn the artistry, not to get licensed.)
a
Are you looking for a bomb nail tech… outstanding customer service skills, comfortable environment and Unique Long-lasting nails?🩷 Let’s Pamper ourselves with One-Of-A-Kind nails🚨
• ✨Luxury at your fingertips✨ 
Custom reusable handmade acrylic press-ons shipped straight to you✈️ , complete with our @caseys_beauty_studio deluxe prep kit for 3+ weeks of flawless wear. 💅. Order Inquiries: 📲 When you DM, send: Length, shape, and inspo pics 💕 via DM & the number in my bio
•💕your nail dreams awaits you!💖
Schedule your luxurious nail appointment at 5151 Monroe st. Toledo, Oh; Suite 232✨
Allow yourself a Self Care day and treat yourself here at @caseys_beauty_studio where a luxury experience awaits you! Schedule an appointment today by clicking the link in my bio! 

•ALL PRODUCTS USED IN THIS VIDEO LINKED IN MY AMAZON STOREFRONT (bio) 
#caseysbeautystudio #detroitnails #toledoohio #acrylicpressons #celebritynailtech toledonailtech toledoohionailsalon toledoohionailtech detroitnailtech detroitnails detroitgolf monroenailtech BirminghamDetroit northvillenails Bowlinggreennails grossepointe
 explorepage explore explorepagenails novinailtech nailsfyp rochesterhillsnails
419nailtech lucascounty  royaloaknails stClairshoresnails northwestohionails @beetlesgelpolish @utamusic @utaproductionarts @utapublishing @utafoundation utaspeakers @opusbeauty @theonly.agency @startouchagency",项目缺失
ins,DYro4mZxQAo,2026-05-23,林盈盈,,彩胶初学者套装,四指灯套装,开箱,视频,,https://www.instagram.com/p/DYro4mZxQAo/,"*links in bio* @beetlesgelpolish | use my code: ELAETALNAIL for 10% off your Amazon Beetles purchase!
#beetlesgelpolish #beetlesdealbox #nails #diy #pressons",项目缺失
tk,7642511592575339789,2026-05-23,何嘉怡,,甲油胶,彩胶初学者套装,开箱;口播,视频,,https://www.tiktok.com/@lifeofdoujure/video/7642511592575339789,Almost everything that I have in my nail collection is from Beetles ❤️ ##nail##spam##nail##nailkit,项目缺失
tk,7642512257301105934,2026-05-23,何嘉怡,,彩胶,特色胶,开箱;口播,视频,,https://www.tiktok.com/@lifeofdoujure/video/7642512257301105934,Yess I can’t wait to use these colors! What design should I do? #nail #spam #fyp #beetles ,项目缺失
tk,7642751158481718559,2026-05-23,罗惠仪,,彩胶,特色胶,做款,视频,,https://www.tiktok.com/@cierraxnails/video/7642751158481718559,🩷🧡💛 #summernails #nailtech #nailtok #nailart #buildergel @BeetlesGelPolish ,项目缺失
tk,7642779598622706975,2026-05-23,罗惠仪,,穿戴甲,UV穿戴甲,开箱,视频,,https://www.tiktok.com/@amayaaspam00/video/7642779598622706975,#tiktokshop,项目缺失
tk,7642786856848968990,2026-05-23,林盈盈,,彩胶,混合套组,做款,视频,,https://www.tiktok.com/@heygreatnails/video/7642786856848968990,"🫧🌺 ribbed glass florals and a little extra shine with @BeetlesGelPolish  •ad

using Jelly Veil Gel Polish Set colors: ne474 • ne455 • ne465 • ne485 • this Beetles Deal Box collection is linked in bio and my amazon sf !! • use discount code ‘HEYGREATNAIL’ for 10% off 

#beetlesgelpolish #BeetlesDealBox #BeetlesNailChallenge #nailinspo #naildesign spring flower nails",项目缺失
tk,7642794634409676045,2026-05-23,周紫月,,穿戴甲,混合套组,开箱;口播,视频,,https://www.tiktok.com/@avanacco/video/7642794634409676045,#nail ,项目缺失
tk,7642796703401217294,2026-05-23,罗惠仪,,彩胶,特色胶,开箱;刷色,视频,,https://www.tiktok.com/@nailsjka_/video/7642796703401217294,the cutest #nailsjka #beetlesgelpolish #beetlesstaylockshineduo #swatch #nails @BeetlesGelPolish ,项目缺失
tk,7642800942043155743,2026-05-23,高咏欣,,彩胶,混合套组,开箱,视频,,https://www.tiktok.com/@nailsbybecerra/video/7642800942043155743,"These mini gel bottles are so cute 😍 🩵Perfect nail kit for beginners or doing your nails at home ✨ You can find it through the link in my bio 💅
Use code BECERRA10 for 10% off (make sure to type it in ALL CAPS for it to work) #beetlesgelpolish #beetlesdealbox #gel #nailkitforbeginners #jellygel ",项目缺失
tk,7642803411104107796,2026-05-23,李伊芸,,构建美甲,捏捏胶,做款,视频,,https://www.tiktok.com/@bynicolemv/video/7642803411104107796,"pink summer nails! 🌸☀️ did some seafoam and seashells with pink french tips ✨

are you wearing these for summer?

#summernails #summernailart #tropicalnails #vacationnails #3dflowernails ",项目缺失
tk,7642804811900947742,2026-05-23,马明慧,,配件,美甲灯,做款,视频,,https://www.tiktok.com/@thatsneida4u/video/7642804811900947742,IG|| Glamsets.x.Neida✨products are from the @BeetlesGelPolish pro line collection! ,项目缺失
tk,7642807722047474974,2026-05-23,罗惠仪,,功能胶,橡胶底胶,开箱;刷色,视频,,https://www.tiktok.com/@bold.you/video/7642807722047474974,Obsessed!!! #beetles #rubberbase #nailtech #nailart #fyp ,项目缺失
tk,7642810732915985677,2026-05-23,黄嘉丽,,彩胶,20色猫眼彩胶,开箱;口播;刷色,视频,,https://www.tiktok.com/@loreleimzz/video/7642810732915985677,"@BeetlesGelPolish has the BEST KITS hands down😅💅🤍
#beetlesgelpolish #gelpolish #athomenails #gelxnails #nailkit ",项目缺失
tk,7642814112761662742,2026-05-23,黄莉莎,,彩胶,混合套组,做款,视频,,https://www.tiktok.com/@mxs.nails/video/7642814112761662742,Using new “poetry of garden” from @BeetlesGelPolish 🤍🌷 #nails #nailart #nailtech #beetlesgelpolish #nailsoftheday ,项目缺失
tk,7642823798194015502,2026-05-23,罗惠仪,,彩胶,透色,开箱;刷色,视频,,https://www.tiktok.com/@setsthatimpress/video/7642823798194015502,"These cat eye gels do all the talking ✨ Trust me, you need these in your collection ASAP @BeetlesGelPolish #beetles #cateyegel #beetlesgelpolish #nailtechfinds #CapCut ",项目缺失
tk,7642844386073644302,2026-05-23,周紫月,,彩胶,彩胶初学者套装,做款;口播;教程,视频,,https://www.tiktok.com/@typicalvictoriaa/video/7642844386073644302,Super fun kit! Loved these gels 💙 #beetlesgelpolish #gel #gelnails #memorialday #4thofjuly ,项目缺失
tk,7642856251797409055,2026-05-23,何嘉怡,,彩胶,混合套组,做款,视频,,https://www.tiktok.com/@randa.rosa/video/7642856251797409055,"Desi wedding nails unlocked🔓

✨Transition credit @Tanvi Rati (IG: rahtitouillee) 

#nails #desi #longnails #wedding #beauty @Youth To The People sunscreen movie on @Tubi @Aprés Nail Professional tips @BeetlesGelPolish nails polishes ",项目缺失
tk,7642859805400501535,2026-05-23,周紫月,,穿戴甲,UV穿戴甲,开箱,视频,,https://www.tiktok.com/@wavyjayvy/video/7642859805400501535,"thank you so much @Beetles Nail Boutique for collaborating with me:)! i can’t wait to use these products! 

 #wavyjayvy #frenchtip #beetlesnails #freesample ",项目缺失
tk,7642889174592392455,2026-05-23,周紫月,,彩胶初学者套装,纯色,开箱,视频,,https://www.tiktok.com/@envyjamie/video/7642889174592392455,stunning colourssss @BeetlesGelPolish #beetles #fyp #nails #PR #nailtech ,项目缺失
tk,7642889327269268750,2026-05-23,周紫月,,彩胶,特色胶,开箱,视频,,https://www.tiktok.com/@brooklynshighlights/video/7642889327269268750,Beetles 6 Pack Summer Cat Eye Gel Kit🍋🫐💐🍉🌺🐬🪼☀️🌷 @BeetlesGelPolish @beetles_community #beetlesgelpolish #beetlesgelpolishkit #foryou #trendy #nailsathome💅 ,项目缺失
tk,7642899076807200014,2026-05-23,何嘉怡,,穿戴甲,UV穿戴甲,开箱;口播,视频,,https://www.tiktok.com/@beautytalkrubi/video/7642899076807200014,,项目缺失
tk,7642955517010201869,2026-05-23,周紫月,,穿戴甲,UV穿戴甲,开箱;成品展示,视频,,https://www.tiktok.com/@elidamazo87/video/7642955517010201869,So cute 🥰 #beetlenails #pressonnails #nails #frenchtipnails #iloveafrenchie ,项目缺失
tk,7643068809565195540,2026-05-23,林盈盈,,彩胶初学者套装,四指灯套装,开箱,视频,,https://www.tiktok.com/@elaetal_/video/7643068809565195540,"*links in bio* @BeetlesGelPolish | use my code: ELAETALNAIL for 10% off your Amazon Beetles purchase!
#beetlesgelpolish #beetlesdealbox #nails #diy #pressons ",项目缺失
tk,7643100183026208030,2026-05-23,林盈盈,,彩胶初学者套装,预构建甲片套组,做款,视频,,https://www.tiktok.com/@ca.nailedit/video/7643100183026208030,"this kit is the tipex lite apex nail tips kit almond medium, from beetles amazon store! make sure to use code “CANAILEDIT” on your next purchase for 10% off!! #fyp #blowthisup #domynailswithme #beetlesgelpolish #beetlesdealsbox @BeetlesGelPolish ",项目缺失
tk,7643106786479738126,2026-05-23,高咏欣,,穿戴甲,穿戴甲款式,做款,视频,,https://www.tiktok.com/@iinayahii/video/7643106786479738126,"DIY Mantaince day🧴🫧: hair, lashes, nails @BeetlesGelPolish @SamsBeauty @MilyBest Beauty 
#homemaintenance #diymaintenance #maintenanceday #glowup ",项目缺失
tk,7643109738112109856,2026-05-23,高咏欣,,彩胶,混合套组,做款;口播,视频,,https://www.tiktok.com/@lisarosii_/video/7643109738112109856,"this is EPISODE 1 of learning how to do my nails at home 💅
honestly I love how they turned out, they’re not perfect yet but I’m sure over time we’ll improve ✨ AND I love even more that I don’t have to waste 100 dollars every two weeks at the salon anymore! 
From now on every two weeks I’ll post a new episode of learning how to do my nails at home🤍 💅✨☺️ let me know what you think & of course drop me some advice and tips if you have!!🤍 

#nailsathome #gelnails ",项目缺失
tk,7643113550822526222,2026-05-23,罗惠仪,,彩胶,混合套组,做款,视频,,https://www.tiktok.com/@alliemarie096/video/7643113550822526222,do my nails with me! #nail #nailinspo #nailtech #beetlesgelpolish #foryoupage @BeetlesGelPolish ,项目缺失
yt,3qcxH3RHp0E,2026-05-23,黄嘉丽,,穿戴甲,穿戴甲款式,开箱;教程;成品展示,视频,,https://www.youtube.com/watch?v=3qcxH3RHp0E,Testing Natural Milky Press On Nails By Beetles,项目缺失
yt,BJVXoM-QcUI,2026-05-23,何嘉怡,,功能胶,晕染胶,做款;成品展示,视频,,https://www.youtube.com/watch?v=BJVXoM-QcUI,desi wedding nails pt 2/2,项目缺失
yt,Fdbr1FSwctE,2026-05-23,黄嘉丽,,穿戴甲,穿戴甲款式,教程;成品展示,视频,,https://www.youtube.com/watch?v=Fdbr1FSwctE,these natural milky press on nails are a summer vibe 🤍,项目缺失
yt,NmSLyVKMpks,2026-05-23,黄莉莎,,彩胶,混合套组,做款,视频,,https://www.youtube.com/watch?v=NmSLyVKMpks,Giving my brother a manicure!,项目缺失
yt,PliM-9jVlII,2026-05-23,何嘉怡,,彩胶,混合套组,做款,视频,,https://www.youtube.com/watch?v=PliM-9jVlII,desi wedding nails pt 1/2,项目缺失
yt,cmo1f6PdVPc,2026-05-23,黄嘉丽,,彩胶,纯色,做款,视频,,https://www.youtube.com/watch?v=cmo1f6PdVPc,work with me at four ☁️,项目缺失
yt,tO5LXL3dI0s,2026-05-23,黄莉莎,,彩胶,混合套组,刷色,视频,,https://www.youtube.com/watch?v=tO5LXL3dI0s,⁠,项目缺失
fb,122170120838891071,2026-05-22,李伊芸,,构建美甲,捏捏胶,做款,视频,,https://www.facebook.com/reel/1003274082261039,"tropical nail inspo 🏝️☀️ finished the full set! so ready for summer!

are you wearing this nail set for summer?

#summernails #summernailart #tropicalnails #vacationnails #3dflowernails",项目缺失
ins,DYnJRhyxut7,2026-05-22,何嘉怡,,构建美甲,透色,刷色;成品展示,视频,,https://www.instagram.com/p/DYnJRhyxut7/,"Pinky nude gel nails 🤍🫧

Drunken Rose Jelly Gel by @beetlesgelpolish 
Code NATASHAD10 for 10% off

#Beetlesgelpolish #beetlesnailnook #pinknails #nudenails #nailtutorial",项目缺失
ins,DYnNeaLSkws,2026-05-22,李伊芸,,构建美甲,捏捏胶,做款,视频,,https://www.instagram.com/p/DYnNeaLSkws/,"tropical nail inspo 🏝️☀️ finished the full set! so ready for summer!

are you wearing this nail set for summer?

#summernails #summernailart #tropicalnails #vacationnails #3dflowernails",项目缺失
ins,DYofoxWtfYL,2026-05-22,黄莉莎,,彩胶,混合套组,做款,视频,1,https://www.instagram.com/p/DYofoxWtfYL/,"Did someone say summer is coming 👀

Using @beetlesgelpolish 🌷“Poetry of Garden”🌱

Bringing these back! Inspo from @_beautbybee 

#nails #nailsofinstagram #naildesign #nailstyle #nailsnailsnails",项目缺失
ins,DYpEte6RJu8,2026-05-22,林盈盈,,配件,美甲笔,开箱,视频,,https://www.instagram.com/p/DYpEte6RJu8/,"keep an eye out for pt 2!😉 *links in bio* @BeetlesGelPolish

 use my code: ELAETALNAIL for 10% off your Amazon Beetles purchase!

#beetlesgelpolish #beetlesdealbox #nails #diy #pressons",项目缺失
ins,DYpRbcUOD89,2026-05-22,罗婧,,彩胶初学者套装,F13灯套装,做款,视频,1,https://www.instagram.com/p/DYpRbcUOD89/,"DAY 22 - Leopard Print Hibiscus Flowers 🌸 - of my new series 31 DAYS OF NAIL ART: one tutorial for every day of MAY!🌸 see you tomorrow for day 23!👀

Link is in my bio to shop this collection from @beetlesgelpolish use code TASMIA10 to save 🐆🌺
-
-
-
-
-
-
-
-
- 
-
-
-
-
-
-
-
-leopard print nails, abstract nails, cute nails, nail tutorial, watch me work nails, blooming nails , summer nails, nail art, 3d nail art , hibiscus flower nails , double french nail , blooming flower nails , , hand painted nail art; nail inspo, nail series , clawsbytasmia #nails #nailstyle #nailsofinstagram #nailsnailsnails  #naildesign",项目缺失
tk,7642136355765554463,2026-05-22,林盈盈,,构建美甲,捏捏胶,做款,视频,,https://www.tiktok.com/@aisebrush/video/7642136355765554463,"DIY pomegranate nails ♥️🍒💋🎸 

#nails #nailart #nailtech #nailtutorial #3dnailart 

FULL TUTORIAL: 
@Asia 𓍼ོ ",项目缺失
tk,7642405125016882463,2026-05-22,周紫月,,彩胶,裸透色彩胶,开箱;口播,视频,,https://www.tiktok.com/@erikita_a23/video/7642405125016882463,NO puedo creer que este kit cueste tan barato para TODO lo que trae 😳💅@BeetlesGelPolish #gelnails #nailtiktok #nailart #cateyenails #summernails,项目缺失
tk,7642410951966330142,2026-05-22,何嘉怡,,假指甲,预构建甲片套组,开箱,视频,,https://www.tiktok.com/@j9yjay/video/7642410951966330142,"This kit has everything you need to do your nails at home⭐️
•
Hazte tus Unitas en casa 𑣲⋆｡˚
•
#dayinmylife #vlogs #xyzbca ##selfcare #selfcareroutine @BeetlesGelPolish",项目缺失
tk,7642412193547390239,2026-05-22,周紫月,,彩胶,彩胶初学者套装,开箱,视频,,https://www.tiktok.com/@gicellex/video/7642412193547390239,so many cute colors especially for 4th of july nails 💙 #nailsathome #diynails #nailinspo #gelnailsathome #summernails @BeetlesGelPolish ,项目缺失
tk,7642423902714547478,2026-05-22,何嘉怡,,构建美甲,透色,刷色;成品展示,视频,,https://www.tiktok.com/@bynatashad/video/7642423902714547478,"Pinky nude gel nails 🤍🫧

Drunken Rose Jelly Gel by @BeetlesGelPolish 
NATASHAD10 for 10% off

#Beetlesgelpolish #beetlesnailnook #pinknails #nudenails #nailtutorial",项目缺失
tk,7642425208372006158,2026-05-22,高咏欣,,穿戴甲,穿戴甲款式,成品展示,视频,,https://www.tiktok.com/@alicewalt801/video/7642425208372006158,obsessed @BeetlesGelPolish link in bio!!  #beetlesgelpolish #bettlespressons ,项目缺失
tk,7642435084468899103,2026-05-22,黄莉莎,,彩胶初学者套装,混合套组,开箱,视频,,https://www.tiktok.com/@leilasclosett/video/7642435084468899103,"Use my code BYLEILA10 for $ off. @BeetlesGelPolish 
products in video: Lulicore polka 32 colors gel nail kit and jelly veil gel polish set #beetlesgelpolish#nails#summer#BeetlesDealBox#nailsathome",项目缺失
tk,7642436059896335637,2026-05-22,李伊芸,,构建美甲,捏捏胶,做款,视频,,https://www.tiktok.com/@bynicolemv/video/7642436059896335637,"tropical nail inspo 🏝️☀️ finished the full set! so ready for summer!

are you wearing this nail set for summer?

#summernails #summernailart #tropicalnails #vacationnails #3dflowernails ",项目缺失
tk,7642440025501650207,2026-05-22,黄莉莎,,配件,预构建甲片,开箱,视频,,https://www.tiktok.com/@polina.kozlovaaa/video/7642440025501650207,which is your favorite? #creatorsearchinsights #capcut #tiktokshop #tiktokmademebuyit #haul ,项目缺失
tk,7642442878668639502,2026-05-22,何嘉怡,,甲油胶,拍拍胶套组,开箱,视频,,https://www.tiktok.com/@monetiza_conmia/video/7642442878668639502,#viraltiktok #bettlesgelpolish #manicuristasdelmundo #creaciondecontenido #fypシ゚viral ,项目缺失
tk,7642444283290651935,2026-05-22,周紫月,,彩胶,纯色,做款;口播,视频,,https://www.tiktok.com/@s.renee_nailz/video/7642444283290651935,Let’s make a Fourth of July nail set! #nailart #gelxnails #fourthofjuly ,项目缺失
tk,7642444906329361677,2026-05-22,马明慧,,配件,美甲灯,开箱,视频,,https://www.tiktok.com/@keshas.klawset/video/7642444906329361677,"Obsessed with their rebrand 🥺🖤

#beetlesgelpolish #gelpolishcollection #beetles ",项目缺失
tk,7642450600541670670,2026-05-22,何嘉怡,,彩胶,纯色,开箱,视频,,https://www.tiktok.com/@214shordyy/video/7642450600541670670,packaging so cute 10/10 colors 2000/10 i loveeee themmm #relatable #fyp #fypシ゚viral #beetlesgelpolish ,项目缺失
tk,7642457205639318797,2026-05-22,周紫月,,彩胶,特色胶,开箱;口播;刷色,视频,,https://www.tiktok.com/@ciaramariedatzme_/video/7642457205639318797,"We love a good cat eye !!! And now you can have all the colors !! 💗 @BeetlesGelPolish 
#tiktiokshop#beetlesgelpolish#cateye#gelpolish#tiktokdeals ",项目缺失
tk,7642462190536068366,2026-05-22,高咏欣,,穿戴甲,UV穿戴甲,做款,视频,,https://www.tiktok.com/@grwscharis/video/7642462190536068366,give me nail inspo to do next for graduation in the comments!🫐💫 #gelx #gelxnails #nailtutorial #nailinspo #fypシ゚viral ,项目缺失
tk,7642473127028509965,2026-05-22,周紫月,,穿戴甲,UV穿戴甲,成品展示,视频,,https://www.tiktok.com/@nailzbyrosyy/video/7642473127028509965,"Easy and fast at  home nails 😍✨💗
Full set for only $16 ✨

Click the cart below🛒

#fypシ #beetlesgelpolish #beetlessummerdrop #htxnailtech ",项目缺失
tk,7642474180331539732,2026-05-22,黄莉莎,,彩胶,透色,刷色,视频,,https://www.tiktok.com/@nailsbya_design/video/7642474180331539732,"✨ Whisper of Love @BeetlesGelPolish Jelly Swatches✨

Obsessed with how soft + dreamy these shades are 💗  
Which one is YOUR fave? 👇  

💅 544  
💅 545  
💅 546  
💅 547  
💅 548  
💅 549  

Use code CLNAILSBYA for $$ off 🛍️  
Link in bio 🔗  

#nailswatch #jellynails #beetlesgel #nailinspo #nailart   ",项目缺失
tk,7642498044021230862,2026-05-22,李伊芸,,彩胶,预构建甲片,开箱;做款,视频,,https://www.tiktok.com/@lifewith..paulina/video/7642498044021230862,"do my nails with using @BeetlesGelPolish make sure to use my code BYPAULINA10 for 10% off your next order with the link in my bio 

.

.

#beetlesgelpolish #BeetlesDealBox #nailteach #Jesuslovesyou ",项目缺失
tk,7642504119953001742,2026-05-22,何嘉怡,,甲油胶,彩胶初学者套装,开箱;口播,视频,,https://www.tiktok.com/@lifeofdoujure/video/7642504119953001742,Girl this nail kit came with everything!!! #fyp #spam #nail #nailkit #beetles ,项目缺失
tk,7642505444774186271,2026-05-22,何嘉怡,,彩胶,裸透色彩胶,开箱;成品展示,视频,,https://www.tiktok.com/@_yahairascreations/video/7642505444774186271,"Obsessed with these Jelly Colors😍 
@BeetlesGelPolish  
#beetlesgelpolish #beetlesnailnook #nails💅 #jellynails #nailgelpolish ",项目缺失
tk,7642515147369565470,2026-05-22,罗惠仪,,彩胶初学者套装,F13灯套装,开箱;做款,视频,,https://www.tiktok.com/@maymartnez5/video/7642515147369565470,#beauty #parati #tiktokshop #manicure #uñas ,项目缺失
tk,7642523306100329741,2026-05-22,黄莉莎,,穿戴甲,UV穿戴甲,成品展示,视频,,https://www.tiktok.com/@ashuleeeeeeeee/video/7642523306100329741,they actually lasted 🤯 #pressons #nail ,项目缺失
tk,7642532624153464094,2026-05-22,周紫月,,彩胶初学者套装,四指灯套装,开箱;做款;口播,视频,,https://www.tiktok.com/@beautyluxnails/video/7642532624153464094,"I joined the Beetles Deal Box Challenge !! 🙈🤗

How did I do?? 👀
.
@BeetlesGelPolish 
#summernails #beetlesgelpolish #beetlesdealbox #beetlesnailchallenge #diynails ",项目缺失
tk,7642562034449567006,2026-05-22,何嘉怡,,款式创作,拍拍胶套组,开箱;刷色,视频,,https://www.tiktok.com/@prettytipsbyj/video/7642562034449567006,they finally have a FULL patting gel kit! For everyone who always asks me! And the packing is so cute!!! ,项目缺失
tk,7642574932974570782,2026-05-22,周紫月,,穿戴甲,UV穿戴甲,开箱;成品展示,视频,,https://www.tiktok.com/@allwithjaz/video/7642574932974570782,Love that you get everything you need in this kit! These nails are definitely sturdy and perfect! 💖 #nailsathome #fyp #frenchtipnails #pressons #manicure  ,项目缺失
tk,7642698897692953876,2026-05-22,林盈盈,,配件,美甲笔,开箱,视频,,https://www.tiktok.com/@elaetal_/video/7642698897692953876,"keep an eye out for pt 2!😉 *links in bio* @BeetlesGelPolish | use my code: ELAETALNAIL for 10% off your Amazon Beetles purchase!
#beetlesgelpolish #beetlesdealbox #nails #DIY #pressons ",项目缺失
tk,7642712512772738318,2026-05-22,黄莉莎,,甲油胶,彩胶,开箱;刷色,视频,,https://www.tiktok.com/@aracel_yyy/video/7642712512772738318,"Beetles TikTok Shop Super Brand Day Is starting so soon !! 🌺🫐
  • Up to 80% off | 5/28–6/3
  • Limited subsidies / order early
  • Purchase guidance (tap the orange basket or visit Beetles TikTok Shop)
@BeetlesGelPolish 
#cateyegel #nails #fy #BeetlesSummerDrop #BeetlesSBD",项目缺失
tk,7642729296104000788,2026-05-22,罗婧,,彩胶初学者套装,F13灯套装,做款,视频,1,https://www.tiktok.com/@clawsbytasmia/video/7642729296104000788,"DAY 22 - Leopard Print Hibiscus Flowers 🌸 - of my new series 31 DAYS OF NAIL ART: one tutorial for every day of MAY!🌸 see you tomorrow for day 23!👀

Link is in my bio to shop this collection from @BeetlesGelPolish use code TASMIA10 to save 🐆🌺
-
-
-
-
-
-
-
-
- 
-
-
-
-
-
-
-
-leopard print nails, abstract nails, cute nails, nail tutorial, watch me work nails, blooming nails , summer nails, nail art, 3d nail art , hibiscus flower nails , double french nail , blooming flower nails , , hand painted nail art; nail inspo, nail series , clawsbytasmia #nails #nailstyle #nailsofinstagram #nailsnailsnails  #naildesign ",项目缺失
yt,8-_i81aVvCo,2026-05-22,黄莉莎,,配件,美甲灯,开箱,视频,,https://www.youtube.com/watch?v=8-_i81aVvCo,‪@beetlesgelpolish‬,项目缺失
yt,IRbI2-nJZWQ,2026-05-22,高咏欣,,彩胶,混合套组,开箱,视频,,https://www.youtube.com/watch?v=IRbI2-nJZWQ,This mini gel bottles are so cute 😍🩵Code: BECERRA10 @beetlesgelpolish,项目缺失
yt,ISJuqqRmIDw,2026-05-22,林盈盈,,彩胶,混合套组,做款,视频,1,https://www.youtube.com/watch?v=ISJuqqRmIDw,🫧🌺🩰 glassy pink floral,项目缺失
yt,S7gSRI-5l7A,2026-05-22,罗婧,,彩胶初学者套装,F13灯套装,做款,视频,,https://www.youtube.com/watch?v=S7gSRI-5l7A,CHROME NAIL HACK✨,项目缺失
yt,Uykq5MxyxvI,2026-05-22,黄莉莎,,配件,美甲灯,创意,视频,,https://www.youtube.com/watch?v=Uykq5MxyxvI,‪@beetlesgelpolish‬,项目缺失
yt,xoNljXTWHjw,2026-05-22,黄嘉丽,,构建美甲,捏捏胶,做款;成品展示,视频,,https://www.youtube.com/watch?v=xoNljXTWHjw,✨🌸😱 PERFECT SUMMER VACATION NAILS,项目缺失
yt,z5YLKVawVAU,2026-05-22,黄莉莎,,配件,美甲灯,创意,视频,,https://www.youtube.com/watch?v=z5YLKVawVAU,Beetles Rainbow Core Gel Polish Set,项目缺失
fb,122170007516891071,2026-05-21,李伊芸,,构建美甲,捏捏胶,做款,视频,,https://www.facebook.com/reel/977346105163325,"tropical hibiscus nail tutorial 🐆🌺 i’m loving this tropical nail vibe! i can’t wait to show you the FULL set! but i wanted to share a mini tutorial on this nail because it needed its own moment ✨

would you like to see more accent nail tutorials?

#tropicalnails #summernailart #3dflowernails #luxurynails #nailinspo",项目缺失
ins,DYk3wv9J1yR,2026-05-21,李伊芸,,彩胶,透色,开箱;做款,视频,,https://www.instagram.com/p/DYk3wv9J1yR/,"Instantly feel better💅
@beetlesgelpolish 
10% off code: YASMEEN10
See linktree in bio!
#beetlesgelpolish #nailtech #beetlessummervoyage #beetlesflatx #nailart",项目缺失
ins,DYk6w2_MRQK,2026-05-21,黄嘉丽,,配件,美甲灯,做款,视频,,https://www.instagram.com/p/DYk6w2_MRQK/,"🦓🌸💕 pink cat eye + zebra vibes = main character energy 
-
*_. using @beetlesgelpolish (code CLMARTYNA10 saves you 10%)
• cat eye gel”blush petal” (hems free petal charm collection)
• pro gel polish “go with it”
• pro gel art paint “toffee brown”
_
Gifted #nailart #naildesigns #nailtutorial #animalprintnails #girlynails zebra print pink cat eye nails inspo",项目缺失
ins,DYkgk93tDE-,2026-05-21,黄莉莎,,彩胶,混合套组,做款,视频,1,https://www.instagram.com/p/DYkgk93tDE-/,"Will never get enough 🤭

#nails #nailsofinstagram #naildesign #nailstyle #nailsnailsnails",项目缺失
ins,DYkoyGWSrxH,2026-05-21,李伊芸,,构建美甲,捏捏胶,做款,视频,,https://www.instagram.com/p/DYkoyGWSrxH/,"tropical hibiscus nail tutorial 🐆🌺 i’m loving this tropical nail vibe! i can’t wait to show you the FULL set! but i wanted to share a mini tutorial on this nail because it needed its own moment ✨

would you like to see more accent nail tutorials?

#tropicalnails #summernailart #3dflowernails #luxurynails #nailinspo",项目缺失
ins,DYkvB9ARyDc,2026-05-21,黄莉莎,,彩胶,混合套组,做款,视频,,https://www.instagram.com/p/DYkvB9ARyDc/,Make these pressons with me! #g59 #nailart #pressonnails #chromenails #suicideboys,项目缺失
ins,DYkxTrPOcya,2026-05-21,何嘉怡,,配件,预构建甲片套组,做款;成品展示,视频,,https://www.instagram.com/p/DYkxTrPOcya/,"Just look at this amazing PR box I got from Beetles 😭💖✨

Everything is so aesthetic and well thought out — I’m honestly obsessed 🐾💅

Can’t wait to create some beautiful sets with these products ✨

Use my code ANASTAZZJA for 10% off 💖
Product links in bio ✨

@beetlesgelpolish

#Beetlesgelpolish
#beetlesmeowgiclamp
#meowgicnaillamp
#beetlestipex
#gelx",项目缺失
ins,DYlrbF9BMsb,2026-05-21,高咏欣,,彩胶,混合套组,开箱;做款,视频,,https://www.instagram.com/p/DYlrbF9BMsb/,Set French 😍😍😍 utilize esta hermosa colección de @beetlesgelpolish 𝒞𝒪𝒟ℰ: BECERRA10 🫶🏻,项目缺失
tk,7642021802956344606,2026-05-21,黄莉莎,,假指甲,预构建甲片,做款;口播;教程,视频,,https://www.tiktok.com/@lysaslifestyle/video/7642021802956344606,Nail refresh dayyy #nails #nailinspo #fyp #gelx #gelxnails @BeetlesGelPolish ,项目缺失
tk,7642039627771104542,2026-05-21,马明慧,,配件,美甲灯,做款,视频,,https://www.tiktok.com/@thatsneida4u/video/7642039627771104542,"IG|| Glamsets.x.Neida🤍🦢

#nail #nailtech #nailart #nailtutorial #nailinspo ",项目缺失
tk,7642044266092481805,2026-05-21,李伊芸,,彩胶初学者套装,四指灯套装,品牌向,视频,,https://www.tiktok.com/@i.k__nails/video/7642044266092481805,"POV: you finally stopped saying “we should do something” and actually came outside 😭🎀🍷💅🏽

Houston Press & Pour is MAY 30TH & it’s giving:
• custom press-ons
• wine + treats
• music + vibes
• meeting new girls
• contentttt 😭
• sponsored nail kits for the first 15 girls 🎀

This is literally the cutest girls day in Houston. Don’t wait till everybody posts it after 👀

COMMENT “PRESS” for the link 💌",项目缺失
tk,7642049073419144461,2026-05-21,高咏欣,,彩胶初学者套装,纯色,开箱,视频,,https://www.tiktok.com/@badapplenails/video/7642049073419144461,"Amazon Prime Day is coming soon next month & these Beetles Deal Boxes are jam packed with literally EVERYTHING you could possibly need to do your nails at home! Shop during Prime Day & get up to 70% off (make that 80% off when you use my code) ! 

If you use my code, you will also be supporting me & my craft as I do make a small commission 🫶 *ad 

ᯓ★ ꜰᴇᴀᴛᴜʀᴇᴅ ᴘʀᴏᴅᴜᴄᴛꜱ ᯓ★

*gifted

♥︎ @BeetlesGelPolish @beetles_community  (use BADAPPLE to save $)
⤷ “Creative Flow” nail kit includes : 
⊹ 1 x 7.5ml base, top, matte & glitter coats
⊹ 1 x 7.5ml nail glue, cuticle oil & cuticle remover
⊹ UV light & adapter
⊹ cuticle fork
⊹ 1 x nail file, buffer & dust brush
⊹ handle grip nail brush
⊹ nail clippers
⊹ toe separators (2pcs)
⊹ tweezers
⊹ 5 x nail stickers
⊹ 2 x gems
⊹ 2 x nail swatches
⊹ nail tip stand set
⊹ storage box
⊹ nail tips (288 pcs)
⊹ nail wipes (100 pcs)
⊹ foil removers (20 pcs)

⠂⠄⠄⠂⠁⠁⠂⠄⠄⠂⠁⠁⠂⠄⠄⠂⠁⠁⠂⠄⠄⠂⠁⠁⠂⠄☆

#beetlesgelpolish #amazonprimeday #nailproducts #unboxingvideo #nailart ",项目缺失
tk,7642049952897584415,2026-05-21,何嘉怡,,彩胶,裸透色彩胶,开箱;刷色,视频,,https://www.tiktok.com/@nailsbycarmen92/video/7642049952897584415,"Can’t wait to use this Beetles gel colors .. 10/10 😮‍💨
@BeetlesGelPolish 
##beetlesgelpolish##gelpolish##nailtok##nailtutorial##tutorialdeuñas",项目缺失
tk,7642057876554534175,2026-05-21,高咏欣,,穿戴甲,穿戴甲款式,口播,视频,,https://www.tiktok.com/@jaykolesmittyvlogs/video/7642057876554534175,The prettiest cats eye press ons!!!🐈🌟🌸🍯💅🏼@BeetlesGelPolish #pressonnails #Beetlesnaturalmilky #Beetlespressons #beetlesgelpolish #pressons ,项目缺失
tk,7642069241478368532,2026-05-21,李伊芸,,构建美甲,捏捏胶,做款,视频,,https://www.tiktok.com/@bynicolemv/video/7642069241478368532,"tropical hibiscus nail tutorial 🐆🌺 i’m loving this tropical nail vibe! i can’t wait to show you the FULL set! but i wanted to share a mini tutorial on this nail because it needed its own moment ✨

would you like to see more accent nail tutorials?

#tropicalnails #summernailart #3dflowernails #luxurynails #nailinspo ",项目缺失
tk,7642072884998966541,2026-05-21,周紫月,,假指甲,预构建甲片套组,开箱;教程,视频,,https://www.tiktok.com/@ladybuttercakes/video/7642072884998966541,"Salon quality nails at home even for beginners like me thanks to @BeetlesGelPolish 

#beetlestipex #beetlesgelpolish #salonqualitynails ",项目缺失
tk,7642075430706498847,2026-05-21,罗惠仪,,穿戴甲,UV穿戴甲,开箱;做款,视频,,https://www.tiktok.com/@yuhh_mi/video/7642075430706498847,"My first beauty collab arrived and I'm obsessed 😍 Unboxing @Beetles
Nail Boutique💅✨
#BeautyCreator #ticktokshop #NailTok #PRpackage ",项目缺失
tk,7642080048199126302,2026-05-21,何嘉怡,,甲油胶,拍拍胶套组,做款;成品展示,视频,,https://www.tiktok.com/@j9yjay/video/7642080048199126302,"Nail vlog ⭐️⭐️⭐️
Accepting new clients 💗
📍Bridgeton, NJ 
@gelxxpixie on Ig☺️
#vlogs #dayinmylife #hardgelnails #pr #beetlesgelpolish 
@BeetlesGelPolish @Beetles Nail Boutique ",项目缺失
tk,7642080709250714913,2026-05-21,何嘉怡,,配件,预构建甲片套组,做款;成品展示,视频,,https://www.tiktok.com/@anastazzjaa_/video/7642080709250714913,"Just look at this amazing PR box I got from Beetles 😭💖✨

Everything is so aesthetic and well thought out — I’m honestly obsessed 🐾💅

Can’t wait to create some beautiful sets with these products ✨

Use my code ANASTAZZJA for 10% off 💖
Product links in bio ✨

@Beetles Nail Boutique 

#Beetlesgelpolish
#beetlesmeowgiclamp
#meowgicnaillamp
#beetlestipex
#gelx",项目缺失
tk,7642080789936606495,2026-05-21,何嘉怡,,甲油胶,彩胶,开箱,视频,,https://www.tiktok.com/@nailedbyzuly/video/7642080789936606495,°❀.࿔ #BeetlesSummerDrop #BeetlesSBD #beetlesgelpolish #nailtok #nails @BeetlesGelPolish ,项目缺失
tk,7642085366312340767,2026-05-21,何嘉怡,,彩胶,纯色,开箱,视频,,https://www.tiktok.com/@_yahairascreations/video/7642085366312340767,"perfect for summer coming up😍🎨💅🏼 @BeetlesGelPolish 
#beetlesgelpolish #beetlesnailnook #summernails #springnails #foryoupage  ",项目缺失
tk,7642087644733738254,2026-05-21,李伊芸,,彩胶,透色,开箱;做款,视频,,https://www.tiktok.com/@yasmeenmustafaa/video/7642087644733738254,"Instantly feel better💅

@BeetlesGelPolish 

10% off w/ code: YASMEEN10

See bio for link!!

#beetlesgelpolish #nailart #beetlessummervoyage #beetlesflatx",项目缺失
tk,7642096472950951198,2026-05-21,黄嘉丽,,款式创作,拍拍胶套组,做款;口播,视频,,https://www.tiktok.com/@lodusnails/video/7642096472950951198,"how to level up your gel-x sets the EASY way ofc 😏✨

@BeetlesGelPolish #nails #nailtutorial #beetlessummerdrop #beetlessbd ",项目缺失
tk,7642104332963351830,2026-05-21,黄嘉丽,,配件,美甲灯,开箱,视频,,https://www.tiktok.com/@martynawodziak/video/7642104332963351830,"gorgeous cat eye gels, pro gel supplies and the cutest flash cure lamp 🥹 with @Robert Welsh 🦇 YT video in the background keeping me company 

code CLMARTYNA10 saves you 10% off from @BeetlesGelPolish 
-
Gifted  #nailart #nailsupplies #unboxing #asmr #nails ",项目缺失
tk,7642118144827378957,2026-05-21,周紫月,,彩胶,纯色,开箱;口播,视频,,https://www.tiktok.com/@brooklynshighlights/video/7642118144827378957,Beetles Everyday Muse 20pc Gel Kit #beetlesgelpolish #beetles #nailsathomecheck #nailtutorial #foryou  @BeetlesGelPolish @beetles_community ,项目缺失
tk,7642127461727145246,2026-05-21,何嘉怡,,彩胶,裸透色彩胶,成品展示,视频,,https://www.tiktok.com/@nailsbycarmen92/video/7642127461727145246,"So clean using @BeetlesGelPolish g173 🤍🤍🤍 

#milkeywhitenails #softwhitenails #squarenails #nailtok #uñasacrilicas ",项目缺失
tk,7642142993431989518,2026-05-21,周紫月,,假指甲,预构建甲片套组,开箱;口播,视频,,https://www.tiktok.com/@venusbby88/video/7642142993431989518,I’ll show yall and update tomorrow with my settt🥱 #nailsaloncomedy #beetlesgelpolish #nailtips #nailkit #tiktokshop ,项目缺失
tk,7642158574700924191,2026-05-21,林盈盈,,彩胶初学者套装,四指灯套装,开箱,视频,,https://www.tiktok.com/@natalies.naills/video/7642158574700924191,"haul!!! hope u enjoy this video, video will be posted using these products! @BeetlesGelPolish #beetlesgelpolish #beetlesdealbox #haul #nails #fyp ",项目缺失
tk,7642160131970551053,2026-05-21,何嘉怡,,款式创作,拍拍胶套组,开箱;做款;成品展示,视频,,https://www.tiktok.com/@nailsbycarmen92/video/7642160131970551053,"Beetles Painting Nail Gel Kit = a GAME CHANGER
@BeetlesGelPolish 

#nailtok #nailday #beetlesgelpolish #uñasacrilicas #nailtutorial ",项目缺失
tk,7642169569297075486,2026-05-21,何嘉怡,,甲油胶,彩胶,开箱,视频,,https://www.tiktok.com/@nailedbyzuly/video/7642169569297075486,"posting again to link the second set lol #BeetlesSummerDrop #BeetlesSBD #beetlesgelpolish #nailtok #nails
@BeetlesGelPolish  ",项目缺失
tk,7642170275718515982,2026-05-21,周紫月,,彩胶,特色胶,开箱;口播;刷色,视频,,https://www.tiktok.com/@_odalesvillalobos_/video/7642170275718515982,Get them while u can !! #foryoupage #cateye #beetlesgelpolish #gelxnails #nailtech @BeetlesGelPolish ,项目缺失
tk,7642175172111371550,2026-05-21,罗惠仪,,彩胶,透色,开箱;做款,视频,,https://www.tiktok.com/@maymartnez5/video/7642175172111371550,#uñasvirales #uñas #tiktokshop #parati #beauty ,项目缺失
tk,7642186318100958494,2026-05-21,罗婧,,彩胶,纯色,做款,视频,,https://www.tiktok.com/@esme25sz/video/7642186318100958494,Groovy nails 💅🏼 #BeetlesSummerVoyage #Beetlesgelpolish #BeetlesSummerBucketList #nailart,项目缺失
tk,7642281346856914206,2026-05-21,何嘉怡,,彩胶,特色胶,做款;成品展示,视频,,https://www.tiktok.com/@americasnails_/video/7642281346856914206,So cute 🫧💫🌟 #cateye #almondnails #nailtutorial #nailvideos #nailart ,项目缺失
fb,1557826272341910,2026-05-20,黄莉莎,,彩胶,混合套组,做款,视频,1,https://www.facebook.com/reel/796894586692336,,项目缺失
ins,DYhvSvAOMjU,2026-05-20,黄莉莎,,彩胶,混合套组,开箱;刷色,视频,,https://www.instagram.com/p/DYhvSvAOMjU/,"Beetles Refined Everyday Gel Polish Set | HEMA FREE & TPO FREE 👀
@beetles_community
@beetlesgelpolish #beetlesgelpolish",项目缺失
ins,DYiH8s8ywRh,2026-05-20,高咏欣,,彩胶,纯色,做款,视频,,https://www.instagram.com/p/DYiH8s8ywRh/,"Part 19: Kurapika kurt 
.
Want to see more content like this ?
Follow @glambyjalina
.
.
#anime #animenails #pressonnails #hunterhunter #kurapika",项目缺失
ins,DYiOSfbve7N,2026-05-20,黄莉莎,,彩胶初学者套装,预构建甲片套组,做款,视频,,https://www.instagram.com/p/DYiOSfbve7N/,"my first time doing my nails at home and I’m obsessed!! @beetlesgelpolish 💌

use my code ANAVITORIA 

all links in my bio 🔗 

#beetlesgelpolish #summernails #nailtech",项目缺失
ins,DYiY_LfqL-Y,2026-05-20,何嘉怡,,配件,美甲灯,做款;成品展示,视频,,https://www.instagram.com/p/DYiY_LfqL-Y/,"Fruit Nails 🍇🥭🍉🍓🥝

Created this set using products from @beetlesgelpolish 
I used the Beetles Summer Voyage Summer Specials and Beetles Summer Voyage Sunstripe collections, along with the Beetles Meowgic StrawPurr Nail Lamp to complete this design 🍊

The lamp has honestly been one of my favorite products to work with lately🙂‍↕️

Shop on Amazon and use my code SASHANAILS for 10% off 🙂‍↕️
Link in bio/Linktree

Join the Beetles Nail Challenge and show your summer nail designs ☀️

#beetlesgelpolish #beetlesmeowgiclamp #meowgicnaillamp beetlesgooseneck uvnaillamp",项目缺失
ins,DYifaz_xftx,2026-05-20,黄莉莎,,彩胶初学者套装,F13灯套装,开箱;成品展示,视频,,https://www.instagram.com/p/DYifaz_xftx/,"Soft glow, dreamy shimmer, and endless nail possibilities ✨ The @beetlesgelpolish Illusion Glow Gel Nail Kit gives the perfect luminous finish whether you’re creating salon sets or practicing at home. Which shade would you try first? 💅

#beetlesgelpolish #nailtech #beginnernailtech #beginnernails #nailsathome",项目缺失
ins,DYim-TKKPWN,2026-05-20,李伊芸,,彩胶初学者套装,四指灯套装,品牌向,视频,,https://www.instagram.com/p/DYim-TKKPWN/,"Still smiling thinking about Sundayyy 🩷🎀 Thank you to every single girl who came out to my FIRST Press & Pour event! This idea has literally been sitting in my notes since 2019 & seeing it finally come to life was everything 😭🫶🏼🥂

A huge thank you to
@beetlesgelpolish for sponsoring the nail art kits 🎀
@justbakedd01 for the prettiest treats 🧁
@hertique_  outfit 😍

Next Press & Pour: May 30th in HOUSTON 💅🏽🍷

Grab your ticket through the link in my bio!↗️",项目缺失
ins,DYioDAht3rc,2026-05-20,黄莉莎,,彩胶,混合套组,做款,视频,,https://www.instagram.com/p/DYioDAht3rc/,#nailart #pressonnails #nailsofinstagram #nailvlog #nailtutorial,项目缺失
ins,DYj7c7uARME,2026-05-20,黄莉莎,,彩胶,混合套组,做款,视频,1,https://www.instagram.com/p/DYj7c7uARME/,,项目缺失
ins,DYjtkPcRy-y,2026-05-20,黄莉莎,,彩胶,混合套组,做款,视频,,https://www.instagram.com/p/DYjtkPcRy-y/,Make pressons with me! #chromenails #goldnails #nailvlog #pressonnails #nailart,项目缺失
ins,DYkDJaHTCfN,2026-05-20,罗婧,,功能胶,晕染胶,做款,视频,1,https://www.instagram.com/p/DYkDJaHTCfN/,Summer nails 🩵💛🩷 #nailart #neonnails #shortnails #almondnails #uñasdecoradas,项目缺失
ins,DYkHiH-x8Rn,2026-05-20,高咏欣,,彩胶,透色,做款,视频,,https://www.instagram.com/p/DYkHiH-x8Rn/,"Showing off this amazing Summer Voyage Collection again!!
@beetlesgelpolish thank you again for sending these over to me!!
•Perfect for Summer
•TPO/HEMA FREE
CLICK THE LINK IN MY BIO AND USE MY CODE (THECLAWLAB) FOR 10% OFF
_
_
_
The Claw Lab | Gel-X & Gel Specialist
Clean prep. Strong structure. 
+
Book your next appointment with The Claw Lab —

Kingwood 77339
#theclawlab #summervoyage #beetlesgelpolish",项目缺失
ins,DYkOLrixJPC,2026-05-20,高咏欣,,彩胶初学者套装,纯色,开箱,视频,,https://www.instagram.com/p/DYkOLrixJPC/,"Amazon Prime Day is coming soon next month & these Beetles Deal Boxes are jam packed with literally EVERYTHING you could possibly need to do your nails at home! Shop during Prime Day & get up to 70% off (make that 80% off when you use my code) ! 

If you use my code, you will also be supporting me & my craft as I do make a small commission 🫶 *ad 

ᯓ★ ꜰᴇᴀᴛᴜʀᴇᴅ ᴘʀᴏᴅᴜᴄᴛꜱ ᯓ★

*gifted

♥︎ @beetlesgelpolish (use BADAPPLE to save $)
⤷ “Creative Flow” nail kit includes : 
⊹ 1 x 7.5ml base, top, matte & glitter coats
⊹ 1 x 7.5ml nail glue, cuticle oil & cuticle remover
⊹ UV light & adapter
⊹ cuticle fork
⊹ 1 x nail file, buffer & dust brush
⊹ handle grip nail brush
⊹ nail clippers
⊹ toe separators (2pcs)
⊹ tweezers
⊹ 5 x nail stickers
⊹ 2 x gems
⊹ 2 x nail swatches
⊹ nail tip stand set
⊹ storage box
⊹ nail tips (288 pcs)
⊹ nail wipes (100 pcs)
⊹ foil removers (20 pcs)

⠂⠄⠄⠂⠁⠁⠂⠄⠄⠂⠁⠁⠂⠄⠄⠂⠁⠁⠂⠄⠄⠂⠁⠁⠂⠄☆

#beetlesgelpolish #amazonprimeday #nailproducts #nails #nailartist",项目缺失
tk,7641606292930350349,2026-05-20,周紫月,,穿戴甲,UV穿戴甲,开箱;口播,视频,,https://www.tiktok.com/@jhemfemme/video/7641606292930350349,"These pastel press-ons from @BeetlesGelPolish are SO pretty for spring and summer 💅 The colors, shine, and quality are actually really nice. 
#ad #BeetlesSummerDrop #BeetlesSBD #pressonnails #pastelnails",项目缺失
tk,7641643420871691533,2026-05-20,林盈盈,,彩胶,纯色,做款,视频,,https://www.tiktok.com/@cibxcelly/video/7641643420871691533,Join the Nail Art Challenge @BeetlesGelPolish ! Link in bio for the polishes 🔗✨ #BeetlesNailChallenge #denvernailtech #nailartvideos #nailtutorial #paratii ,项目缺失
tk,7641651105817955615,2026-05-20,马明慧,,配件,美甲灯,开箱;做款,视频,,https://www.tiktok.com/@thatsneida4u/video/7641651105817955615,"IG|| Glamsets.x.Neida✨🦢🪞

@BeetlesGelPolish 

#nail #nailtech #nailart #nailtutorial #nailinspo ",项目缺失
tk,7641666362523405582,2026-05-20,罗惠仪,,彩胶,混合套组,开箱,视频,,https://www.tiktok.com/@alliemarie096/video/7641666362523405582,open my pr package with me! #pr #prpackages #beetlesgelpolish #nailtok #microinfluencer ,项目缺失
tk,7641667409908206862,2026-05-20,何嘉怡,,假指甲,预构建甲片套组,开箱;刷色,视频,,https://www.tiktok.com/@alycialoveae/video/7641667409908206862,They feel like acrylic I love it 😍✨👏 @BeetlesGelPolish #beetlestipex #beetlesgelpolish #nailkit #athomenails ,项目缺失
tk,7641687270193466646,2026-05-20,何嘉怡,,配件,预构建甲片套组,开箱,视频,,https://www.tiktok.com/@mollsbae/video/7641687270193466646,@Beetles Nail Studio !! THANK U SO MUCH!!! #pr #beetles #nail #nailinspo ,项目缺失
tk,7641706802911972639,2026-05-20,黄莉莎,,假指甲,预构建甲片,成品展示,视频,,https://www.tiktok.com/@lysaslifestyle/video/7641706802911972639,🫡🫡 #nails #nailinspo @BeetlesGelPolish #fyp #gelx #gelxnails ,项目缺失
tk,7641714796966022431,2026-05-20,高咏欣,,穿戴甲,UV穿戴甲,开箱,视频,,https://www.tiktok.com/@purekimmy/video/7641714796966022431,in love with these cat eye press ons 🫧🎀 #beetlesgelpolish #beetlesgelx #tiktokshop #pressonnails #cateyepressonnails ,项目缺失
tk,7641724742101224735,2026-05-20,黄莉莎,,假指甲,预构建甲片套组,开箱;口播,视频,,https://www.tiktok.com/@marielos_91/video/7641724742101224735,"Beetles | Kit de uñas con 256 piezas en 16 tamaños y en diferentes formas.

Incluye;
Pegamento, Base coat, Top coat, preparación de uñas, lima y mini lámpara UV.. 

@BeetlesGelPolish 

#beetles 
#diynails 
#tipexnails 
#beetlesgelpolish 
#tiktokshopcreatorpicks ",项目缺失
tk,7641729930652421406,2026-05-20,李伊芸,,彩胶,透色,做款;口播,视频,,https://www.tiktok.com/@ultrasecretbridget/video/7641729930652421406,"Come do press ons with me using the new @BeetlesGelPolish summer sets!

The most perfect sets for your own summer nails!
🩵Beetles Seasalt Holiday set
🩵Beetles Summer Specials 
Use code BYBRIDGET10
(all product links in my bio!)

Instagram: @beetlesgelpolish
#beetlesgelpolish #nailtech #BeetlesSummerVoyage 
#viral #nails ",项目缺失
tk,7641737529426775326,2026-05-20,周紫月,,构建美甲,预构建甲片套组,开箱;做款;口播,视频,,https://www.tiktok.com/@s.renee_nailz/video/7641737529426775326,"Come make a summer themed nail with me! Product used:
Beetles Rainbow Core Gel Polish Set

Join the Beetles Nail Challenge on Instagram for a chance to get featured

@BeetlesGelPolish 
#beetlesgelpolish #BeetlesDealBox #BeetlesNailChallenge",项目缺失
tk,7641743376823389453,2026-05-20,何嘉怡,,配件,美甲灯,做款;成品展示,视频,,https://www.tiktok.com/@sashanailss/video/7641743376823389453,"Fruit Nails 🍇🥭🍉🍓🥝

Created this set using products from @BeetlesGelPolish 
I used the Beetles Summer Voyage Summer Specials and Beetles Summer Voyage Sunstripe collections, along with the Beetles Meowgic StrawPurr Nail Lamp to complete this design 🍊

The lamp has honestly been one of my favorite products to work with lately🙂‍↕️

Shop on Amazon and use my code SASHANAILS for 10% off 🙂‍↕️
Link in bio/Linktree

Join the Beetles Nail Challenge and show your summer nail designs ☀️

#beetlesgelpolish #beetlesmeowgiclamp #meowgicnaillamp #BeetlesSummerVoyage #BeetlesSummerBucketList ",项目缺失
tk,7641745486352780558,2026-05-20,周紫月,,功能胶,胶水,做款;口播,视频,,https://www.tiktok.com/@avanacco/video/7641745486352780558,nails again #nails,项目缺失
tk,7641755772409498887,2026-05-20,黄莉莎,,彩胶初学者套装,预构建甲片套组,做款,视频,,https://www.tiktok.com/@anavitoriaceglia/video/7641755772409498887,"my first time doing my nails at home and I’m obsessed! @BeetlesGelPolish 🌸🦩

use my code ANAVITORIA 

all links in bio and in my board 🔗
 #beetlesgelpolish #summernails #nailtutorial #nailsathome ",项目缺失
tk,7641757463787752734,2026-05-20,何嘉怡,,彩胶,混合套组,做款;教程;成品展示,视频,,https://www.tiktok.com/@schantalkarin/video/7641757463787752734,"Día 1 recreando diseños para llenar mi nail book 🫒🩰🍸✨

 #pressonnails #nailtutorial ",项目缺失
tk,7641763436052974862,2026-05-20,周紫月,,假指甲,预构建甲片套组,开箱;口播,视频,,https://www.tiktok.com/@laceymaek/video/7641763436052974862,i love it so much !! #beetlesgelpolish #beetlesnailpolish #beetlesnailkit @BeetlesGelPolish @beetles_community  ,项目缺失
tk,7641763635064294669,2026-05-20,罗惠仪,,功能胶,橡胶底胶,做款,视频,,https://www.tiktok.com/@ava67691/video/7641763635064294669,Use code BTAVA676 for 10% off this set in my Amazon Storefront! The link is in my bio 🫶 #beetlesgelpolish #rubberbase #nailgrowth #naturalnails #nailtok @BeetlesGelPolish ,项目缺失
tk,7641781364810992926,2026-05-20,何嘉怡,,穿戴甲,UV穿戴甲,开箱;刷色;成品展示,视频,,https://www.tiktok.com/@j9yjay/video/7641781364810992926,"Easy, quick and cute to do at home⭐️
@BeetlesGelPolish  @Beetles Nail Studio 
#vlogs #xyzbca #dayinmylife #pr #beetles ",项目缺失
tk,7641850607313161503,2026-05-20,何嘉怡,,款式创作,拉线胶,成品展示,视频,,https://www.tiktok.com/@heidy_beltrand/video/7641850607313161503,"Cuando eres tu propia manicurista… y jamás andas con las uñas descuidadas 💅🏽💕✨  

Para mí, mis uñas también son parte de mi presentación.  
Si yo le dedico amor y detalle a mis propias manos, imagínate el nivel de perfección que quiero para mis clientas 💖

Ellas  aman ver mis uñas porque hasta inspiran ideas para sus próximas citas 🫶✨  

Y recuerda que si tu vendes  belleza eres tú  propia marca de presentación hacia el mundo, marca la diferencia e  INSPIRA..💫

¿Ustedes también juzgan el trabajo de una manicurista por cómo lleva sus propias uñas? 👀💅

@BeetlesGelPolish gel delineadores color pastel 

#uñasentendencia #beetlesgelpolish #manicuristaprofesional #frenchnails #nailtech ",项目缺失
tk,7641961669924523278,2026-05-20,周紫月,,假指甲,预构建甲片套组,开箱;口播;成品展示,视频,,https://www.tiktok.com/@itsmejellyxo/video/7641961669924523278,We save when we can… doing your own nails at home should be on the list of things we can all do. @BeetlesGelPolish #beetlesgelx #nails #gelxnails #tiktokshopsparkcreator #TTSpringBeauty ,项目缺失
tk,7641976918375468318,2026-05-20,罗婧,,功能胶,晕染胶,做款,视频,,https://www.tiktok.com/@esme25sz/video/7641976918375468318,Summer nails 🩵💛🩷 #nailart #neonnails #shortnails #almondnails #uñasdecoradas ,项目缺失
tk,7641984557926878478,2026-05-20,周紫月,,假指甲,预构建甲片套组,口播;成品展示,视频,,https://www.tiktok.com/@ohhkay111/video/7641984557926878478,super easy #beetlesgelpolish #summervibes #tiktokshopmemorialday #tiktokshopcreatorpicks ,项目缺失
fb,1556941809097023,2026-05-19,黄莉莎,,彩胶,粘钻胶,做款,视频,,https://www.facebook.com/reel/868916099581079,,项目缺失
ins,DYf5_SXx5h1,2026-05-19,黄嘉丽,,彩胶,纯色,做款,视频,1,https://www.instagram.com/p/DYf5_SXx5h1/,classy sassy graduation nails🎓😛📝💓🫂,项目缺失
ins,DYf9TC7BEes,2026-05-19,罗婧,,彩胶,混合套组,创意,视频,,https://www.instagram.com/p/DYf9TC7BEes/,El nivel de paz que da organizar productos de uñas >>> ✨ les dejo el link y me bio ✨🌸#nails #nailaddict #chrome #nailtech #beetlesgelpolish @beetlesgelpolish,项目缺失
ins,DYfJHUiT46C,2026-05-19,林盈盈,,彩胶,预构建甲片套组,做款,视频,,https://www.instagram.com/p/DYfJHUiT46C/,"Milky Pastel Abstract Nails,
🔽 Used in video 🔽
· Beetles TIPEX Tips Kit
· Beetles Base Coat
· Beetles Jelly Veil Gel Polish Set

Beetles 10% off – Code:Vanki10

Link in bio 🛍️

*affiliate *ad

#beetles #BeetlesDealBox #beetlesgelpolish #BeetlesNailChallenge
#nailart",项目缺失
ins,DYfN2jquG2d,2026-05-19,李伊芸,,构建美甲,捏捏胶,做款,视频,,https://www.instagram.com/p/DYfN2jquG2d/,"Blueberries🫐💜

Using @gelcare Cornflower Blue, Granite Purple, Cobalt Blue, Velveteen 
@beetlesgelpolish Solid Builder Gel
Linked in my Amazon sf in my bio!

#blueberrynails #purplenails #bluenails #auranails #3dnailart 3d blueberry nail art, aura nails, summer nail inspo",项目缺失
ins,DYfZqs1xwwT,2026-05-19,黄莉莎,,彩胶,混合套组,做款,视频,,https://www.instagram.com/p/DYfZqs1xwwT/,10 client nail day! #pressonnails #nailvlog #nailaddict #summernails #gelnails,项目缺失
ins,DYfdhVAgpm4,2026-05-19,高咏欣,,彩胶,纯色,做款,视频,,https://www.instagram.com/p/DYfdhVAgpm4/,"Hunter xHunter 
.
#hunterxhunter #kurapika #anime #animes #pressons",项目缺失
ins,DYgJbpTTp5m,2026-05-19,黄莉莎,,配件,美甲灯,开箱;创意,视频,,https://www.instagram.com/p/DYgJbpTTp5m/,"Cutest Nail Lamp Ever🎀🍓 Disfruté muchísimo el proceso de decorar mi lámpara nueva, fue mi primera vez haciéndolo y fui fan🤩

Es la UV&LED Candy Nail Lamp de @beetlesgelpolish y me encantó porque es más amplia de lo normal, su interior mide 17cm de ancho, tiene 33 focos LED mega bien distribuidos para un curado perfecto, sensor automático y timer de 30s, 60s y 90s 🫶🏼 La encuentras en su sitio web y Amazon; tienes el link en mi perfil ✨
.
.
#beetlescandylamp #candynaillamp #naillamp #uvlednaillamp #asmrnails",项目缺失
ins,DYhVHcRjPxv,2026-05-19,黄莉莎,,彩胶,粘钻胶,做款,视频,,https://www.instagram.com/p/DYhVHcRjPxv/,"Using @beetlesgelpolish 
Dessert Feast",项目缺失
ins,DYhe6yJCq2F,2026-05-19,何嘉怡,,配件,美甲笔,做款;成品展示,视频,,https://www.instagram.com/p/DYhe6yJCq2F/,"blue summer nails 🦋🌊🐚💙
recreating a nail design by @bynicolemv using the Nail Art Brushes and Blooming Gel Set* from @beetlesgelpolish 
the blooming gel design looks so pretty 💙 also used a blue cat eye gel, gold chrome powder, builder gel for the 3d elements, little pearls and gold beads for the details 🐚

___
*gifted

•

•

#flowernails #3dnails #bluenails #cateyenails #summernails",项目缺失
ins,DYhkWWlBAt7,2026-05-19,黄嘉丽,,款式创作,拉线胶,做款,视频,,https://www.instagram.com/p/DYhkWWlBAt7/,So cute I could eat them 😋💅🎠 #nails #DIY #beauty animal cracker gel nails at home,项目缺失
tk,7641267928553377055,2026-05-19,林盈盈,,彩胶,预构建甲片套组,做款,视频,,https://www.tiktok.com/@vankinails/video/7641267928553377055,"Milky Pastel Abstract Nails,

🔽 Used in video 🔽
· Beetles TIPEX Tips Kit
· Beetles Base Coat
· Beetles Jelly Veil Gel Polish Set

Beetles 10% off – Code:vanki

Link in bio 🛍️

*affiliate *ad

#beetles #BeetlesDealBox #beetlesgelpolish #BeetlesNailChallenge
#nailart",项目缺失
tk,7641314185346944287,2026-05-19,李伊芸,,构建美甲,捏捏胶,做款,视频,,https://www.tiktok.com/@nailshuney/video/7641314185346944287,"Blueberries🫐💜

Using @GELCARE® Cornflower Blue, Granite Purple, Cobalt Blue, Velveteen 
@BeetlesGelPolish Solid Builder Gel
Linked in my Amazon sf in my bio!

#blueberrynails #purplenails #bluenails #auranails #3dnailart 3d blueberry nail art, aura nails, summer nail inspo ",项目缺失
tk,7641346338763853086,2026-05-19,周紫月,,构建美甲,纯色,开箱;口播,视频,,https://www.tiktok.com/@emmynailedit/video/7641346338763853086,Beetles unboxing!!  @BeetlesGelPolish Thank you I love it!! #nails #unboxingvideo #pr #nails #fyp ,项目缺失
tk,7641346357315374366,2026-05-19,何嘉怡,,彩胶,纯色,开箱,视频,,https://www.tiktok.com/@nailzbyvesha/video/7641346357315374366,They're so pigmented and the colors are really pretty! #fyp #beetlesgelpolish #beginnernailtech #nailtok ,项目缺失
tk,7641352665716264223,2026-05-19,黄莉莎,,甲油胶,彩胶,开箱;口播,视频,,https://www.tiktok.com/@marielos_91/video/7641352665716264223,"Beetles | kit de esmaltes en gel Beetles un 20 tonos con efecto cat eye,  ideal para principiantes o para quienes aman cambiar el diseño de sus uñas seguido. ✨

@BeetlesGelPolish

#beetles 
#cateyegel 
#beetlesgelpolish
#gelnailsathome #tiktokshopcreatorpicks",项目缺失
tk,7641378063036484877,2026-05-19,黄嘉丽,,彩胶,纯色,做款,视频,1,https://www.tiktok.com/@llolfashiondump/video/7641378063036484877,classy sassy graduation nails😝👩🏻‍🎓🩷,项目缺失
tk,7641410513041132831,2026-05-19,黄嘉丽,,彩胶,20色猫眼彩胶,开箱;刷色,视频,,https://www.tiktok.com/@lodusnails/video/7641410513041132831,"our nails are about to be whimsical AF this summer 😝💫

@BeetlesGelPolish #nails #beetlessummerdrop #beetlessbd ",项目缺失
tk,7641411125149551902,2026-05-19,马明慧,,彩胶,混合套组,做款,视频,,https://www.tiktok.com/@thepolishpixie/video/7641411125149551902,"4 client nail day as a natural nail artist in Houston, Tx✨

#buildergelnails #drypedicure #russianpedicure #nailinspo #houstonnailtech ",项目缺失
tk,7641413317474454815,2026-05-19,黄莉莎,,假指甲,预构建甲片套组,开箱;口播,视频,,https://www.tiktok.com/@lysaslifestyle/video/7641413317474454815,this @BeetlesGelPolish kit is PERFECT for starters and they’re having the BIGGEST sale of the year! #fyp  #gelx #gelxnails #beetlessummerdrop #beetlessbd ,项目缺失
tk,7641444277523893517,2026-05-19,罗婧,,穿戴甲,穿戴甲款式,做款;口播,视频,,https://www.tiktok.com/@luthmila_/video/7641444277523893517,"I love me a milky white nail 🤍 Press one by @BeetlesGelPolish 

#Beetlesgelpolish #BeetlesNaturalMilky #pressonnails ",项目缺失
tk,7641454778450447629,2026-05-19,罗惠仪,,彩胶,预构建甲片套组,做款,视频,,https://www.tiktok.com/@carlamartinez12/video/7641454778450447629,"Nailllssss of the week💅🩷

@BeetlesGelPolish 

#nailinspo #summernails #beetlesgelpolish #nailart #nailsartvideos ",项目缺失
tk,7641468428343151903,2026-05-19,黄嘉丽,,款式创作,拉线胶,做款,视频,,https://www.tiktok.com/@serenaneel/video/7641468428343151903,So cute I could eat them 😋💅🎠 #nails #DIY #beauty animal cracker gel nails at home,项目缺失
tk,7641533773166759199,2026-05-19,罗婧,,配件,美甲笔,做款;口播;创意,视频,,https://www.tiktok.com/@nailz.by_lily/video/7641533773166759199,spend a day with me and @BeetlesGelPolish!!! All products are linked in my Instagram!,项目缺失
tk,7641604975759510817,2026-05-19,何嘉怡,,配件,美甲笔,做款;成品展示,视频,,https://www.tiktok.com/@annas.nailfeed/video/7641604975759510817,"blue summer nails 🦋🌊🐚💙
recreating a nail design by @bynicolemv using the Nail Art Brushes and Blooming Gel Set* from @BeetlesGelPolish 
the blooming gel design looks so pretty 💙 also used a blue cat eye gel, gold chrome powder, builder gel for the 3d elements, little pearls and gold beads for the details 🐚

___
*gifted

•

•

#flowernails #3dnails #bluenails #cateyenails #summernails",项目缺失
yt,CRVokOUa3Jg,2026-05-19,黄嘉丽,,款式创作,拉线胶,做款,视频,,https://www.youtube.com/watch?v=CRVokOUa3Jg,So cute I could eat them 😋💅🎠,项目缺失
yt,dKwPV3viwxI,2026-05-19,罗惠仪,,彩胶,纯色,做款,视频,,https://www.youtube.com/watch?v=dKwPV3viwxI,Vb nails!,项目缺失
yt,o5jCRUsGe6M,2026-05-19,何嘉怡,,配件,美甲笔,做款;成品展示,视频,,https://www.youtube.com/watch?v=o5jCRUsGe6M,blue summer nails,项目缺失
yt,sxFEzZZH6i0,2026-05-19,黄莉莎,,彩胶,混合套组,开箱;刷色,视频,,https://www.youtube.com/watch?v=sxFEzZZH6i0,‪@beetlesgelpolish‬,项目缺失
fb,1556100325847838,2026-05-18,黄莉莎,,彩胶,纯色,做款,视频,1,https://www.facebook.com/reel/831882343228432,,项目缺失
ins,DYclhaCt2M4,2026-05-18,罗婧,,配件,美甲笔,做款;口播;创意,视频,,https://www.instagram.com/p/DYclhaCt2M4/,"Spend a 7 client nail with day with me with @beetlesgelpolish 

All products used are linked in my bio 💅
Code: 2026LILY (10% off)

- Beetles Studio Essentials Gel Nail Kit

- Beetles Summer Voyage Summer Specials

- Beetles Meowgic MilkKitty Nail Lamp

- Beetles Sweet Swirl Nail Art Brushes Set",项目缺失
ins,DYct1yXRFyb,2026-05-18,黄嘉丽,,彩胶,纯色,做款;成品展示,视频,,https://www.instagram.com/p/DYct1yXRFyb/,"✨🌸 Blooming Gel Flowers so fun and bright. They are all so unique and cute. Used @beetlesgelpolish Summer 36 Colors Gel Nail Polish Kit. There’s so many bright and fun colors 😍

Use Code 👉🏼 BTANITAUS10 - Save 10% 🛒 
Link in bio

#beetlesgelpolish #bloomingflowers #nailart #unhas #summernails 

Blooming gel nail art summer inspired bright neon fun trend flower pink blue purple yellow cyan",项目缺失
ins,DYdEolgieoS,2026-05-18,何嘉怡,,彩胶,纯色,成品展示,图片,,https://www.instagram.com/p/DYdEolgieoS/,@beetlesgelpolish 💖,项目缺失
ins,DYe78Yfu5UO,2026-05-18,林盈盈,,彩胶初学者套装,四指灯套装,做款,视频,1,https://www.instagram.com/p/DYe78Yfu5UO/,"I created a nail design using only these 5 shades from the Beetles Studio Essentials Gel Nail Kit 💅🏾✨ which combo is your favorite? join the Beetles Nail Challenge & recreate your own look! @beetlesgelpolish es

Code: AISEBRUSH

#BeetlesGelPolish #BeetlesDealBox #BeetlesNailChallenge #nailart #gelnails",项目缺失
ins,DYelVmUi47N,2026-05-18,何嘉怡,,构建美甲,预构建甲片,做款;成品展示,视频,,https://www.instagram.com/p/DYelVmUi47N/,"flower nails ✨🌷☁️
using the @beetlesgelpolish Tipex Lite* medium stilettos nail tips & the PRO Poetry of Garden* gel polish set to make some press-ons 🌸
The Tipex Lite tips are extremely sturdy and work the best for flat nail beds! The gel polish set really has everything you will need to make nails, from the essential base/top coats, 18x 15ml gel polish bottles, patting/painting gels, professional nail brushes, nail files and cuticle nippers... such a good nail set! 
I used these to create a spring/summer design using 3d solid gel, some rhinestones & gold chrome powder for some sprakly details ✨

___
*gifted, 🔗 in bio, code TPANNAS10 for savings! 

•

•

#beetlesgelpolish #beetlespro #BeetlesTipexLite #Stilettonails #3dnails",项目缺失
ins,DYevufACEK-,2026-05-18,黄莉莎,,彩胶,纯色,做款,视频,,https://www.instagram.com/p/DYevufACEK-/,"Using @beetlesgelpolish
🌸SONATA SPRING BOX

#beetlesqelpolish #sonatasping
#springtime",项目缺失
ins,DYfA97Hxgc0,2026-05-18,何嘉怡,,彩胶,特色胶,做款;成品展示,视频,,https://www.instagram.com/p/DYfA97Hxgc0/,"Loving all the colorful gems 💎 find the colors used in my bi0 and use c0de ALASIANN 💕@beetlesgelpolish 
.
.
#beetlesnailnook #beetlescateye #cateyenails #beetlesgelpolish #nailart",项目缺失
tk,7640897670894095647,2026-05-18,何嘉怡,,甲油胶,彩胶,开箱;做款;成品展示,视频,,https://www.tiktok.com/@alissnailss/video/7640897670894095647,"Nailtechs need this collection asap😍
-80% off starting 5/28-6/3
@beetlesgelpolishofficial
-#BeetlesSummerDrop #BeetlesSBD #cateyenails #nailtutorial #buildergelnails ",项目缺失
tk,7640912274630233375,2026-05-18,林盈盈,,假指甲,预构建甲片套组,成品展示,视频,,https://www.tiktok.com/@luxenoirpressons0/video/7640912274630233375,"Beetles Tipex will always have my heart 🥹🫶🏼💅🏽
.
#summervibes #tiktokshopcreatorpicks #beetlesgelpolish #dealsforyoudays #diynails ",项目缺失
tk,7640915387516849421,2026-05-18,周紫月,,假指甲,预构建甲片套组,开箱;口播;成品展示,视频,1,https://www.tiktok.com/@avanacco/video/7640915387516849421,love these sm ive been using them for like a year,项目缺失
tk,7640921644369775893,2026-05-18,黄嘉丽,,彩胶,纯色,做款;成品展示,视频,,https://www.tiktok.com/@dipoliciousnailz/video/7640921644369775893,"✨🌸 Blooming Gel Flowers so fun and bright. They are all so unique and cute. Used @BeetlesGelPolish Summer 36 Colors Gel Nail Polish Kit. There’s so many bright and fun colors 😍

Use Code 👉🏼 BTANITAUS10 - Save 10% 🛒 
Link in bio

#beetlesgelpolish #bloomingflowers #nailart #unhas #summernails 

Blooming gel nail art summer inspired bright neon fun trend flower pink blue purple yellow cyan ",项目缺失
tk,7640923777089539358,2026-05-18,何嘉怡,,彩胶初学者套装,F13灯套装,开箱,视频,,https://www.tiktok.com/@nailzbyvesha/video/7640923777089539358,this kit is everything 😍😍 #beetlesgelpolish #fy #beginnernailtech #beginnerfriendly @BeetlesGelPolish ,项目缺失
tk,7640929765855137055,2026-05-18,李伊芸,,彩胶初学者套装,预构建甲片,做款;口播,视频,,https://www.tiktok.com/@winn.kennedy/video/7640929765855137055,thank you @BeetlesGelPolish #nails #beetlesgelpolish #domynailswithme #gelx #summernails ,项目缺失
tk,7640946125754600718,2026-05-18,罗惠仪,,彩胶,混合套组,开箱;刷色,视频,,https://www.tiktok.com/@joselingc19/video/7640946125754600718,Respuesta a @maira lemos 🥰 gel de alta pigmentación de beetles #gelpolish #gelnail #manicure #SummerVibes #newdropsforyou ,项目缺失
tk,7640950174252010766,2026-05-18,周紫月,,彩胶,纯色,做款;口播,视频,,https://www.tiktok.com/@ciaramariedatzme_/video/7640950174252010766,"Come onnn .. the ORANGEE 😍!! I love some bright colors!! 

#beetlesgelpolish#pedicure#toenail#nail#naturalnails",项目缺失
tk,7640970611031887117,2026-05-18,何嘉怡,,甲油胶,彩胶,开箱;口播,视频,,https://www.tiktok.com/@hmmkenya/video/7640970611031887117,,项目缺失
tk,7640970737267920142,2026-05-18,何嘉怡,,穿戴甲,UV穿戴甲,教程;成品展示,视频,,https://www.tiktok.com/@alycialoveae/video/7640970737267920142,The best press on kit I’ve had😍✨ @BeetlesGelPolish #diynails #athomenails #beetlesgelpolish #nailsalon #beetles ,项目缺失
tk,7640983554981252365,2026-05-18,周紫月,,假指甲,预构建甲片套组,做款;口播,视频,,https://www.tiktok.com/@brooklynshighlights/video/7640983554981252365,Beetles TipEx Gel Kit🙌🏼✨🤍 #beetlestipex #beetlesgelpolish #foryou #nailsathome #nailtutorial @BeetlesGelPolish ,项目缺失
tk,7641016858304417054,2026-05-18,罗惠仪,,彩胶,纯色,开箱,视频,,https://www.tiktok.com/@youluvvpiper/video/7641016858304417054,loveee😍😍!!! #fy #beetlesgelpolish #gelpolish #gel #nailsartvideos ,项目缺失
tk,7641033016151641375,2026-05-18,何嘉怡,,彩胶,纯色,开箱;做款;成品展示,视频,,https://www.tiktok.com/@nailssxizzyyy/video/7641033016151641375,"love @beetlesgelpolishofficial downnn  #beetlesgelpolish
#beetlesnailnook #nailtech #beginnernailtech #nailsoftiktok ",项目缺失
tk,7641042476760861982,2026-05-18,何嘉怡,,彩胶,混合套组,开箱;成品展示,视频,,https://www.tiktok.com/@luxeloopl/video/7641042476760861982,"The mess is worth it every time, I’m in love with this set and the @BeetlesGelPolish Winter Fantasy gel Polish set.. 

#beetlesgelpolish #PressOnNails #NailTech #3dflowersnails #SmallBusiness 

* messy nail desk
* nail desk transformation
* nail process video
* handmade press on nails
* custom nail set process
* nail tech workspace
* nail artist behind the scenes
* realistic nail tech life
* nail content creator
* nail room mess
* luxury press on nails
* 3D nail art process
* nail set reveal
* beginner nail tech journey
* small business nail orders",项目缺失
tk,7641061163081518350,2026-05-18,黄嘉丽,,穿戴甲,预设计穿戴甲套组,成品展示,视频,,https://www.tiktok.com/@eliany.v12/video/7641061163081518350,Best French tips press on ✨🙈🎀 @BeetlesGelPolish #gelpolish #almondnails #pressonnails #diynails ,项目缺失
tk,7641078098338811167,2026-05-18,马明慧,,彩胶,透色,开箱,视频,,https://www.tiktok.com/@unicornbaii/video/7641078098338811167,Tysm beetles!! Go buy these beautiful summer shades!!!!!!!@BeetlesGelPolish #fyp #nails #nailjourney #beginnernailtech ,项目缺失
tk,7641082389346782478,2026-05-18,何嘉怡,,彩胶,纯色,开箱;刷色,视频,,https://www.tiktok.com/@hazel.palacios/video/7641082389346782478,"20 full-size gel polishes + base & top coat included 😭 the color payoff is SO good. Perfect for beginners, DIY nails, or nail techs wanting more shades without spending a fortune 🤍  @BeetlesGelPolish #beetlesgelpolish #gelnails #nailtech #diynails #nailtok ",项目缺失
tk,7641099245050760479,2026-05-18,罗惠仪,,配件,美甲灯,开箱,视频,,https://www.tiktok.com/@amayaaspam00/video/7641099245050760479,#tiktokshop ,项目缺失
tk,7641186356579880225,2026-05-18,何嘉怡,,构建美甲,预构建甲片,做款;成品展示,视频,,https://www.tiktok.com/@annas.nailfeed/video/7641186356579880225,"flower nails ✨🌷☁️
using the @BeetlesGelPolish Tipex Lite* medium stilettos nail tips & the PRO Poetry of Garden* gel polish set to make some press-ons 🌸
The Tipex Lite tips are extremely sturdy and work the best for flat nail beds! The gel polish set really has everything you will need to make nails, from the essential base/top coats, 18x 15ml gel polish bottles, patting/painting gels, professional nail brushes, nail files and cuticle pushers and nippers... such a good nail set! 
I used these to create a spring/summer design using 3d solid gel, some rhinestones & gold chrome powder for some sprakly details ✨

___
*gifted

•

•

#beetlesgelpolish #beetlespro #BeetlesTipexLite #Stilettonails #3dnails",项目缺失
tk,7641236908986715422,2026-05-18,林盈盈,,彩胶初学者套装,四指灯套装,做款,视频,,https://www.tiktok.com/@aisebrush/video/7641236908986715422,"I created a nail design using only these 5 shades from the Beetles Studio Essentials Gel Nail Kit 💅🏾✨ which combo is your favorite? join the Beetles Nail Challenge & recreate your own look! @BeetlesGelPolish 

Code: AISEBRUSH

#BeetlesGelPolish #BeetlesDealBox #BeetlesNailChallenge #nailart #gelnails",项目缺失
tk,7641249280509988110,2026-05-18,何嘉怡,,彩胶,特色胶,做款;成品展示,视频,,https://www.tiktok.com/@alasiann/video/7641249280509988110,In love with all the gems 💎 find these colors in my bi0 and use c0de ALASIANN @BeetlesGelPolish  #cateyenails #beetlesgelpolish #beetlesnailnook #beetlescateye #nailart ,项目缺失
yt,0xLWlSrDMOE,2026-05-18,黄嘉丽,,彩胶,混合套组,做款,视频,,https://www.youtube.com/watch?v=0xLWlSrDMOE,I’m creating ocean theme press on nails,项目缺失
yt,btxVUHc5Q5U,2026-05-18,黄嘉丽,,彩胶,混合套组,做款;成品展示,视频,,https://www.youtube.com/watch?v=btxVUHc5Q5U,Ocean Inspired Press ON Nail Set Tutorial ✨🌊,项目缺失
yt,d1Fn81G1sCc,2026-05-18,林盈盈,,彩胶,预构建甲片套组,做款,视频,,https://www.youtube.com/watch?v=d1Fn81G1sCc,Milky Pastel Abstract Nails | Beetles Gel Polish,项目缺失
yt,eyzfHohlxG4,2026-05-18,李伊芸,,构建美甲,捏捏胶,做款,视频,,https://www.youtube.com/watch?v=eyzfHohlxG4,🫐💜,项目缺失
yt,rkSNravHq1Y,2026-05-18,何嘉怡,,构建美甲,预构建甲片,做款;成品展示,视频,,https://www.youtube.com/watch?v=rkSNravHq1Y,"long stiletto nails, spring flowers nails art",项目缺失
yt,yXcSS78RDUs,2026-05-18,林盈盈,,彩胶初学者套装,四指灯套装,做款,视频,,https://www.youtube.com/watch?v=yXcSS78RDUs,‪@beetlesgelpolish‬,项目缺失
fb,122295208898222740,2026-05-17,黄莉莎,2026SummerVoyage,彩胶,纯色,做款,视频,,https://www.facebook.com/reel/2775454869494085,"would you wear these?😍 3 week retention no lifts! Are you an aspiring nail tech… ready to master your skills? let’s build our skills together with our 1:1 online & in person skill mastery courses, DM to enroll. (this is to learn the artistry, not to get licensed.)

Are you looking for a bomb nail tech… outstanding customer service skills, comfortable environment and Unique Long-lasting nails?🩷 Let’s Pamper ourselves with One-Of-A-Kind nails🚨
• ✨Luxury at your fingertips✨ 
Custom reusable handmade acrylic press-ons shipped straight to you✈️ , complete with our @caseys_beauty_studio deluxe prep kit for 3+ weeks of flawless wear. 💅. Order Inquiries: 📲 When you DM, send: Length, shape, and inspo pics 💕 via DM & the number in my bio
•💕your nail dreams awaits you!💖
Schedule your luxurious nail appointment at 5151 Monroe st. Toledo, Oh; Suite 232✨
Allow yourself a Self Care day and treat yourself here at @caseys_beauty_studio where a luxury experience awaits you! Schedule an appointment today by clicking the link in my bio! 

•ALL PRODUCTS USED IN THIS VIDEO LINKED IN MY AMAZON STOREFRONT (bio) 
#caseysbeautystudio #detroitnails #toledoohio #acrylicpressons #celebritynailtech toledonailtech toledoohionailsalon toledoohionailtech detroitnailtech detroitnails detroitgolf monroenailtech BirminghamDetroit northvillenails Bowlinggreennails grossepointe
 explorepage explore explorepagenails novinailtech nailsfyp rochesterhillsnails
419nailtech lucascounty  royaloaknails stClairshoresnails northwestohionails @beetlesgelpolish @utamusic @utaproductionarts @utapublishing @utafoundation @utaspeakers @beetles_community",
ins,DYZ_6VaRZ3B,2026-05-17,高咏欣,2026SummerVoyage,彩胶,透色,开箱;刷色,视频,,https://www.instagram.com/p/DYZ_6VaRZ3B/,"Summer Voyage Collection ✨🏝️
PR UNBOXING 
So beyond excited to be able to get PR from a brand and for it to be beetles as my first one that’s absolutely amazing! 
✨USE MY CODE 📸THECLAWLAB📸 for 10% off your order !
LINK IN BIO
@beetlesgelpolish 
_
_
_
#theclawlab #beetlessummervoyage #beetlesgelpolish",
ins,DYaMksEAgAD,2026-05-17,高咏欣,2026SummerVoyage,彩胶,纯色,做款;口播,视频,,https://www.instagram.com/p/DYaMksEAgAD/,"The Summer Nails 🍊🌊
.
@beetlesgelpolish 
.
#beetlessummervoyage #beetlesgelpolish #summernails #nailturorial #3dnails",
ins,DYcXf9Rg792,2026-05-17,黄莉莎,2026SummerVoyage,彩胶,纯色,做款,视频,,https://www.instagram.com/p/DYcXf9Rg792/,"would you wear these?😍 3 week retention no lifts! Are you an aspiring nail tech… ready to master your skills? let’s build our skills together with our 1:1 online & in person skill mastery courses, DM to enroll. (this is to learn the artistry, not to get licensed.)

Are you looking for a bomb nail tech… outstanding customer service skills, comfortable environment and Unique Long-lasting nails?🩷 Let’s Pamper ourselves with One-Of-A-Kind nails🚨
• ✨Luxury at your fingertips✨ 
Custom reusable handmade acrylic press-ons shipped straight to you✈️ , complete with our @caseys_beauty_studio deluxe prep kit for 3+ weeks of flawless wear. 💅. Order Inquiries: 📲 When you DM, send: Length, shape, and inspo pics 💕 via DM & the number in my bio
•💕your nail dreams awaits you!💖
Schedule your luxurious nail appointment at 5151 Monroe st. Toledo, Oh; Suite 232✨
Allow yourself a Self Care day and treat yourself here at @caseys_beauty_studio where a luxury experience awaits you! Schedule an appointment today by clicking the link in my bio! 

•ALL PRODUCTS USED IN THIS VIDEO LINKED IN MY AMAZON STOREFRONT (bio) 
#caseysbeautystudio #detroitnails #toledoohio #acrylicpressons #celebritynailtech toledonailtech toledoohionailsalon toledoohionailtech detroitnailtech detroitnails detroitgolf monroenailtech BirminghamDetroit northvillenails Bowlinggreennails grossepointe
 explorepage explore explorepagenails novinailtech nailsfyp rochesterhillsnails
419nailtech lucascounty  royaloaknails stClairshoresnails northwestohionails @beetlesgelpolish @utamusic @utaproductionarts @utapublishing @utafoundation @utaspeakers @beetles_community",
tk,7640531745338592525,2026-05-17,黄莉莎,2026dealbox&PD,配件,美甲灯,开箱,视频,,https://www.tiktok.com/@faciallyblessedhq/video/7640531745338592525,Loved the results! 😊 @BeetlesGelPolish #beetles #beetlesgelpolish #meowgicnaillamp #beetlesgooseneck #beetlesjellyveilgelpolish ,
tk,7640548647779831053,2026-05-17,何嘉怡,KOL品线推广,彩胶,纯色,开箱;刷色,视频,,https://www.tiktok.com/@katheli.studio/video/7640548647779831053,"No pensé que fueran tan buenos y bellos los amee @BeetlesGelPolish @Beetles Nail Boutique 

#nailpolish #geles ",
tk,7640558825992441118,2026-05-17,周紫月,2026dealbox&PD,彩胶,混合套组,开箱;口播,视频,,https://www.tiktok.com/@kaleywilliams_/video/7640558825992441118,OMFG IM SO EXCITED TO USE THESE!! Amethyst nails next 🤩 #kaleywilliams_ #thepoisonedpetal #nailtok #crystalnails #jellynails @Beetles Nail Boutique ,
tk,7640562462420471053,2026-05-17,周紫月,2026dealbox&PD,彩胶初学者套装,四指灯套装,开箱;做款;口播,视频,,https://www.tiktok.com/@typicalvictoriaa/video/7640562462420471053,How’d I do? I need to practice a little bit more with the airbrush 😅 @BeetlesGelPolish #beetlesgelpolish #gel #gelnails #nailsartvideos #nailtutorial ,
tk,7640592603125124365,2026-05-17,周紫月,KOL品线推广,彩胶,特色胶,开箱;口播;刷色,视频,,https://www.tiktok.com/@e.vvelinn/video/7640592603125124365,I luvvv these colors 🤩😍 @BeetlesGelPolish #catyepolishes #beetlessummerdrop #tiktokexclusive ,
tk,7640663862806629650,2026-05-17,林盈盈,KOL品线推广,彩胶,混合套组,开箱,视频,,https://www.tiktok.com/@nailzby.siena/video/7640663862806629650,@BeetlesGelPolish ✨ #beetlesgelpolish #beetles #nails #fyp ,
tk,7640708821303708941,2026-05-17,何嘉怡,KOL品线推广,彩胶,特色胶,开箱;刷色,视频,,https://www.tiktok.com/@hazel.palacios/video/7640708821303708941,The cutest summer collection! @BeetlesGelPolish #beetlesgelpolish #nails #nailtech #summernails #summervibes ,
tk,7640712174960151839,2026-05-17,罗婧,KOL品线推广,穿戴甲,穿戴甲款式,开箱;做款;口播,视频,,https://www.tiktok.com/@plitplatpayton/video/7640712174960151839,Ugh I love a milky white set! #pressons #pressonnails @BeetlesGelPolish #nailtech #nailtok ,
tk,7640712854567505165,2026-05-17,何嘉怡,KOL品线推广,彩胶,特色胶,开箱;刷色,视频,,https://www.tiktok.com/@hazel.palacios/video/7640712854567505165,It’s the collection called dream coast 🫶🏼 @BeetlesGelPolish #nails #nailtech #summernails #nailtechmusthave ,
tk,7640862582202551565,2026-05-17,罗惠仪,KOL品线推广,彩胶,透色,开箱,视频,,https://www.tiktok.com/@jaylanails8/video/7640862582202551565,Beetles PR package! tysm🥰 #fyp #nailpr #nailcontent #beetlespr #beetlesgelpolish @BeetlesGelPolish ,
tk,7640867776424348959,2026-05-17,何嘉怡,KOL品线推广,假指甲,甲片延长套组,开箱;成品展示,视频,,https://www.tiktok.com/@nails_by_normaa/video/7640867776424348959,Este kit está 10 de 10 😍@BeetlesGelPolish @Beetles Nail Boutique #gelxnails #gel #almondnails #nails ,
tk,7640876258540227871,2026-05-17,罗惠仪,KOL品线推广,彩胶,透色,开箱;刷色,视频,,https://www.tiktok.com/@nailssbyx._lyssa/video/7640876258540227871,Go get these nude gel polishes there on sale right now! #beetlesgelpolish #fyp #viral #commission #gelpolish ,
fb,122294939426222740,2026-05-16,黄莉莎,2026SummerVoyage,彩胶,纯色,开箱,视频,,https://www.facebook.com/reel/1304092711117983,"do as i say not as i do💅thank you @beetlesgelpolish @beetles_community 
Are you an aspiring nail tech… ready to master your skills? let’s build our skills together with our 1:1 online & in person skill mastery courses, DM to enroll. (this is to learn the artistry, not to get licensed.)
ACRYLIC PRESS-ON ORDERS PLACED VIA DM, All custom, Worldwide shipping 
• Each set is handcrafted with a durable acrylic overlay and structured just as a full set of acrylics! 
Designed for reusability and fully customized to fit your unique nail bed for a seamless, professional salon-quality look 💅. Every order includes Free international shipping, a complete prep kit, and everything you need for 3+ weeks of wear and long-lasting retention. ✨ 💎 Caseyoncé Swarovski Hand-Painted Freestyles
* Medium Length Freestyle: $150
* Long Length Freestyle: $200
* XL Length Freestyle: $300
* XXL Length Freestyle: $400
* XXXL Length Freestyle: $500
For inspiration-based designs or recreation sets, pricing will be provided upon review of your reference photos.

These press-on sets are a timeless investment, perfect for elevating your look again and again.

🛒 How to Place Your Order:
To begin your order, I will send you a Square invoice. Payment must be made in full before the design process begins. You will be able to securely pay your invoice using your card or Apple Pay.
Once your payment is completed:
1. I will collect your shipping information
2. You will send clear photos of your nails next to a quarter (for sizing) in good lighting
3. I will begin creating your custom set
4. Processing time is 14 days. Shipping takes 2–5 business days. (Rush orders for same-week delivery are available for an additional $60 quick processing fee)

#caseysbeautystudio #detroitnails #toledoohio #Celebritynailtech #acrylicpressons toledoohionails toledonailtech toledoohionailsalon toledoohionailtech detroitnailtech detroitnails annarbornails monroenailtech monroenails detroitgolf  Bowlinggreennails northvillenails explorepage explore explorepagenails novinailtech nailsfyp rochesterhillsnails 
419nailtech lucascounty stClairshores  royaloaknails northwestohionails acrylicpressonnails",
ins,DYXm5GhqFCR,2026-05-16,黄莉莎,2026SummerVoyage,彩胶,纯色,开箱,视频,,https://www.instagram.com/p/DYXm5GhqFCR/,"do as i say not as i do💅thank you @beetlesgelpolish @beetles_community 
Are you an aspiring nail tech… ready to master your skills? let’s build our skills together with our 1:1 online & in person skill mastery courses, DM to enroll. (this is to learn the artistry, not to get licensed.)
ACRYLIC PRESS-ON ORDERS PLACED VIA DM, All custom, Worldwide shipping 
• Each set is handcrafted with a durable acrylic overlay and structured just as a full set of acrylics! 
Designed for reusability and fully customized to fit your unique nail bed for a seamless, professional salon-quality look 💅. Every order includes Free international shipping, a complete prep kit, and everything you need for 3+ weeks of wear and long-lasting retention. ✨ 💎 Caseyoncé Swarovski Hand-Painted Freestyles
* Medium Length Freestyle: $150
* Long Length Freestyle: $200
* XL Length Freestyle: $300
* XXL Length Freestyle: $400
* XXXL Length Freestyle: $500
For inspiration-based designs or recreation sets, pricing will be provided upon review of your reference photos.

These press-on sets are a timeless investment, perfect for elevating your look again and again.

🛒 How to Place Your Order:
To begin your order, I will send you a Square invoice. Payment must be made in full before the design process begins. You will be able to securely pay your invoice using your card or Apple Pay.
Once your payment is completed:
1. I will collect your shipping information
2. You will send clear photos of your nails next to a quarter (for sizing) in good lighting
3. I will begin creating your custom set
4. Processing time is 14 days. Shipping takes 2–5 business days. (Rush orders for same-week delivery are available for an additional $60 quick processing fee)

#caseysbeautystudio #detroitnails #toledoohio #Celebritynailtech #acrylicpressons toledoohionails toledonailtech toledoohionailsalon toledoohionailtech detroitnailtech detroitnails annarbornails monroenailtech monroenails detroitgolf  Bowlinggreennails northvillenails explorepage explore explorepagenails novinailtech nailsfyp rochesterhillsnails 
419nailtech lucascounty stClairshores  royaloaknails northwestohionails acrylicpressonnails",
ins,DYYGCeshlZ2,2026-05-16,高咏欣,KOL品线推广,穿戴甲,穿戴甲款式,开箱,视频,,https://www.instagram.com/p/DYYGCeshlZ2/,"Unboxing some gorgeous shades from @beetlesgelpolish 💅✨ Which color is your favorite? 😍

Now available! 
🤍 Natural Milky White Press On Nails - Short Square
🤍 Natural Milky White Press On Nails - Short Almond
🌸 Beetles Motion Glow Press On Nails - Rose Glow
🌸 Beetles Motion Glow Press On Nails - Blossom Glow

 #BeetlesGelPolish #beetlespressons #GelPolish #NailInspo #Unboxing",
ins,DYYPOQzNxhM,2026-05-16,黄嘉丽,2026dealbox&PD,彩胶,混合套组,做款;成品展示,视频,,https://www.instagram.com/p/DYYPOQzNxhM/,"✨Jelly polka dots ✨ one of my favorite designs ever
I have done it with magnetic polish too 😊
which shade should I do next?

I used @beetlesgelpolish 25 Color Gel Nail Polish Kit (all are jelly shades)
Use Code 👉🏼 BTANITAUS10 - Save 10% 🛒 
Link in bio

#polkadots #jellynails #nailinspo #summernails #gelnails",
ins,DYYUSBmBvBN,2026-05-16,林盈盈,2026dealbox&PD,彩胶初学者套装,四指灯套装,做款,视频,1,https://www.instagram.com/p/DYYUSBmBvBN/,"Make a press on set with me ⭐️🎯

Using @beetlesgelpolish
✨Studio essentials gel nail kit (Nc759, Nc760, Nc768, Nc751, Nc749)
✨tipex lite gel tips (medium stiletto)

Join the Beetles Nail Challenge to win the kit 🎁

Use code CXHNAILS10 to save $$ (link in bio) 💖

🏷️ #beetlesdealbox #beetlesgelpolish #beetlesnailchallenge #pressonnails #nailinspo trendynails nailartist",
ins,DYYVMk6RRci,2026-05-16,罗婧,2026dealbox&PD,彩胶,纯色,做款,视频,1,https://www.instagram.com/p/DYYVMk6RRci/,Spring set 🩷💜 #BeetlesSummerVoyage #Beetlesgelpolish #BeetlesSummerBucketList #nailart #uñas,
ins,DYYtI8HPG5K,2026-05-16,黄莉莎,KOL品线推广,彩胶,特色胶,开箱;刷色,视频,,https://www.instagram.com/p/DYYtI8HPG5K/,"use code HARNOOR10 when purchasing this linked in bio 🤗 @beetlesgelpolish 

#beetlesgelpolish #beetlesnaillook #beetlesnailnook #summernail #explore",
ins,DYZ1UuSxZNX,2026-05-16,何嘉怡,2026美甲灯,配件,预构建甲片套组,教程,视频,,https://www.instagram.com/p/DYZ1UuSxZNX/,"Everything you need to do flawless nails thanks to @beetlesgelpolish everything used is linked in my bi0 and use discount c0de ALASIANN 🫶
.
.
#beetlesmeowgiclamp #Almondnails #Beetlesgelpolish #BeetlesTipexLite #BeetlesGooseneck",
ins,DYZ2ilFMrF5,2026-05-16,周紫月,2026dealbox&PD,彩胶初学者套装,F13灯套装,开箱;做款;口播,视频,1,https://www.instagram.com/p/DYZ2ilFMrF5/,do you think this beetles nail box is good for the price… 🙈💅🏽 #nails  #beetlesgelpolish #BeetlesDealBox #primedaynails #primeday ad @beetlesgelpolish,
ins,DYZt6iyiLwj,2026-05-16,何嘉怡,2026母亲节礼盒,彩胶,混合套组,做款;成品展示,视频,,https://www.instagram.com/p/DYZt6iyiLwj/,"pink & purple coquette nails ✨🌸🎀🩰🦢
using @beetlesgelpolish Mani Time with Mom Mother’s Day Gift Box to create a coquette nail set, using pink gel polish, cat eye purple gel polish, blooming gel for a marble design, chrome powder, flower nail stickers, pearls and rhinestones

🔗 in bio, code TPANNAS10 for savings!
___
*gifted

•

•

#beetlesgelpolish #BeetlesManiTimewithMom #ManiTimeWithMom #cateyenails #polkadotnails",
ins,DYZvrZOEXvU,2026-05-16,黄嘉丽,KOL品线推广,配件,美甲笔,成品展示,图片,,https://www.instagram.com/p/DYZvrZOEXvU/,"This Pop Art Nail design is so easy to create and fun. 🥰🖤🤍🎨 

Using @beetlesgelpolish 
12 colors nail art markers

✨Product link in Bio
✨Use BTJUET10 to save 💰

#diynails #easynailart #nailideas #popartnails #nailinspo

nail trends fun nails matte nails cute nails new nails",
tk,7640172090812927262,2026-05-16,何嘉怡,2026dealbox&PD,彩胶初学者套装,彩胶初学者套装,开箱;口播,视频,,https://www.tiktok.com/@nailzbyvesha/video/7640172090812927262,perfect box for beginners 💕 #beetlesgelpolish #nailtok #fy #beetlesgel  @BeetlesGelPolish ,
tk,7640180221806710046,2026-05-16,马明慧,KOL品线推广,穿戴甲,UV穿戴甲,开箱;做款;口播,视频,,https://www.tiktok.com/@paityn.rylee/video/7640180221806710046,@BeetlesGelPolish kit is little brother approved. These are the best press on nails for the summer!!! #beetles #beetlesgelpolish #pressonnails #beetlespressonnails #frenchtip ,
tk,7640197107516787982,2026-05-16,林盈盈,2026dealbox&PD,配件,预构建甲片套组,做款,视频,,https://www.tiktok.com/@adelinagasq/video/7640197107516787982,"ADELINANAIL for 10% off☺️
-
-
-
https://www.amazon.com/stores/page/D9832C3A-FA34-45F9-8A1C-5BAA179D6B4C?channel=PDdealbox-adelinagas
-
@BeetlesGelPolish #beetlesgelpolish #beetlesdealbox #partner #nailsart ",
tk,7640201977292475662,2026-05-16,黄嘉丽,KOL品线推广,彩胶,预构建甲片套组,做款,视频,,https://www.tiktok.com/@jue_tran.nails/video/7640201977292475662,"Easy DIY ocean-inspired nails!🥰  💜🩷💙💚🐚🪸

Using @beetlesgelpolish
💙Ocean Odyssey 25 Colors Summer Gel Polish
Kit
💖Beetles Tipex Lite Nail Tips Kit

#diynails #summernails #nailarttutorial #nailinspo #nailideas 

Nail Style Nail Trends Cute Nails DIY glitter nails neon nails vacation nails 3D charm ocean-theme nails",
tk,7640251081171176717,2026-05-16,高咏欣,KOL品线推广,穿戴甲,穿戴甲款式,开箱,视频,,https://www.tiktok.com/@adri_gody/video/7640251081171176717,"as a new mom, I’m a sucker for press on’s😍 which should I try first? 
Now available @BeetlesGelPolish 
Linked on my showcase 💌 
#beetlesgelpolish #beetlespressons #unboxing #newmom #nailtok ",
tk,7640267211730357518,2026-05-16,罗惠仪,2026SummerVoyage,彩胶,混合套组,开箱,视频,,https://www.tiktok.com/@nothingbutnails89/video/7640267211730357518,"Everything you need for a festive Fourth of July with @BeetlesGelPolish 🎆🇺🇸🎇🥳🎉🍾💕
•
•
•
#fyp #fypシ #fypシ゚viral #foryoupage #nailsartvideos  ",
tk,7640276024277749022,2026-05-16,林盈盈,2026dealbox&PD,彩胶初学者套装,预构建甲片套组,做款,视频,,https://www.tiktok.com/@morganizedandco/video/7640276024277749022,"my first summer set of the year!! 💅🏼😋

tysm @BeetlesGelPolish !!🤭
#beetlesgelpolish #beetlesdealsbox #nails #athomenails #diynails ",
tk,7640278042828360980,2026-05-16,黄嘉丽,2026dealbox&PD,彩胶,混合套组,做款;成品展示,视频,,https://www.tiktok.com/@dipoliciousnailz/video/7640278042828360980,"✨Jelly polka dots ✨ one of my favorite designs ever
I have done it with magnetic polish too 😊
which shade should I do next?

I used @BeetlesGelPolish 25 Color Gel Nail Polish Kit (all are jelly shades)
Use Code 👉🏼 BTANITAUS10 - Save 10% 🛒 
Link in bio

#polkadots #jellynails #nailinspo #summernails #gelnails",
tk,7640307641515871518,2026-05-16,周紫月,KOL品线推广,假指甲,预构建甲片套组,开箱;做款;口播,视频,,https://www.tiktok.com/@liz_ramirez18/video/7640307641515871518,New set💗💛@BeetlesGelPolish#beetles #gelxnails #tutorial #newnails #nailsathome💅 ,
tk,7640332129104121119,2026-05-16,周紫月,KOL品线推广,假指甲,预构建甲片套组,开箱;口播,视频,,https://www.tiktok.com/@indicaeaux/video/7640332129104121119,"I can’t wait for y’all to see the ideas I have in mind for these gorg nail tips! I might just become a big beetles fan 😍 @BeetlesGelPolish 

#pressonnails #pressonrussianmanicure #pressonmanicure #beetlesgelpolish #diynails ",
tk,7640340608808160519,2026-05-16,黄莉莎,KOL品线推广,彩胶,特色胶,开箱;刷色,视频,,https://www.tiktok.com/@nailsbyharnoor/video/7640340608808160519,use code HARNOOR10 to save some $$$ and find this on my linktree on IG 🤗@BeetlesGelPolish #beetlesgelpolish #beetlesnaillook #beetlesnailnook #summernail #fyp ,
tk,7640349529467931918,2026-05-16,林盈盈,2026dealbox&PD,彩胶初学者套装,四指灯套装,做款,视频,,https://www.tiktok.com/@cxh.nails/video/7640349529467931918,"Make a press on set with me ⭐️🎯

Using @BeetlesGelPolish 
✨Studio essentials gel nail kit (Nc759, Nc760, Nc768, Nc751, Nc749)
✨tipex lite gel tips (medium stiletto)

Join the Beetles Nail Challenge to win the kit 🎁

Use code CXHNAILS10 to save $$ (link in bio) 💖

🏷️ #beetlesdealbox #beetlesgelpolish #beetlesnailchallenge #pressonnails #nailinspo trendynails nailartist",
tk,7640357799863602462,2026-05-16,黄莉莎,2026SummerVoyage,配件,美甲笔,开箱,视频,,https://www.tiktok.com/@emmadoesnails3/video/7640357799863602462,"Summer nail inspo.     Use code EMMANAILS10for a discount on beetles! Products I used: Beetles Sweet Swirl Nail Art Brushes Set , Beetles Candy White UV/LED Nail Lamp, Beetles Summer Voyage Sunstripe and
Beetles Summer Voyage Saltmist Sunset#BeetlesSummerVoyage #beetlescandylamp #beetlesnailartbrushes@BeetlesGelPolish #fyp #nails ",
tk,7640473429119864095,2026-05-16,周紫月,KOL品线推广,假指甲,预构建甲片套组,开箱;口播,视频,,https://www.tiktok.com/@krissybailey/video/7640473429119864095,💅. #nailkit #gelnailkit #pressons #diygirly #howtomakepressonslast ,
tk,7640485153814416672,2026-05-16,何嘉怡,2026母亲节礼盒,彩胶,混合套组,做款;成品展示,视频,,https://www.tiktok.com/@annas.nailfeed/video/7640485153814416672,"pink & purple coquette nails ✨🌸🎀🩰🦢
using @BeetlesGelPolish  Mani Time with Mom Mother’s Day Gift Box to create a coquette nail set, using pink gel polish, cat eye purple gel polish, blooming gel for a marble design, chrome powder, flower nail stickers, pearls and rhinestones

🔗 in bio, code TPANNAS10 for savings!
___
*gifted

•

•

#beetlesgelpolish #BeetlesManiTimewithMom #ManiTimeWithMom #cateyenails #polkadotnails ",
tk,7640500915757174034,2026-05-16,黄嘉丽,KOL品线推广,穿戴甲,混合套组,开箱;口播,视频,,https://www.tiktok.com/@jennyyyji/video/7640500915757174034,mani pedi for summer @BeetlesGelPolish #gelnails #summerthings #athomenails ,
tk,7640502473484012814,2026-05-16,何嘉怡,2026美甲灯,配件,预构建甲片套组,教程,视频,,https://www.tiktok.com/@alasiann/video/7640502473484012814,Everything you need to do flawless nails thanks to @BeetlesGelPolish  all items used can be found in my bi0 and use c0de ALASIANN 🫶#BeetlesTipexLite #beetlesmeowgiclamp #Beetlesgelpolish #Almondnails #Beetlesgooseneck ,
tk,7640505765672881430,2026-05-16,周紫月,2026dealbox&PD,彩胶初学者套装,F13灯套装,开箱;做款;口播,视频,,https://www.tiktok.com/@nailsbypriyaa/video/7640505765672881430,do you think this beetles deal nail box is good for the price…. 💅🏽🙈  @beetlesgelpolishofficial #b#beetlesgelpolishB#BeetlesDealBoxp#primedaynailsprimeday #nails ,
tk,7640512685183978783,2026-05-16,李伊芸,KOL品线推广,彩胶初学者套装,鼠标灯套装,做款,视频,,https://www.tiktok.com/@ilovechipotlee2010/video/7640512685183978783,Do my nails with me !! 💘🫶🏼🦄🪩🙌🏼😚 #nails #athomenailtech #gelxnails #viral #fyp ,
yt,Vw7-4TBMMgw,2026-05-16,何嘉怡,2026母亲节礼盒,彩胶,混合套组,做款;成品展示,视频,,https://www.youtube.com/watch?v=Vw7-4TBMMgw,pink & purple coquette nails,
yt,nZqOlz7z3zI,2026-05-16,周紫月,2026dealbox&PD,彩胶初学者套装,F13灯套装,开箱;做款;口播,视频,1,https://www.youtube.com/watch?v=nZqOlz7z3zI,Can I Save Money With A $40 Nail Kit?💅🏽💰,
fb,958004690173978,2026-05-15,黄莉莎,KOL品线推广,彩胶,混合套组,开箱;成品展示,视频,,https://www.facebook.com/reel/967463025892126,"@beetlesgelpolish 

Soft summer shades, fresh garden vibes, and the prettiest pops of color 🌿✨ The Beetles Pro Poetry of Garden collection is perfect for playful nail sets all season long.

Use code PRONETHAN for savings until June 30 💚

#beetlesgelpolish #beetlespro #nails #nailart #nailsofinstagram",
ins,DYU4PZ0O1H5,2026-05-15,黄嘉丽,KOL品线推广,穿戴甲,穿戴甲款式,开箱;教程;成品展示,视频,,https://www.instagram.com/p/DYU4PZ0O1H5/,"The prettiest milky white press-ons 🤍✨
Comes in different lengths and shapes perfect for a simple or full design base 🙌🏼 @beetlesgelpolish 

Link in bio 🔗

#beetlesgelpolish #pressonnails #beetlesnaturalmilky #nailinspo #prettynails",
ins,DYU6PnbMwyr,2026-05-15,何嘉怡,KOL品线推广,构建美甲,纯色,做款;成品展示,视频,,https://www.instagram.com/p/DYU6PnbMwyr/,"snow cone nail tutorial 🍧✨

•
•
•

#nails #nailart #nailsofinstagram #nail #nailsoftheday",
ins,DYUzdDCx6Wy,2026-05-15,黄莉莎,KOL品线推广,彩胶,混合套组,开箱;成品展示,视频,,https://www.instagram.com/p/DYUzdDCx6Wy/,"@beetlesgelpolish 

Soft summer shades, fresh garden vibes, and the prettiest pops of color 🌿✨ The Beetles Pro Poetry of Garden collection is perfect for playful nail sets all season long.

Use code PRONETHAN for savings until June 30 💚

#beetlesgelpolish #beetlespro #nails #nailart #nailsofinstagram",
ins,DYVXtk0FcqL,2026-05-15,何嘉怡,2026SummerVoyage,彩胶,纯色,成品展示,图片,,https://www.instagram.com/p/DYVXtk0FcqL/,"Fruit Press On Set 🍓🥝🍊🍇🍉🥭

Created this set using products from @beetlesgelpolish 
I used the new Beetles Summer Voyage Summer Specials and Beetles Summer Voyage Sunstripe collections and absolutely loved working with them, especially the Beetles Meowgic StrawPurr Nail Lamp 

Shop on Amazon & use my code SASHANAILS for 10% off ☀️
Link in bio/Linktree.

#beetlesgelpolish #beetlesmeowgiclamp #meowgicnaillamp #BeetlesGooseneck #uvnaillamp",
ins,DYVl2PWMfbm,2026-05-15,李伊芸,KOL品线推广,彩胶初学者套装,鼠标灯套装,开箱;做款,视频,,https://www.instagram.com/p/DYVl2PWMfbm/,"Use code : 5IVESTAR10S for 10% off Beetles Gel Products on Amazon ✨💅 
-
- @beetlesgelpolish 
#beetlesgelpolish #beetlesgel #beetlespolish #cateyenails #stainedglassnails",
ins,DYXKD9OR8ME,2026-05-15,罗婧,2026dealbox&PD,款式创作,魔镜粉,做款,视频,1,https://www.instagram.com/p/DYXKD9OR8ME/,"making my own lily charm🥰🌺🩵

using @beetlesgelpolish 36 colors gel nail polish kit
code ‘2026heaji’ to save 10%
sponsored

#beetlesgelpolish #BeetlesDealsBox #BeetlesSummerBucketList #diynails #summernails",
tk,7639781990694128927,2026-05-15,李伊芸,KOL品线推广,彩胶,特色胶,刷色,视频,,https://www.tiktok.com/@pressedby.1zyy/video/7639781990694128927,BEETLES SUMMER VOYAGE ⭐️@BeetlesGelPolish 🌅#beetlesgelpolish #springnails #nailinspo #nailhaul #nailart ,
tk,7639790302907141390,2026-05-15,黄嘉丽,KOL品线推广,穿戴甲,穿戴甲款式,开箱;教程;成品展示,视频,,https://www.tiktok.com/@nails.by.analorena/video/7639790302907141390,"The prettiest milky white press-ons 🤍✨
Comes in different lengths and shapes perfect for a simple or full design base 🙌🏼 @BeetlesGelPolish 

#beetlesgelpolish #pressonnails #beetlesnaturalmilky #milkywhite #prettynails ",
tk,7639792962255195423,2026-05-15,马明慧,KOL品线推广,配件,美甲灯,开箱,视频,,https://www.tiktok.com/@thatsneida4u/video/7639792962255195423,"IG|| Glamsets.x.Neida🦢🪞✨
@BeetlesGelPolish 

#nail #nailart #nailtech #nailtutorial #beetlesgelpolish ",
tk,7639809456917843233,2026-05-15,黄嘉丽,2026dealbox&PD,彩胶,纯色,做款,视频,1,https://www.tiktok.com/@mariane_mkl/video/7639809456917843233,"1 Day 1 Design💅🏻 | Edition Patrick de Bob l’Eponge ⭐️🪼|

Produits utilisés de chez @BeetlesGelPolish 

#nailarttutorial #3dnailart #spongebob #beetlesgelpolish #tiktokfr  ",
tk,7639835685083548944,2026-05-15,何嘉怡,KOL品线推广,彩胶初学者套装,透色,做款;成品展示,视频,,https://www.tiktok.com/@mayajoaquinn/video/7639835685083548944,How I do my nails! 🤍 everything you need is linked in my bio! Use my code “TPMAYA10” for $$ off! ⭐️✨💅🏻 @BeetlesGelPolish #beetlesgelpolish #Beetlesflatx #Almondnails #gelxnails #nailsathome ,
tk,7639845014020902145,2026-05-15,何嘉怡,KOL品线推广,假指甲,甲片延长套组,成品展示,视频,,https://www.tiktok.com/@mayajoaquinn/video/7639845014020902145,New nailsss 🤍🤍🤍 #nails #gelxnails @BeetlesGelPolish ,
tk,7639882746361384222,2026-05-15,何嘉怡,KOL品线推广,假指甲,预构建甲片套组,开箱,视频,,https://www.tiktok.com/@klocaff/video/7639882746361384222,beetles tipex nail kit with gel polish ✨ #nails #beetlesgelpolish #summervibes #nailkit #tiktokshopturnup @BeetlesGelPolish ,
tk,7639885047130000670,2026-05-15,黄嘉丽,2026dealbox&PD,彩胶初学者套装,F13灯套装,开箱;口播,视频,,https://www.tiktok.com/@itsizzylynn/video/7639885047130000670,THANK YOU BEETLES!! #beetlesgelpolish #prpackage #foryou #fyp #foryoupage @BeetlesGelPolish @Beetles Beauty Hub @beetles_community *i don’t know why it’s so glitchy* ,
tk,7639895270553111821,2026-05-15,李伊芸,KOL品线推广,彩胶初学者套装,鼠标灯套装,开箱;做款,视频,,https://www.tiktok.com/@pxyytonn_/video/7639895270553111821,"Use code : 5IVESTAR10S for 10% off Beetles Gel Products on Amazon ✨💅 
-
- @BeetlesGelPolish 
#beetlesgelpolish #beetlesgel #beetlespolish #cateyenails #stainedglassnails",
tk,7639896427686268191,2026-05-15,黄嘉丽,2026dealbox&PD,彩胶初学者套装,F13灯套装,做款;成品展示,图片,,https://www.tiktok.com/@itsizzylynn/video/7639896427686268191,doing your nails at home = cheaper and fun ☺️ @BeetlesGelPolish @Beetles Nail Boutique #beetlesgelpolish #prpackage #foryou #fyp #foryoupage ,
tk,7639928036384722189,2026-05-15,黄嘉丽,KOL品线推广,彩胶,特色胶,开箱;成品展示,视频,,https://www.tiktok.com/@denisegranjagaitan/video/7639928036384722189,Están hermosos los colores 😍🥳me encantaron #nail #ojodegato #manicurista #tiktokshop #uñas ,
tk,7639955791897758990,2026-05-15,高咏欣,KOL品线推广,穿戴甲,穿戴甲款式,成品展示,视频,,https://www.tiktok.com/@xomelanii_/video/7639955791897758990,use code XOMELANII🩷 #beetlespressons #pressontoes #beetlesgelpolish #fyp #viral @BeetlesGelPolish ,
tk,7639961282128448786,2026-05-15,黄莉莎,KOL品线推广,配件,美甲灯,开箱;口播;教程,视频,,https://www.tiktok.com/@carovaladez_nt/video/7639961282128448786,Este set si salió rapidito y lindooo😮‍💨 ¿quién más quiere facilitarse el trabajo cuando trabaja con su mano no dominante?👀 todo es de @BeetlesGelPolish y lo pueden encontrar en Amazon. Les dejo el link en mi perfil💕✨ #BeetlesNaturalMilky #BeetlesNaturalMilkyWhite #BeetlesNaturalMilkynailtips #pressonnails #pressonnailstutorial ,
tk,7639974932935445774,2026-05-15,黄嘉丽,KOL品线推广,穿戴甲,UV穿戴甲,成品展示,视频,,https://www.tiktok.com/@eliany.v12/video/7639974932935445774,Perfecto para principiantes <3. @BeetlesGelPolish #beetlesgelpolish #gelpolish #almondnails ,
tk,7640061690159090974,2026-05-15,何嘉怡,2026美甲灯,配件,美甲灯,开箱,视频,,https://www.tiktok.com/@nailedbyzuly/video/7640061690159090974,such a cute little lamp 🍓😩 #beetlesgelpolish #nailtok #nails ,
tk,7640119339550657822,2026-05-15,罗婧,2026dealbox&PD,款式创作,魔镜粉,做款,视频,,https://www.tiktok.com/@heajiheaji/video/7640119339550657822,"making my own lily charm🥰🌺🩵

using @BeetlesGelPolish 36 colors gel nail polish kit
code ‘2026heaji’ to save 10%
sponsored

#beetlesgelpolish #BeetlesDealsBox #BeetlesSummerBucketList #diynails #summernails ",
tk,7640120527272561950,2026-05-15,黄嘉丽,KOL品线推广,彩胶,特色胶,开箱;做款;成品展示,视频,,https://www.tiktok.com/@sherlnails8/video/7640120527272561950,"This pink💗🫶😌

@BeetlesGelPolish Petal Charm Cat Eye Gel✨

#nailart #nailinspo #nailtutorial #nailsoftiktok #fypツ ",
tk,7640143660532862231,2026-05-15,黄嘉丽,2026dealbox&PD,配件,预构建甲片套组,开箱;做款,视频,,https://www.tiktok.com/@nekhelenss/video/7640143660532862231,THANK U @BeetlesGelPolish 🪷OMG I LOVE HOW THEY TURNED OUT | publi regalo por si acaso 😃#beetlesgelpolish #nailart #nailinspo #nailday #summernails ,
yt,F-wwisJVw-c,2026-05-15,罗婧,2026dealbox&PD,彩胶,纯色,做款,视频,,https://www.youtube.com/watch?v=F-wwisJVw-c,Spring set 🩷💜,
yt,GesbED7GKKY,2026-05-15,黄嘉丽,2026dealbox&PD,彩胶,混合套组,做款;成品展示,视频,,https://www.youtube.com/watch?v=GesbED7GKKY,✨🌸 JELLY POLKA DOT NAILS,
yt,Lqh_pRIEqIE,2026-05-15,林盈盈,2026dealbox&PD,彩胶初学者套装,预构建甲片套组,做款,视频,,https://www.youtube.com/watch?v=Lqh_pRIEqIE,my first summer set of the year!!💅🏼tysm,
yt,gDaxpnMRvC8,2026-05-15,罗婧,2026dealbox&PD,款式创作,魔镜粉,做款,视频,,https://www.youtube.com/watch?v=gDaxpnMRvC8,making my own lily charm🥰🌺🩵,
yt,usRIQ2v9aGs,2026-05-15,林盈盈,2026dealbox&PD,彩胶初学者套装,四指灯套装,做款,视频,1,https://www.youtube.com/watch?v=usRIQ2v9aGs,Make a press on set with me ⭐️🎯,
ins,DYS2wdUNbTs,2026-05-14,黄莉莎,2026dealbox&PD,彩胶初学者套装,预构建甲片,做款,视频,,https://www.instagram.com/p/DYS2wdUNbTs/,"@beetlesgelpolish Animal Print + Whimsical Nail Art #BeetlesNailChallenge

#beetlesgelpolish #BeetlesDealsBox",
ins,DYS3uRoR_7Z,2026-05-14,黄嘉丽,2026dealbox&PD,彩胶,纯色,做款;成品展示,视频,,https://www.instagram.com/p/DYS3uRoR_7Z/,"🫧🎨 Who’s ready for a colourful SUMMER. Using @beetlesgelpolish Summer 36 Colors Gel Nail Polish Kit. There’s so many bright and fun colors 😍

Use Code 👉🏼 BTANITAUS10 - Save 10%
Link in bio

#beetlesgelpolish #summernails #bloominggel #neonnails #nailinspo 

Nail inspo pink green mint neon Fun cute festive blooming gel bright neutral spring stamp hack French",
ins,DYSjEWZhmG7,2026-05-14,黄莉莎,KOL品线推广,构建美甲,捏捏胶,做款,视频,,https://www.instagram.com/p/DYSjEWZhmG7/,"Mario Kart-inspired nails ⭐️✨
Had to recreate the iconic Super Star—this set was so fun to bring to life using 3D elements and bold colors!

Using the Beetles Crystal Orb 3D Nail Art Gel Kit along with shades from their Four Seasons Glow Collection 💫

Products used:

💅 Beetles Gel Polish
F193, F211, F221, F202, F199, F191, F192, F222

* Glitter Top Coat
* Crystal Orb 3D Gel

💅 Bio Seaweed Gel
Onyx
Lime Time
Melon Coral

✨ To shop: link in bio
Use code STNAILSBYA for $$ off

 #beetlesgelpolish #nailtech #beginnernailtech #beginnernails #nailsathome beetlesbuildergel",
ins,DYSvCfAAS7X,2026-05-14,何嘉怡,2026dealbox&PD,配件,预构建甲片套组,做款;成品展示,视频,,https://www.instagram.com/p/DYSvCfAAS7X/,Shop on Amazon & use my code NAILSBYSYLL for 10% off 🫶🏻 link in my bio @beetlesgelpolish #nailsart #beetlesmeowgiclamp #beetlestipexlite #beetlesdealsbox #beetlesgelpolish,
ins,DYSxoMmotoG,2026-05-14,黄莉莎,KOL品线推广,穿戴甲,UV穿戴甲,做款,视频,,https://www.instagram.com/p/DYSxoMmotoG/,"@beetlesgelpolish Natural Milky White TRENDY SHORT NAILS

#beetlesgelpolish #trendynails #nailstutorial",
ins,DYUu7KgxrT5,2026-05-14,黄嘉丽,KOL品线推广,配件,美甲笔,做款,视频,,https://www.instagram.com/p/DYUu7KgxrT5/,"This Pop Art Nail look is a perfect blend of fun and creativity. 🥰🖤🤍🎨

@beetlesgelpolish 
12 Colors Nail Art Pens 

Product link in Bio
⭐️Use BTJUET10 to save 💰

#diynails #easynailart #nailarttutorial 
#popartnails #nailinspo 

Nail idea nail trends fun nails matte nails cute nails new nails",
tk,7639413222134566174,2026-05-14,黄嘉丽,KOL品线推广,功能胶,胶水,做款;成品展示,视频,,https://www.tiktok.com/@notellascott/video/7639413222134566174,Got lots of questions on how I do my nails at home!! Everything is in my sf! Lmk if you have any other nail questions 🫶🏼💛💅🏼 #gelx #gelxnails #nailtutorial #gelxtutorial #fyp @MelodySusie @SUNUV @Modelones @BeetlesGelPolish @dndgel @Kupa Inc ,
tk,7639418218997615902,2026-05-14,何嘉怡,KOL品线推广,彩胶初学者套装,F13灯套装,做款;成品展示,视频,,https://www.tiktok.com/@alissnailss/video/7639418218997615902,"Colors are sooo pigmented😍😍
-
-
-
-
—@alissnailss #nails #manicuretutorials #nailinspo #pinknails #beetlesgelpolish                    ",
tk,7639423220654918943,2026-05-14,马明慧,KOL品线推广,穿戴甲,穿戴甲款式,成品展示,视频,,https://www.tiktok.com/@deissydl/video/7639423220654918943,New nails #nailart #pressonnails @BeetlesGelPolish ,
tk,7639433195351526686,2026-05-14,黄嘉丽,KOL品线推广,彩胶,混合套组,开箱,视频,,https://www.tiktok.com/@nailsbytifflin/video/7639433195351526686,Unboxing the new BEETLES PRO @BeetlesGelPolish 😍 #fypツ #beetlesgelpolish #beetlespro #unboxing #nailtech ,
tk,7639440384216632607,2026-05-14,罗惠仪,KOL品线推广,彩胶,透色,开箱;刷色,视频,,https://www.tiktok.com/@helengleznails/video/7639440384216632607,✨BEETLES ✨6 TONOS NUDE para un acabado clásico y elegante 🫶🏻#tiktokshopcreatorpicks #recommendations #tiktokshop #nailstech #nailstech ,
tk,7639458054391516446,2026-05-14,周紫月,KOL品线推广,彩胶,纯色,开箱;口播,视频,,https://www.tiktok.com/@sukinails_/video/7639458054391516446,"PR unboxing from @BeetlesGelPolish summer Voyage summer specials. 

-Use my code “SUKINAILS” for 10% off and link in my bio 

#beetlessummervoyage #beetlesgelpolish #BeetlesSummerSpecials #Beetlessunstripe #summernails ",
tk,7639460878273875231,2026-05-14,何嘉怡,KOL品线推广,彩胶,特色胶,成品展示,视频,,https://www.tiktok.com/@nails_by_normaa/video/7639460878273875231,@Beetles Nail Boutique #cateye #nails #almondnails #hemet #sanjacinto ,
tk,7639462085637737758,2026-05-14,何嘉怡,KOL品线推广,构建美甲,纯色,做款;成品展示,视频,,https://www.tiktok.com/@beautybyzariii/video/7639462085637737758,i don’t remember the last time i had a snow cone and now i’m craving one 😭 #nail #nails #nailart #nailtech #nailtutorial ,
tk,7639468009093877005,2026-05-14,马明慧,KOL品线推广,配件,美甲灯,开箱,视频,,https://www.tiktok.com/@keshas.klawset/video/7639468009093877005,"Obsessedddddd 

#beetles #beetleslamp #beetlesgelpolish ",
tk,7639480050236050719,2026-05-14,何嘉怡,2026dealbox&PD,配件,预构建甲片套组,做款;成品展示,视频,,https://www.tiktok.com/@nailsby_syll/video/7639480050236050719,Shop on Amazon & use my code NAILSBYSYLL for 10% off 🫶🏻 link in my bio @BeetlesGelPolish #nailsart #beetlesmeowgiclamp #beetlestipexlite #beetlesdealsbox #beetlesgelpolish ,
tk,7639488042767600926,2026-05-14,何嘉怡,KOL品线推广,彩胶,纯色,开箱,视频,,https://www.tiktok.com/@_nailedbyniaa/video/7639488042767600926,"20 pcs gel nail polish kit 😍 PIGMENTED & SELF LEVELING!! Comes with Top coat, Matte Top coat, Base coat, Cuticle Serum and Nail tool #beetlesgelpolish #beetlesgelpolishkit #foryoupage ",
tk,7639495110668946719,2026-05-14,何嘉怡,2026美甲灯,配件,预构建甲片套组,开箱,视频,,https://www.tiktok.com/@_nailedbyniaa/video/7639495110668946719,THANK YOU @BeetlesGelPolish 😍😍😍 Ahhh I love everything!! Shop items in my showcase #beetlesgelpolish #foryoupage #fyp #nailtech #trend ,
tk,7639511188275039502,2026-05-14,高咏欣,KOL品线推广,穿戴甲,穿戴甲款式,开箱;口播,视频,,https://www.tiktok.com/@iinayahii/video/7639511188275039502,Tiktok shop free sample haul 🩷🛍️ I genuinely love to make these videos 😩 #tiktokshophaul #freesamplestiktokshop #tiktokshop #fyp ,
tk,7639512853292059924,2026-05-14,黄嘉丽,2026dealbox&PD,彩胶,纯色,做款;成品展示,视频,,https://www.tiktok.com/@dipoliciousnailz/video/7639512853292059924,"🫧🎨 Who’s ready for a colourful SUMMER. Using @BeetlesGelPolish Summer 36 Colors Gel Nail Polish Kit. There’s so many bright and fun colors 😍

Use Code 👉🏼 BTANITAUS10 - Save 10%
Link in bio

#beetlesgelpolish #summernails #bloominggel #neonnails #nailinspo 

Nail inspo pink green mint neon Fun cute festive blooming gel bright neutral spring stamp hack French",
tk,7639522089036303629,2026-05-14,林盈盈,2026dealbox&PD,配件,预构建甲片套组,开箱,视频,,https://www.tiktok.com/@stunzak/video/7639522089036303629,Use code STUNZAK10 for 10% off using the link in my bio!! | Thank you @BeetlesGelPolish 🎀✨ #Beetlesgelpolish #beetlesdealsbox #nailinspo #nailart#fyp ,
tk,7639548313829756191,2026-05-14,李伊芸,2026dealbox&PD,彩胶初学者套装,特色胶,开箱;口播,视频,,https://www.tiktok.com/@pressedby.1zyy/video/7639548313829756191,"Thank you @BeetlesGelPolish🥹🙈 
I can’t wait to use all of this!! #beetlesdealsbox #nailsupply #nailsathome #nailproducts #beetlesgelpolish ",
tk,7639563959992945951,2026-05-14,周紫月,KOL品线推广,彩胶,混合套组,开箱;口播,视频,,https://www.tiktok.com/@_odalesvillalobos_/video/7639563959992945951,A must 10/10 !! #foryoupage #gelnailpolish #beetlesgelpolish #gelxnails #fyppppppppppppppppppppppp @BeetlesGelPolish ,
tk,7639568261851434261,2026-05-14,李伊芸,KOL品线推广,彩胶初学者套装,F13灯套装,做款,视频,,https://www.tiktok.com/@tem.aye/video/7639568261851434261,"seriously needed this so bad 
#maintenanceday #selfcareroutine #blackgirlselfcare 
@Ygwigs @BeetlesGelPolish  ",
tk,7639579836691909901,2026-05-14,李伊芸,KOL品线推广,构建美甲,构建胶,开箱,视频,,https://www.tiktok.com/@krayznailz/video/7639579836691909901,builder gel is a NEED 🙏🙏 and i love how thick beetles is!! @BeetlesGelPolish #beetlesgelpolish #nailglue #gelxglue #buildergel #strongnails ,
tk,7639584290690452749,2026-05-14,何嘉怡,2026母亲节礼盒,彩胶,混合套组,开箱;口播,视频,,https://www.tiktok.com/@adalyn.brooke/video/7639584290690452749,THANK YOU @BeetlesGelPolish!!!🩷 #pr #haul #beetlesgelpolish #nailhaul #prunboxing ,
tk,7639765442642447647,2026-05-14,林盈盈,2026dealbox&PD,彩胶初学者套装,预构建甲片套组,开箱,视频,,https://www.tiktok.com/@morganizedandco/video/7639765442642447647,"can’t believe i got my first PR 🤭😭
filming me doing my nails this weekend!! 💅🏼🩷

tysm @BeetlesGelPolish 
#beetlesgelpolish #beetlesdealsbox 
#pr #prunboxing #Lifestyle ",
yt,QObAelZVhn4,2026-05-14,林盈盈,2026dealbox&PD,彩胶初学者套装,预构建甲片套组,开箱,视频,,https://www.youtube.com/watch?v=QObAelZVhn4,can’t believe i got my first PR!!! 🤭😭,
yt,wvyehMkjcJY,2026-05-14,黄嘉丽,KOL品线推广,穿戴甲,穿戴甲款式,开箱;教程;成品展示,视频,,https://www.youtube.com/watch?v=wvyehMkjcJY,The prettiest milky white press-ons 🤍✨,
fb,122175064304901749,2026-05-13,黄莉莎,KOL品线推广,彩胶,混合套组,做款,视频,1,https://www.facebook.com/reel/1046951924325691,"Summer nails🩷

En mi link encuentras el enlace de esta caja con colores para este verano 😍 
@beetlesgelpolish 

Usa mi código “Promairin”

#nails #nailsnailsnails #nailsbymairin #nailinspo #beetlesgelpolish",
ins,DYP1h-5P3_y,2026-05-13,黄莉莎,2026dealbox&PD,彩胶初学者套装,四指灯套装,成品展示,图片,,https://www.instagram.com/p/DYP1h-5P3_y/,@beetlesgelpolish @beetles_community #beetlesnailchallenge,
ins,DYP_E1OpOjy,2026-05-13,黄嘉丽,KOL品线推广,彩胶初学者套装,甲片延长套组,做款;成品展示,视频,,https://www.instagram.com/p/DYP_E1OpOjy/,"My first time doing Gel-X nails at home 🌻🎀 the cutest spring nails @beetlesgelpolish how did I do? 👀

#gelx #diynails #diy #springnail #springnailart",
ins,DYPpluvgRaL,2026-05-13,罗婧,KOL品线推广,穿戴甲,胶水,做款,视频,,https://www.instagram.com/p/DYPpluvgRaL/,"Classic short French with pink base from @beetlesgelpolish 🤍
🔗 in bio use code: STUSHB10

#frenchtip #frenchtipsnails #shortnails #pressons #diynails",
ins,DYQGXmjlrh1,2026-05-13,黄莉莎,2026dealbox&PD,彩胶初学者套装,四指灯套装,成品展示,视频,,https://www.instagram.com/p/DYQGXmjlrh1/,"Animal Print + Whimsical Nail Art 〰️ @beetlesgelpolish #beetlesnailchallenge

I created a set for my love of animal print and whimsical art! 

Products Used:
Beetles Studio Essentials Gel Nail Kit

#BeetlesDealsBox #beetlesgelpolish",
ins,DYQac4eMvoM,2026-05-13,黄嘉丽,KOL品线推广,彩胶,纯色,做款,视频,,https://www.instagram.com/p/DYQac4eMvoM/,"come make cute café girl press-ons with me 🤍
#pressonnails #handmadenails #handmadenails",
ins,DYQtD62MN47,2026-05-13,黄莉莎,KOL品线推广,彩胶,混合套组,做款,视频,1,https://www.instagram.com/p/DYQtD62MN47/,"Summer nails🩷

En mi link encuentras el enlace de esta caja con colores para este verano 😍 
@beetlesgelpolish 

Usa mi código “Promairin”

#nails #nailsnailsnails #nailsbymairin #nailinspo #beetlesgelpolish",
ins,DYQvkoTxbkU,2026-05-13,黄莉莎,2026母亲节礼盒,彩胶,混合套组,做款;口播,视频,,https://www.instagram.com/p/DYQvkoTxbkU/,This was the perfect gift for mother’s day! I had so much fun spending time with my mom! 🌸🤍 use code: bylilz10 to save money! @beetlesgelpolish #manitimewithmom #beetlesgelpolish #motherdaygift #fyp #viral  product link: https://www.beetlesgel.com/collections/best-mother-s-day-mani-gel-polish-gifts-2026?utm_source=social&utm_medium=nailzby.lilz,
ins,DYQxktTt-qN,2026-05-13,何嘉怡,KOL品线推广,彩胶,纯色,做款,视频,,https://www.instagram.com/p/DYQxktTt-qN/,@beetlesgelpolish,
ins,DYSDW0xAnfR,2026-05-13,周紫月,KOL品线推广,配件,美甲灯,做款;创意,视频,,https://www.instagram.com/p/DYSDW0xAnfR/,"this is how it turned out … and honestly I’m obsessed 💅✨
would you choose this set? 👀

used Beetles Pro Poetry of Garden + Flashcure lamp 💖
@beetlesgelpolish 
#nailchallenge #nailinspo #nailart #gelnails #beetlespro",
tk,7639042831323057429,2026-05-13,罗婧,KOL品线推广,穿戴甲,胶水,做款,视频,,https://www.tiktok.com/@stush.b/video/7639042831323057429,"My classic go to look nails💅🏾 Short French with a pink base from @BeetlesGelPolish 

Use code: STUSHB10

#pressonnails #pressons #frenchtipnails #fyp #diynails ",
tk,7639051837794045214,2026-05-13,李伊芸,2026母亲节礼盒,彩胶,混合套组,口播;Giveaway,视频,1,https://www.tiktok.com/@gracelianakyle/video/7639051837794045214,"Nail supply give away!! 130$ value 💅 
how to enter:
-follow me 
-comment a picture of 
nails you’ve done 
(or nails you’ve had) 
Extra entries: 
Follow my insta(same as tt)
-repost to story #nailsupplies #nailsupplygiveaway #nails #giveaway #diynails ",
tk,7639071415014083871,2026-05-13,何嘉怡,2026美甲灯,配件,美甲灯,开箱,视频,,https://www.tiktok.com/@nailzbyzaida/video/7639071415014083871,"Beetles new Meowgic StrawPurr Nail Lamp is so convenient!! Find it on my Amazon storefront in my bio!! use my code TPZAIDA10 for 10% off! @BeetlesGelPolish Beetles l #Beetlesgelpolish #beetlesmeowgiclamp #meowgicnaillamp #BeetlesGooseneck #UVNailLamp 
 ",
tk,7639096613759159566,2026-05-13,周紫月,,假指甲,预构建甲片套组,开箱;口播,视频,,https://www.tiktok.com/@darlittshop/video/7639096613759159566,#setdeuñas#uñaspresson #pressonnails #uñasencasa#uñasdecoradas ,项目缺失
tk,7639133720569548046,2026-05-13,何嘉怡,KOL品线推广,彩胶,透色,开箱;刷色,视频,,https://www.tiktok.com/@saraiventura.nails/video/7639133720569548046,#manicurista ,
tk,7639137200667479310,2026-05-13,黄嘉丽,KOL品线推广,彩胶,裸透色彩胶,开箱,视频,,https://www.tiktok.com/@denisegranjagaitan/video/7639137200667479310,Enamorada 10/10 se los recomiendo chicas #nail#ojodegato#manicurista#tiktokshop#uñas  ,
tk,7639142949095279892,2026-05-13,黄嘉丽,KOL品线推广,彩胶,纯色,做款,视频,,https://www.tiktok.com/@littlebrushnails/video/7639142949095279892,"come make cute café girl press-ons with me 🤍
#pressonnails #handmadepressonnails #tiktok ",
tk,7639156924054785294,2026-05-13,黄嘉丽,KOL品线推广,假指甲,甲片,做款;口播,视频,,https://www.tiktok.com/@sonyased5/video/7639156924054785294,"Saved $160 ❤️💅 nail drill is @coslus / polish and light is @Olive & June / red color is CV / nails I used from Amazon 

 #DIY #nail #nailsathome ",
tk,7639161572635446541,2026-05-13,林盈盈,KOL品线推广,构建美甲,捏捏胶,做款,视频,,https://www.tiktok.com/@aisebrush/video/7639161572635446541,"3d flower nails 🪩🖤 using @BeetlesGelPolish 

#nails #nailart #nailtech #nailinspo #nailtutorial ",
tk,7639188623190920461,2026-05-13,周紫月,KOL品线推广,彩胶,透色,开箱;口播,视频,,https://www.tiktok.com/@brooklynshighlights/video/7639188623190920461,Beetles 6 Color Nail Polish Set🙌🏼🫧✨💕 HEMA Free! #beetlesgelpolish #gelpolish #foryou #nailsathomecheck #trendy @BeetlesGelPolish ,
tk,7639190684766932255,2026-05-13,黄莉莎,KOL品线推广,彩胶,混合套组,做款,视频,,https://www.tiktok.com/@nailsbymairin/video/7639190684766932255,"@BeetlesGelPolish 
Code “Promairin”

Link “ https://www.amazon.com/stores/page/D6170396-E6FD-4916-A285-92BFED245E8C?channel=PRO-nailsbymairin

#beetlesgelpolish #nails #nailsbymairin #nailsinspo #nailsart ",
tk,7639190748864220447,2026-05-13,黄莉莎,KOL品线推广,彩胶,混合套组,做款,视频,,https://www.tiktok.com/@nailsbymairin/video/7639190748864220447,"@BeetlesGelPolish 

Code “ProMairin

Link “https://www.amazon.com/stores/page/D6170396-E6FD-4916-A285-92BFED245E8C?channel=PRO-nailsbymairin

#beetlesgelpolish #nails #nailsbymairin #nailsinspo #nailsart ",
tk,7639196754549738765,2026-05-13,何嘉怡,KOL品线推广,彩胶,裸透色彩胶,开箱;刷色,视频,,https://www.tiktok.com/@saraiventura.nails/video/7639196754549738765,#manicurista @BeetlesGelPolish @Beetles Nail Boutique ,
tk,7639197217684868366,2026-05-13,马明慧,KOL品线推广,功能胶,功能胶套组,做款,视频,,https://www.tiktok.com/@julie_ulie/video/7639197217684868366,Cùng mình đi làm nhe! 💅 #cuocsongmy #cometoworkwithme #nailtiktok #xuhuong #fyp ,
tk,7639197621327777038,2026-05-13,何嘉怡,KOL品线推广,彩胶,纯色,做款,视频,,https://www.tiktok.com/@nunis_nails/video/7639197621327777038,,
tk,7639197735039814942,2026-05-13,何嘉怡,KOL品线推广,彩胶,混合套组,做款;成品展示,视频,1,https://www.tiktok.com/@schantalkarin/video/7639197735039814942,Uñas con puntos | Cómo hacer unos polka dots fácil? 💞 ,
tk,7639199938034797838,2026-05-13,何嘉怡,KOL品线推广,功能胶,胶水,成品展示,视频,,https://www.tiktok.com/@nunis_nails/video/7639199938034797838,,
tk,7639228018774248718,2026-05-13,何嘉怡,KOL品线推广,彩胶,纯色,开箱;刷色,视频,,https://www.tiktok.com/@saraiventura.nails/video/7639228018774248718,Mis favoritos 🌸💕 #manicurista #nailtech ,
tk,7639229135856012574,2026-05-13,何嘉怡,KOL品线推广,彩胶,特色胶,开箱,视频,,https://www.tiktok.com/@nails_by_normaa/video/7639229135856012574,Hermosos colores😍@BeetlesGelPolish #cateye #gel #pink #nails #beetle ,
tk,7639238991451147534,2026-05-13,高咏欣,KOL品线推广,穿戴甲,UV穿戴甲,做款,视频,,https://www.tiktok.com/@soreall1994/video/7639238991451147534,"Im not one to wear nails but these are the cutestttt and so easy to apply!! Product is linked or in my showcase 🤗🤗 @BeetlesGelPolish 
-
#beetlesgelpolish #beetlespressonnails #pressonnails #frenchtipnails #beetlesnailstips 
 ",
tk,7639271583239998740,2026-05-13,何嘉怡,2026母亲节礼盒,配件,预构建甲片套组,开箱;口播,视频,1,https://www.tiktok.com/@colourwitchchloe246/video/7639271583239998740,Unboxed a package from be with me. @BeetlesGelPolish thank you so much.#beetlesgelpolish#beetlesprpackage#unboxwithme#prpackage#influncer ,
tk,7639369191010635026,2026-05-13,李伊芸,KOL品线推广,彩胶初学者套装,甲片,做款,视频,,https://www.tiktok.com/@autumnnggrwm/video/7639369191010635026,do my nails with me! #nails #gelnails #domynailswithme #xybca #viral ,
tk,7639373311473880334,2026-05-13,周紫月,KOL品线推广,配件,美甲灯,做款;创意,视频,,https://www.tiktok.com/@voloshka_purple/video/7639373311473880334,"this is how it turned out … and honestly I’m obsessed 💅✨
would you choose this set? 👀

used Beetles Pro Poetry of Garden + Flashcure lamp 💖
@BeetlesGelPolish 
#nailchallenge #nailinspo #nailart #gelnails #beetlespro ",
tk,7639375702998912287,2026-05-13,何嘉怡,KOL品线推广,彩胶,纯色,开箱,视频,,https://www.tiktok.com/@nailzbyzaida/video/7639375702998912287,"And they're full size bottles!! 🌸 you can find them on my storefront in my bio, use TPZAIDA10 for 10% off! @BeetlesGelPolish #beetlesgelpolish #beetlesnailnook #Summernail ",
tk,7639396112184380692,2026-05-13,黄莉莎,KOL品线推广,构建美甲,捏捏胶,做款,视频,,https://www.tiktok.com/@nailsbya_design/video/7639396112184380692,"Mario Kart - inspired nails Using the Beetles Crystal Orb 3D Nail Art Gel Kit along with shades from their Four Seasons Glow Collection 💫

Products used:

💅 Beetles Gel Polish
F193, F211, F221, F202, F199, F191, F192, F222

* Glitter Top Coat
* Crystal Orb 3D Gel

💅 Bio Seaweed Gel
Onyx
Lime Time
Melon Coral

✨ To shop: link in bio
Use code STNAILSBYA for $$ off

 #beetlesgelpolish #nailtech #beginnernailtech #beginnernails #nailsathome @BeetlesGelPolish beetlesbuildergel",
yt,RiiwzS9bLZs,2026-05-13,黄嘉丽,2026dealbox&PD,彩胶,纯色,做款;成品展示,视频,,https://www.youtube.com/watch?v=RiiwzS9bLZs,🫧🎨🌷EASY French Manicure Hack… Beetles Gel Polish,
yt,elthMe7n_N8,2026-05-13,周紫月,KOL品线推广,配件,美甲灯,做款;创意,视频,,https://www.youtube.com/watch?v=elthMe7n_N8,this is how it turned out …🌸,
yt,oWQHERx8Z0w,2026-05-13,黄莉莎,KOL品线推广,穿戴甲,UV穿戴甲,做款,视频,,https://www.youtube.com/watch?v=oWQHERx8Z0w,‪@beetlesgelpolish‬,
ins,DYN38g2xn41,2026-05-12,何嘉怡,2026母亲节礼盒,彩胶,混合套组,做款;成品展示,视频,,https://www.instagram.com/p/DYN38g2xn41/,Uñas en casa con efecto perlado 💗 #uñasencasa,
ins,DYNZfMGvZ3D,2026-05-12,黄莉莎,KOL品线推广,配件,透色,做款,视频,,https://www.instagram.com/p/DYNZfMGvZ3D/,"Mírame hacer un diseño con productos de @beetlesgelpolish 
✨🌸💖
Código de descuento: CLMISSWITCH
Los productos que use: 
Beetles Soft Tint Nude Gel Nail Polish Set
Beetles 96 Pcs Gel Nail Kit with U V Light & DIY Magnet Set
Beetles 2 Pcs 15ml No Wipe Gel Top Coat and Base Coat Set
Beetles Meowgic Milkkitty Nail Lamp
•
•
#nailtech #beginnernailtech #beetlesgelpolish #lanails #misswitchnails",
ins,DYNxfqCs4X4,2026-05-12,林盈盈,KOL品线推广,彩胶,混合套组,品牌向,视频,,https://www.instagram.com/p/DYNxfqCs4X4/,"✨ 𝐏𝐫𝐞𝐬𝐬 & 𝐌𝐢𝐧𝐠𝐥𝐞 with @new_york_edge 💅🏽🤍

Thank you so much to @new_york_edge for bringing your students to spend part of their spring break with us 🫶🏽 It was truly such an amazing experience getting to connect, create, and pour into the next generation of young creatives & entrepreneurs ✨

When I opened @gotyoupolished, I always knew I wanted it to be 𝘮𝘰𝘳𝘦 𝘵𝘩𝘢𝘯 𝘫𝘶𝘴𝘵 𝘢 𝘴𝘢𝘭𝘰𝘯. I wanted it to be a space built around 𝐜𝐨𝐦𝐦𝐮𝐧𝐢𝐭𝐲, creativity, opportunity, and giving back. Being able to speak to students who come from similar backgrounds as me and remind them that 𝘢𝘯𝘺𝘵𝘩𝘪𝘯𝘨 𝘪𝘴 𝘱𝘰𝘴𝘴𝘪𝘣𝘭𝘦 when you put your mind and heart into it means everything to me 🥹🤍

Huge thank you to @beetlesgelpolish for sponsoring the tortoise kits 🐢✨ They were SO easy for the students to use and helped everyone create such beautiful designs during class 💅🏽

Seeing the confidence, creativity, and excitement in the room is exactly why we do this 🫶🏽✨

𝐃𝐨𝐧’𝐭 𝐟𝐨𝐫𝐠𝐞𝐭 — our educational e-book/manual that we use during our Gel-X & Gel Manicure classes is available now 🤍 𝘓𝘪𝘯𝘬 𝘪𝘯 𝘣𝘪𝘰 ✨",
ins,DYPb7xqgrx5,2026-05-12,罗婧,KOL品线推广,穿戴甲,UV穿戴甲,开箱;做款;口播,视频,,https://www.instagram.com/p/DYPb7xqgrx5/,"Probé las Beetles Pink Short Square Press On Nails y estoy obsesionada 🎀✨
Quedaron súper naturales, fáciles de aplicar y con acabado como de salón en minutos 🫶

Perfectas para un look clean, femenino y rápido 💅

Usa mi código SANDVELA para 10% de descuento ✨
¡Link en mi bio! @beetlesgelpolish #beetlesgelpolish #pressonnails #pinknails #uñasrosas #uñaspresson nailinspo",
tk,7638671758760873237,2026-05-12,黄嘉丽,KOL品线推广,彩胶初学者套装,透色,开箱;口播,视频,,https://www.tiktok.com/@dollzbycc/video/7638671758760873237,"🌸🍨🍫
Got it from Amazon (link in bio) 
USE CODE STDOLLZ10 for 10% off 😍

@beetlesgelpolishofficial
#nails #nailart #neopolitan #beetlesgelpolish",
tk,7638673242835799316,2026-05-12,黄嘉丽,KOL品线推广,彩胶初学者套装,透色,成品展示,视频,,https://www.tiktok.com/@dollzbycc/video/7638673242835799316,"I do my nails at home & im proud of the little suckers okaaayyyyy 🤎🍨🌸 

#neopolitan #nailinspo #diynails @BeetlesGelPolish #beetlesgelpolish ",
tk,7638719704990797078,2026-05-12,罗婧,KOL品线推广,穿戴甲,穿戴甲款式,做款,视频,,https://www.tiktok.com/@laura.x64/video/7638719704990797078,@BeetlesGelPolish I recommend this kit!! Literally looks like you went to the nail salon and got them done!!💓#nailkit #bettlesgelpolish #DIYnails #nailstutorial #fyp ,
tk,7638721636375579924,2026-05-12,黄嘉丽,2026dealbox&PD,彩胶,纯色,做款,视频,,https://www.tiktok.com/@nailzbyneesha/video/7638721636375579924,"Make a set of press ons using Beetles Gel Polish!✨ 
•
 Polishes from @BeetlesGelPolish 
Red - a522
Jelly White - a732 
Nude base - e525
Baby yellow - 837 (I mixed this one with white gel polish for this set!)
•
Press on set - Birthday Cake🍒 (link in bio to purchase!)
#pressonnails #beetlesgelpolish #pressonnailbusiness #nailart #handmadepressonnails ",
tk,7638721673293843743,2026-05-12,黄莉莎,KOL品线推广,配件,透色,做款,视频,,https://www.tiktok.com/@.misswitchnails/video/7638721673293843743,"Mírame hacer un diseño con productos de @BeetlesGelPolish 
✨🌸💖

Código de descuento: CLMISSWITCH

Los productos que use: 
Beetles Soft Tint Nude Gel Nail Polish Set
Beetles 96 Pcs Gel Nail Kit with U V Light & DIY Magnet Set
Beetles 2 Pcs 15ml No Wipe Gel Top Coat and Base Coat Set
Beetles Meowgic Milkkitty Nail Lamp
#nails #nailtech #beginnernailtech #nailtutorial #misswitchnails ",
tk,7638774806074248478,2026-05-12,何嘉怡,KOL品线推广,彩胶,特色胶,做款;成品展示,视频,,https://www.tiktok.com/@americasnails_/video/7638774806074248478,Ugh I’m so in love 🩷😍💕💖 #cateye #nailart #pinknails #nailtutorial #nailvideos ,
tk,7638826015359257887,2026-05-12,罗惠仪,KOL品线推广,彩胶,纯色,创意;成品展示,视频,,https://www.tiktok.com/@youluvvpiper/video/7638826015359257887,i love these nail tips no shade 😭 #fy #beetlesgelpolish #nailtips #nailsartvideos #yellow 💛,
tk,7638831581653716237,2026-05-12,马明慧,KOL品线推广,穿戴甲,UV穿戴甲,开箱;做款,视频,,https://www.tiktok.com/@bryanna_jones/video/7638831581653716237,"@BeetlesGelPolish press ons have my heart 

#pressonnails #athomenails #pressons #pressonnailstutorial ",
tk,7638913961391410462,2026-05-12,罗惠仪,KOL品线推广,假指甲,预构建甲片,开箱;口播,视频,,https://www.tiktok.com/@bold.you/video/7638913961391410462,I’m even more in love with these than I was when they first launched their first tipex !! #beetles #tipex #tipexnails #nailart #gelxnails ,
tk,7638925605530012936,2026-05-12,林盈盈,KOL品线推广,彩胶,纯色,做款,视频,,https://www.tiktok.com/@nailzby.siena/video/7638925605530012936,Doing my mums nails💓 Using: @BeetlesGelPolish #nailtech #fyp #perthnailtech #foryou #beetlesgelpolish ,
tk,7639016980246416647,2026-05-12,罗婧,KOL品线推广,穿戴甲,UV穿戴甲,开箱;做款;口播,视频,,https://www.tiktok.com/@sandv_ela/video/7639016980246416647,"Probé las Beetles Pink Short Square Press On Nails y estoy obsesionada 🎀✨
Quedaron súper naturales, fáciles de aplicar y con acabado como de salón en minutos 🫶

Perfectas para un look clean, femenino y rápido 💅

Usa mi código SANDVELA para 10% de descuento ✨
¡Link en mi bio! @BeetlesGelPolish #beetlesgelpolish #pressonnails #pinknails #uñasrosas #uñaspresson  ",
yt,4CxAO7lN2BU,2026-05-12,黄嘉丽,KOL品线推广,彩胶,纯色,做款,视频,,https://www.youtube.com/watch?v=4CxAO7lN2BU,come make cute café girl press-ons with me 🤍,
yt,JZ5UA330bGg,2026-05-12,黄嘉丽,KOL品线推广,彩胶,混合套组,开箱,视频,,https://www.youtube.com/watch?v=JZ5UA330bGg,ASMR unboxing gel nail polish,
yt,bpR7tsisrQ0,2026-05-12,黄莉莎,2026dealbox&PD,彩胶初学者套装,预构建甲片,做款,视频,,https://www.youtube.com/watch?v=bpR7tsisrQ0,Animal Print + Whimsical Nail Art 〰️ Beetles Nail Challenge,
yt,rqGw_jEl05Q,2026-05-12,黄嘉丽,KOL品线推广,彩胶,混合套组,刷色,视频,,https://www.youtube.com/watch?v=rqGw_jEl05Q,Beetles Gel Polish Kit Review & Swatches | 25 Ocean Gels,
fb,122174818352901749,2026-05-11,黄莉莎,2026母亲节礼盒,彩胶,混合套组,开箱;做款,视频,,https://www.facebook.com/reel/1003811088751161,"Gracias @beetlesgelpolish por siempre pensar en cada detalle en mi link encuentras el enlace de esta hermosa caja y puedes aplicar a mi código de descuento “Mairin10”

#nailinspo #nailsbymairin #beetlesgelpolish #beetlesmanitimewithmom #nailsofinstagram",
ins,DYLRAVgN0wm,2026-05-11,高咏欣,2026母亲节礼盒,彩胶,混合套组,做款,视频,,https://www.instagram.com/p/DYLRAVgN0wm/,"My mother is my whole wide world ✨ Remember that mothers deserve to be pampered too! They carry us for 9 months, bring life, feed us, and they’re always the first arms we are truly held by. 🥹

Thank you @beetlesgelpolish for making this moment so special for us ❤️ Happy Mother’s Day to all the wonderful mothers in the world 😘",
ins,DYLiIfWskhV,2026-05-11,黄莉莎,2026母亲节礼盒,彩胶,混合套组,开箱;做款,视频,,https://www.instagram.com/p/DYLiIfWskhV/,"Gracias @beetlesgelpolish por siempre pensar en cada detalle en mi link encuentras el enlace de esta hermosa caja y puedes aplicar a mi código de descuento “Mairin10”

#nailinspo #nailsbymairin #beetlesgelpolish #beetlesmanitimewithmom #nailsofinstagram",
ins,DYM4noCxVZB,2026-05-11,何嘉怡,KOL品线推广,彩胶,特色胶,开箱,视频,,https://www.instagram.com/p/DYM4noCxVZB/,The perfect pastel cateye ✨ thank you @beetlesgelpolish 💕 find the link in my bi0 and use c0de: ALASIANN 🫶 #beetlesgelpolish #beetlesnailnook #beetlescateye #cateyenails,
tk,7638295074123566349,2026-05-11,黄莉莎,KOL品线推广,配件,美甲灯,开箱;成品展示,视频,,https://www.tiktok.com/@aracel_yyy/video/7638295074123566349,"The cutest and only gooseneck lamp you’ll ever need 🐾🐱💗
@BeetlesGelPolish 
#fyp #fy #goosenecklamp  
#beetlesmeowgiclamp #meowgicnaillamp",
tk,7638322051677195542,2026-05-11,黄嘉丽,KOL品线推广,彩胶初学者套装,四指灯套装,做款,视频,,https://www.tiktok.com/@mariane_mkl/video/7638322051677195542,"1 Day 1 Design💅🏻 | Hot dog Edition 🌭 | 

#nailarttutorial #3dnailart #foodtok #hotdog #tiktokfr ",
tk,7638322520688463117,2026-05-11,罗惠仪,KOL品线推广,彩胶,混合套组,做款,视频,,https://www.tiktok.com/@3star.asmr/video/7638322520688463117,asmr NAIL DAY my favorite🙈🦋 #asmr #nailart #beauty #asmrvideo #girl ,
tk,7638394609235807501,2026-05-11,马明慧,KOL品线推广,穿戴甲,UV穿戴甲,开箱;口播,视频,,https://www.tiktok.com/@stayspretty/video/7638394609235807501,Thank you @BeetlesGelPolish I can’t wait to try🤍🥹 #pressonnails #beetlesgelpolish #beetlesnails #pressons #summernails ,
tk,7638413149292612895,2026-05-11,林盈盈,KOL品线推广,穿戴甲,穿戴甲款式,giveaway,视频,,https://www.tiktok.com/@itsarielastarr/video/7638413149292612895,"So excited!!!  @BeetlesGelPolish 😍😍😍
#nailtech #nailtok #diynails #giveaway #giveawayalert ",
tk,7638414157867388190,2026-05-11,高咏欣,2026母亲节礼盒,彩胶,混合套组,做款,视频,,https://www.tiktok.com/@modelo.kimmykim/video/7638414157867388190,"My mother is my whole wide world ✨ Remember that mothers deserve to be pampered too! They carry us for 9 months, bring life, feed us, and they’re always the first arms we are truly held by. 🥹

Thank you @BeetlesGelPolish for making this moment so special for us ❤️ Happy Mother’s Day to all the wonderful mothers in the world 😘
#beetlesgelpolish #manitimewithmom #mothersday #fypシ #bronxnailtech ",
tk,7638462063873936671,2026-05-11,黄莉莎,2026母亲节礼盒,彩胶,混合套组,开箱;做款,视频,,https://www.tiktok.com/@nailsbymairin/video/7638462063873936671,"@BeetlesGelPolish 

#beetlesgelpolish #nails #nailsbymairin #nailsinspo ",
tk,7638468154783501589,2026-05-11,林盈盈,2026dealbox&PD,彩胶初学者套装,混合套组,开箱,视频,,https://www.tiktok.com/@ash.frss/video/7638468154783501589,Back with some more prrr and of course it’s from @BeetlesGelPolish !! #fyp #prhaul #nailhaul #beetles #beetlespr ,
tk,7638513765088087327,2026-05-11,何嘉怡,KOL品线推广,彩胶初学者套装,F13灯套装,开箱,视频,,https://www.tiktok.com/@alissnailss/video/7638513765088087327,"Love love loveee it 💌
-
-
-
-
-
-
—@alissnailss #nails #beetlesgelpolish #nailhaul #nailtutorial #unboxingvid                     ",
tk,7638527089741761805,2026-05-11,周紫月,KOL品线推广,彩胶,特色胶,开箱;口播;刷色,视频,,https://www.tiktok.com/@e.vvelinn/video/7638527089741761805,Such beautiful colors 🤩 @BeetlesGelPolish #polishes #beetlescateye #cutepolishes #summercateyepolishes ,
tk,7638589711153483022,2026-05-11,黄莉莎,2026dealbox&PD,配件,预构建甲片,开箱;口播,视频,,https://www.tiktok.com/@adfaith27/video/7638589711153483022,"Thank uou Bettles!

Products:
Beetles Rainbow Core Gel Polish Set
Beetles Soft Tint Jelly Gel Set
Beetles Tipex Lite Apex Nail Tips Stiletto Medium
Beetles Candy White UV/LED Nail Lamp

@BeetlesGelPolish 

#BeetlesNailChallenge #BeetlesDealsBox #beetlesgelpolish #primedaynails #primeday ",
tk,7638594803239783702,2026-05-11,林盈盈,KOL品线推广,彩胶,混合套组,开箱,视频,,https://www.tiktok.com/@sharonspadoni/video/7638594803239783702,"@BeetlesGelPolish grazie grazie grazie!!!! 💕💕💕💕
#adv #onicotecnica #gifted #nailpolish #smalti ",
tk,7638626259802672392,2026-05-11,林盈盈,KOL品线推广,彩胶,纯色,开箱,视频,,https://www.tiktok.com/@nailzby.siena/video/7638626259802672392,@BeetlesGelPolish #beetlesgelpolish #nailtech #fyp #foryou ,
tk,7638636277599931662,2026-05-11,何嘉怡,KOL品线推广,彩胶,特色胶,开箱,视频,,https://www.tiktok.com/@alasiann/video/7638636277599931662,These pastel cat eyes are stunning ✨ Thank you @BeetlesGelPolish 💕 find the l1nk in my bi0 and use c0de: ALASIANN for a disc0unt #beetlesgelpolish #beetlesnailnook #beetlescateye #cateyenails ,
tk,7638649284958670093,2026-05-11,罗惠仪,KOL品线推广,彩胶,透色,开箱;刷色,视频,,https://www.tiktok.com/@glossed.by.liv/video/7638649284958670093,these colors are sooo fun! @BeetlesGelPolish #gelpolish #nailtech #beetlesgelpolish #nailinspo ,
yt,iSyvcM0RHdg,2026-05-11,周紫月,KOL品线推广,构建美甲,构建胶,做款;口播;教程,视频,,https://www.youtube.com/watch?v=iSyvcM0RHdg,Watch me do a full *builder gel* set ✨ step-by-step tutorial,
ins,DYIWjSlSe_I,2026-05-10,李伊芸,KOL品线推广,功能胶,功能胶套组,做款,视频,,https://www.instagram.com/p/DYIWjSlSe_I/,"comment “me” for the everything l use sent straight to your DMs 💌 (make sure your following so the link sends correctly)
GLOW UP SERIES ✨ diy gel x nails edition <3
#glowupseries #diygelxnails #gelxnails #DIY #diygirly",
ins,DYIr31Ah1tn,2026-05-10,罗婧,2026SummerVoyage,彩胶,特色胶,做款;口播,视频,,https://www.instagram.com/p/DYIr31Ah1tn/,Short nails can be cute too! Learning how to do my nails pt. 3 #nail #nailart #nailinspo #fyp #beetlesgelpolish,
ins,DYKX-Pkusyu,2026-05-10,高咏欣,KOL品线推广,功能胶,卸甲液,做款;口播,视频,,https://www.instagram.com/p/DYKX-Pkusyu/,,
ins,DYKXWU3oTcp,2026-05-10,周紫月,KOL品线推广,配件,美甲灯,做款;创意,视频,1,https://www.instagram.com/p/DYKXWU3oTcp/,"nail challenge time 💅✨

using the new Beetles Pro Poetry of Garden set + Flashcure lamp 💖 
@beetlesgelpolish 
#nailchallenge #nailinspo #beetlespro #gelnails #nailideas",
tk,7637938449936354573,2026-05-10,黄莉莎,KOL品线推广,彩胶,纯色,开箱;做款,视频,,https://www.tiktok.com/@aracel_yyy/video/7637938449936354573,"My fav spring nails ever 🍌💙
 ft @BeetlesGelPolish 

#beetlesgelpolish #beetlesnailnook #Springnails #fyp #fy ",
tk,7637950369624050957,2026-05-10,黄莉莎,KOL品线推广,构建美甲,捏捏胶,做款,视频,,https://www.tiktok.com/@aracel_yyy/video/7637950369624050957,"The most gorgeous beach inspired nails 🌸🌊
ft@BeetlesGelPolish 
#beetlesgelpolish #beetlesbuildergel #Springnails #fyp #fy ",
tk,7637971569905618207,2026-05-10,何嘉怡,2026dealbox&PD,彩胶,纯色,开箱;口播;刷色,视频,,https://www.tiktok.com/@nailzbyvesha/video/7637971569905618207,"I'm so so blessed 🥹💕 use ""STEVESHA"" for $off!! Link in my linktree!@BeetlesGelPolish #fyp #beetlesgelpolish #nailtok #fy #beginnernailtech ",
tk,7637974497810844958,2026-05-10,何嘉怡,KOL品线推广,彩胶,混合套组,做款;成品展示,视频,,https://www.tiktok.com/@nailsby.sai/video/7637974497810844958,Replying to @hiitznasa._ obsessedd with animal print cat eye nails #zebraprintnails #cateyenail #nailtutorial #nailart #pressonnails ,
tk,7637983421448342798,2026-05-10,李伊芸,KOL品线推广,功能胶,功能胶套组,做款,视频,,https://www.tiktok.com/@nicoleebennett/video/7637983421448342798,GLOW UP SERIES ✨💅🏼 diy gel x nails at home edition <3 #glowupseries #gelxnails #diynails #diygirly #diy ,
tk,7638006192165506317,2026-05-10,黄莉莎,KOL品线推广,穿戴甲,UV穿戴甲,开箱;口播,视频,,https://www.tiktok.com/@kenley.nebraska/video/7638006192165506317,Get your own press ons from beetles in my bio!!! USE the code UPKENLEY10!!!!!! you won’t regret it !!! I’m so so thankful!! @BeetlesGelPolish #contentcreator #prunboxing #beetlesgelpolish #girlssupportgirls #fyp ,
tk,7638031086592822558,2026-05-10,黄莉莎,2026母亲节礼盒,彩胶,混合套组,做款;口播,视频,,https://www.tiktok.com/@nailzby.lilz/video/7638031086592822558,A day with mom could not be any better with this beetles set. Product link: https://www.beetlesgel.com/collections/best-mother-s-day-mani-gel-polish-gifts-2026?utm_source=social&utm_medium=nailzby.lilz. @BeetlesGelPolish #manitimewithmom #beetlesmanitimewithmom #nail #fouryoupage #fyp ,
tk,7638064694560853278,2026-05-10,黄莉莎,2026SummerVoyage,配件,美甲笔,开箱,视频,,https://www.tiktok.com/@emmadoesnails3/video/7638064694560853278,Thank you so much beetles#nails #gelx #beetlesgelpolish #orangecountynailtech #haul @Beetles Nail Boutique @BeetlesGelPolish ,
tk,7638078161145613598,2026-05-10,何嘉怡,2026母亲节礼盒,彩胶,混合套组,做款;成品展示,视频,1,https://www.tiktok.com/@schantalkarin/video/7638078161145613598,"Tutorial de uñas perladas en casa simple ✨ 

Usé productos del kit de día de las madres de @BeetlesGelPolish para estas uñas, pero todo está siempre en el link de mi bio 💞 ",
tk,7638243691412475167,2026-05-10,高咏欣,KOL品线推广,穿戴甲,UV穿戴甲,开箱,视频,,https://www.tiktok.com/@itsashlyntaylor/video/7638243691412475167,"PR unboxing haul! Big thank you to all the brands that sent me goodies to try out💞! Don’t forget to use my code to get $$ off

@fine'ry. @Thayers @BeetlesGelPolish @Glowmode 

#college #raleigh #unboxinghaul #vlog ",
tk,7638272578230045965,2026-05-10,周紫月,KOL品线推广,配件,美甲灯,做款;创意,视频,1,https://www.tiktok.com/@voloshka_purple/video/7638272578230045965,"nail challenge time 💅✨

using the new Beetles Pro Poetry of Garden set + Flashcure lamp 💖 
@BeetlesGelPolish 
#nailchallenge #nailinspo #beetlespro #gelnails #nailideas ",
tk,7638275273271610644,2026-05-10,高咏欣,KOL品线推广,功能胶,卸甲液,做款;口播,视频,,https://www.tiktok.com/@joujjouuu/video/7638275273271610644,"Ahh I can’t believe I picked these out😍😍

#fyp #pressonnails #nails ",
tk,7638284363720854798,2026-05-10,黄莉莎,KOL品线推广,彩胶,纯色,开箱;成品展示,视频,,https://www.tiktok.com/@aracel_yyy/video/7638284363720854798,"funky spring nails all spring please and thank you 🌸🐞🐝
@BeetlesGelPolish 
#beetlesgelpolish #beetlesnailnook #Springnails #fyp #fy ",
yt,I433etMC0a4,2026-05-10,黄嘉丽,KOL品线推广,构建美甲,预构建甲片套组,开箱;做款;成品展示,视频,,https://www.youtube.com/watch?v=I433etMC0a4,Trying Beetles Tipex Lite Nail Kit & 25 Color Gel Polish Set | Blue Summer 3D Flower Nails,
yt,lNAzkYWPEyQ,2026-05-10,周紫月,KOL品线推广,配件,美甲灯,做款;创意,视频,,https://www.youtube.com/watch?v=lNAzkYWPEyQ,nail challenge time💅,
fb,122174544260901749,2026-05-09,黄莉莎,KOL品线推广,彩胶,混合套组,做款,视频,,https://www.facebook.com/reel/1031655816474159,"Spring nails 

@beetlesgelpolish 

#nails #nailsnailsnails #nailsbymairin #nailinspo #nailsofinstagram",
fb,122293748312222740,2026-05-09,黄莉莎,2026dealbox&PD,彩胶,纯色,开箱;口播,视频,,https://www.facebook.com/reel/933419546291986,"thank you @beetlesgelpolish @beetles_community 
ACRYLIC PRESS-ON ORDERS PLACED VIA DM, All custom, Worldwide shipping 
• Each set is handcrafted with a durable acrylic overlay and structured just as a full set of acrylics! 
Designed for reusability and fully customized to fit your unique nail bed for a seamless, professional salon-quality look 💅. Every order includes Free international shipping, a complete prep kit, and everything you need for 3+ weeks of wear and long-lasting retention. ✨ Press-On Nail Investment (Base Pricing)
French tips are available as an add-on for an additional $20.
* Toes: starting at $50
* Short: $55
* Medium: $65
* Long: $75
* XL: $85
* XXL: $100
* XXXL: $120

💎 Caseyoncé Swarovski Hand-Painted Freestyles
* Medium Length Freestyle: $150
* Long Length Freestyle: $200
* XL Length Freestyle: $300
* XXL Length Freestyle: $400
* XXXL Length Freestyle: $500
For inspiration-based designs or recreation sets, pricing will be provided upon review of your reference photos.

These press-on sets are a timeless investment, perfect for elevating your look again and again.

🛒 How to Place Your Order:
To begin your order, I will send you a Square invoice. Payment must be made in full before the design process begins. You will be able to securely pay your invoice using your card or Apple Pay.
Once your payment is completed:
1. I will collect your shipping information
2. You will send clear photos of your nails next to a quarter (for sizing) in good lighting
3. I will begin creating your custom set
4. Processing time is 14 days. Shipping takes 2–5 business days. (Rush orders for same-week delivery are available for an additional $60 quick processing fee)

#caseysbeautystudio #toledonails #toledo #beetlesgel #acrylicpressons toledoohionails toledonailtech toledoohionailsalon toledoohionailtech detroitnailtech detroitnails annarbornails monroenailtech monroenails detroitgolf  Bowlinggreennails northvillenails explorepage explore explorepagenails novinailtech nailsfyp rochesterhillsnails 
419nailtech lucascounty stClairshores  royaloaknails northwestohionails acrylicpressonnails",
fb,122293802522222740,2026-05-09,黄莉莎,2026dealbox&PD,彩胶,纯色,开箱;口播,视频,,https://www.facebook.com/reel/854911680975245,"#beetlesgel Are you an aspiring nail tech… ready to master your skills? let’s build our skills together with our 1:1 online & in person skill mastery courses, DM to enroll. (this is to learn the artistry, not to get licensed.)

Are you looking for a bomb nail tech… outstanding customer service skills, comfortable environment and Unique Long-lasting nails?🩷 Let’s Pamper ourselves with One-Of-A-Kind nails🚨
• ✨Luxury at your fingertips✨ 
Custom reusable handmade acrylic press-ons shipped straight to you✈️ , complete with our @caseys_beauty_studio deluxe prep kit for 3+ weeks of flawless wear. 💅. Order Inquiries: 📲 When you DM, send: Length, shape, and inspo pics 💕 via DM & the number in my bio
•💕your nail dreams awaits you!💖
Schedule your luxurious nail appointment at 5151 Monroe st. Toledo, Oh; Suite 232✨
Allow yourself a Self Care day and treat yourself here at @caseys_beauty_studio where a luxury experience awaits you! Schedule an appointment today by clicking the link in my bio! 

•ALL PRODUCTS USED IN THIS VIDEO LINKED IN MY AMAZON STOREFRONT (bio) 
#caseysbeautystudio #toledonails #toledo #acrylicpressons toledoohionails toledonailtech toledoohionailsalon toledoohionailtech detroitnailtech detroitnails detroitgolf monroenailtech BirminghamDetroit northvillenails Bowlinggreennails grossepointe
 explorepage explore explorepagenails novinailtech nailsfyp rochesterhillsnails
419nailtech lucascounty  royaloaknails stClairshoresnails northwestohionails acrylicpressonnails @youngnailsinc @kupainc @makartt_official @beetlesgelpolish @dndgel",
ins,DYF1jXMu8My,2026-05-09,黄莉莎,2026dealbox&PD,彩胶,纯色,开箱;口播,视频,,https://www.instagram.com/p/DYF1jXMu8My/,"#beetlesgel Are you an aspiring nail tech… ready to master your skills? let’s build our skills together with our 1:1 online & in person skill mastery courses, DM to enroll. (this is to learn the artistry, not to get licensed.)

Are you looking for a bomb nail tech… outstanding customer service skills, comfortable environment and Unique Long-lasting nails?🩷 Let’s Pamper ourselves with One-Of-A-Kind nails🚨
• ✨Luxury at your fingertips✨ 
Custom reusable handmade acrylic press-ons shipped straight to you✈️ , complete with our @caseys_beauty_studio deluxe prep kit for 3+ weeks of flawless wear. 💅. Order Inquiries: 📲 When you DM, send: Length, shape, and inspo pics 💕 via DM & the number in my bio
•💕your nail dreams awaits you!💖
Schedule your luxurious nail appointment at 5151 Monroe st. Toledo, Oh; Suite 232✨
Allow yourself a Self Care day and treat yourself here at @caseys_beauty_studio where a luxury experience awaits you! Schedule an appointment today by clicking the link in my bio! 

•ALL PRODUCTS USED IN THIS VIDEO LINKED IN MY AMAZON STOREFRONT (bio) 
#caseysbeautystudio #toledonails #toledo #acrylicpressons toledoohionails toledonailtech toledoohionailsalon toledoohionailtech detroitnailtech detroitnails detroitgolf monroenailtech BirminghamDetroit northvillenails Bowlinggreennails grossepointe
 explorepage explore explorepagenails novinailtech nailsfyp rochesterhillsnails
419nailtech lucascounty  royaloaknails stClairshoresnails northwestohionails acrylicpressonnails @youngnailsinc @kupainc @makartt_official @beetlesgelpolish @dndgel",
ins,DYF1x9Lgo6E,2026-05-09,罗婧,KOL品线推广,彩胶,混合套组,做款;口播,视频,,https://www.instagram.com/p/DYF1x9Lgo6E/,"We have nails at home 💅🏼

*but if you don’t have nails at home let’s fix that! Let me know if you need links! Or you can find all of my at home nail supplies and product in the link in my bio 💛",
ins,DYFZpZqRW3w,2026-05-09,黄嘉丽,2026母亲节礼盒,彩胶,混合套组,开箱,视频,1,https://www.instagram.com/p/DYFZpZqRW3w/,"@beetlesgelpolish 

#maryammkamall #explore #beetlesgelpolish #fyp #explorepage",
ins,DYFzswvuxHM,2026-05-09,黄莉莎,2026dealbox&PD,彩胶,纯色,开箱;口播,视频,,https://www.instagram.com/p/DYFzswvuxHM/,"thank you @beetlesgelpolish @beetles_community 
ACRYLIC PRESS-ON ORDERS PLACED VIA DM, All custom, Worldwide shipping 
• Each set is handcrafted with a durable acrylic overlay and structured just as a full set of acrylics! 
Designed for reusability and fully customized to fit your unique nail bed for a seamless, professional salon-quality look 💅. Every order includes Free international shipping, a complete prep kit, and everything you need for 3+ weeks of wear and long-lasting retention. ✨ Press-On Nail Investment (Base Pricing)
French tips are available as an add-on for an additional $20.
* Toes: starting at $50
* Short: $55
* Medium: $65
* Long: $75
* XL: $85
* XXL: $100
* XXXL: $120

💎 Caseyoncé Swarovski Hand-Painted Freestyles
* Medium Length Freestyle: $150
* Long Length Freestyle: $200
* XL Length Freestyle: $300
* XXL Length Freestyle: $400
* XXXL Length Freestyle: $500
For inspiration-based designs or recreation sets, pricing will be provided upon review of your reference photos.

These press-on sets are a timeless investment, perfect for elevating your look again and again.

🛒 How to Place Your Order:
To begin your order, I will send you a Square invoice. Payment must be made in full before the design process begins. You will be able to securely pay your invoice using your card or Apple Pay.
Once your payment is completed:
1. I will collect your shipping information
2. You will send clear photos of your nails next to a quarter (for sizing) in good lighting
3. I will begin creating your custom set
4. Processing time is 14 days. Shipping takes 2–5 business days. (Rush orders for same-week delivery are available for an additional $60 quick processing fee)

#caseysbeautystudio #toledonails #toledo #beetlesgel #acrylicpressons toledoohionails toledonailtech toledoohionailsalon toledoohionailtech detroitnailtech detroitnails annarbornails monroenailtech monroenails detroitgolf  Bowlinggreennails northvillenails explorepage explore explorepagenails novinailtech nailsfyp rochesterhillsnails 
419nailtech lucascounty stClairshores  royaloaknails northwestohionails acrylicpressonnails",
ins,DYGKiFJRIgL,2026-05-09,高咏欣,2026母亲节礼盒,彩胶,混合套组,做款,视频,,https://www.instagram.com/p/DYGKiFJRIgL/,"Corre a comprar tu regalo para el día de las madres con @beetlesgelpolish ,código IVANIA10 para un 10% off",
ins,DYGVPxtJVFD,2026-05-09,罗婧,2026SummerVoyage,彩胶,特色胶,开箱;口播,视频,,https://www.instagram.com/p/DYGVPxtJVFD/,🪼🪼🪼#beetlesgelpolish #nails #unboxings #fyp,
ins,DYGYXCfs3Lw,2026-05-09,黄莉莎,KOL品线推广,彩胶,混合套组,做款,视频,,https://www.instagram.com/p/DYGYXCfs3Lw/,"Spring nails 

@beetlesgelpolish 

Link “ https://www.amazon.com/stores/page/D6170396-E6FD-4916-A285-92BFED245E8C?channel=PRO-nailsbymairin

Code “Promairin”

#nails #nailsnailsnails #nailsbymairin #nailinspo #nailsofinstagram",
ins,DYGvvDvOd8F,2026-05-09,罗婧,2026dealbox&PD,配件,美甲笔,开箱;口播,视频,,https://www.instagram.com/p/DYGvvDvOd8F/,"HEMA Allergies are so common now in days, don’t develop an allergy and use my code: ADELIANAIL for 10% off 🫶 link in my bio! 

#beetlesgelpolish #beetlesdealsbox 
#nailtech #smallbusiness #explore",
ins,DYGyBkXOh-q,2026-05-09,罗婧,2026dealbox&PD,配件,美甲笔,做款,视频,,https://www.instagram.com/p/DYGyBkXOh-q/,"🐬🐬🐬🐬 
using Beetles HEMA Free kit code: ADELIANAIL to save $$$ link in bio! 

#beetlesgelpolish #beetlesdealsbox #zaralarson #nails #nailtech",
tk,7637555057440967953,2026-05-09,李伊芸,2026母亲节礼盒,彩胶,混合套组,开箱;做款,视频,,https://www.tiktok.com/@createdbyhaneen/video/7637555057440967953,"Mother’s Day nails but make it fun & elegant 💐✨

Created this beautiful set using @BeetlesGelPolish and I’m obsessed with how simple yet detailed they turned out 💗

Use my code BYHANEEN10 for 10% off until 5/31 
Link in bio ✨

#beetlesgelpolish #beetlesmanitimewithmom #manitimewithmom #thetogetherjourney #nailcollab ",
tk,7637569911719578910,2026-05-09,罗惠仪,KOL品线推广,彩胶,透色,开箱,视频,,https://www.tiktok.com/@manis.by.maz/video/7637569911719578910,Thank you Beetles!! 💛 @BeetlesGelPolish #beetlesgelpolish #prhaul #unboxing #nailtech #fyp ,
tk,7637574327524658445,2026-05-09,周紫月,KOL品线推广,假指甲,预构建甲片套组,开箱,视频,,https://www.tiktok.com/@alecnysduany/video/7637574327524658445,#tiktokshop #beetlesgel #beetlesnails #nails💅 uñas fácil desde casa obtenlo aquí en mi carrito 😙,
tk,7637581023592713494,2026-05-09,黄嘉丽,KOL品线推广,彩胶初学者套装,四指灯套装,做款,视频,,https://www.tiktok.com/@mariane_mkl/video/7637581023592713494,"1 Day 1 Design💅🏻 | Greece Edition  🇬🇷🍋 | Tell me j’ajoute quels pays dans le cup mes starsss🫣 |

#nailarttutorial #fruitnails #summernails #greece #pourtoii 
 ",
tk,7637582091491757326,2026-05-09,罗惠仪,KOL品线推广,彩胶,透色,开箱;口播,视频,,https://www.tiktok.com/@nails.with.cheyenne3/video/7637582091491757326,I’m so excited!! Can’t wait to collab with @BeetlesGelPolish #unboxingvideo #nailtechvideos #fyp #nailtech ,
tk,7637590305243483423,2026-05-09,李伊芸,KOL品线推广,彩胶初学者套装,鼠标灯套装,开箱,视频,,https://www.tiktok.com/@kamisickels_/video/7637590305243483423,@BeetlesGelPolish spoiled me with this set! I’ve been a neutral nail girlie recently so this set was PERFECT 🤎 #beetlesgelpolish #beetlesgelkit #hemafreegel #neutralgelpolish #manicureessentialsgift ,
tk,7637597326596377869,2026-05-09,周紫月,KOL品线推广,假指甲,预构建甲片,做款;口播;教程,视频,,https://www.tiktok.com/@khloegracee/video/7637597326596377869,i think these ateee🙂‍↕️🖤@Beetles Nail Boutique #creatorsearchinsights #gelxnails #nailart #nailsdesign #newnails ,
tk,7637599095112092935,2026-05-09,李伊芸,KOL品线推广,穿戴甲,穿戴甲款式,做款;口播,视频,,https://www.tiktok.com/@autumnnggrwm/video/7637599095112092935,do my press on nails with me! thank you @BeetlesGelPolish use code AUTUMNN10 for $$ off! #pressonnails #pressons #domynailswithme #athomenails #easynails ,
tk,7637624958834789645,2026-05-09,周紫月,KOL品线推广,假指甲,预构建甲片套组,教程,视频,,https://www.tiktok.com/@alecnysduany/video/7637624958834789645,"#beetlesgel
#beetlesnails #tiktokshopcreator #nailkit #paratiiiiiiiiiiiiiiiiiiiiiiiiiiiiiii este kits de uñas te ayudará mucho a mantener tus manos hermosas desde casa 💅🏽❤️",
tk,7637629500657896735,2026-05-09,何嘉怡,KOL品线推广,假指甲,预构建甲片套组,开箱;口播,视频,,https://www.tiktok.com/@jennydanaus01/video/7637629500657896735,Kit completo de @Beetles GelPolish para hacerte las uñas de gel !! #uñasgel #beetlesgelpolish #uñasencasa #manicure #tiktokshopcreatorpicks ,
tk,7637634974677519647,2026-05-09,罗惠仪,2026dealbox&PD,彩胶,纯色,开箱;做款,视频,,https://www.tiktok.com/@setsbysun/video/7637634974677519647,thank you sm! @Beetles Nail Boutique  #CapCut #watchmework #nailday #frenchtips #nailtok ,
tk,7637642947470576926,2026-05-09,何嘉怡,2026dealbox&PD,配件,美甲灯,做款;成品展示,视频,,https://www.tiktok.com/@khaileyyancha/video/7637642947470576926,"~ mother's day nails 💅🏼

i am SO happy i got to do my moms nails while she was here visiting! 💜she chose a simple design using the color 'Nc772' for the base and the gold moon + star stickies that came with the kit ✨

link in bio for all products used AND u can use KHAILEY10 for 10% off 🫶🏽 
@BeetlesGelPolish 

#beetlesgelpolish #primedaynails #nailsathome #meowgicnaillamp #beetlesnails ",
tk,7637696017021930765,2026-05-09,林盈盈,2026dealbox&PD,配件,预构建甲片套组,开箱,视频,,https://www.tiktok.com/@tlnaildit/video/7637696017021930765,"Beetles Unboxing: ASMR Edition!
@BeetlesGelPolish 
Code: TLNAILDIT10 (10% OFF on Beetles Amazon Store)

#Beetlesgelpolish #BeetlesDealsBox #paidpartner ",
tk,7637700072133676318,2026-05-09,周紫月,KOL品线推广,假指甲,预构建甲片套组,开箱,视频,,https://www.tiktok.com/@yajipsi/video/7637700072133676318,"Salon-quality nails at home 💅✨
The Beetles GEL POLISH TIPEX Lite Kit makes DIY nail extensions fast, easy, and long-lasting! Featuring innovative pre-building sculpted acrylic tips, nail glue gel, and a UV light for a flawless finish that stays beautiful for weeks. 💖

✔ 256 pcs / 16 sizes for the perfect fit
✔ Lightweight, natural-looking nail tips
✔ Strong & durable long-lasting wear
✔ No-wipe nail glue gel included
✔ Easy UV curing for salon results at home
✔ Beginner-friendly nail extension kit

Create stunning everyday nails or glam nail art looks anytime! ✨ #fyp #athome #Gelnails #uvnails #kit ",
tk,7637702472353451295,2026-05-09,周紫月,2026dealbox&PD,彩胶初学者套装,四指灯套装,开箱,视频,,https://www.tiktok.com/@yajipsi/video/7637702472353451295,"Your ultimate at-home nail salon is here 💅✨
The Beetles GEL POLISH All-In-1 Mani Kit comes with 32 gorgeous gel polish colors + a UV light so you can create endless nail looks from home! From everyday neutrals to bold trendy shades, this kit has everything you need for flawless, long-lasting manicures. 🌈💖

✔ 32 vibrant gel polish colors
✔ UV light included for quick curing
✔ Long-lasting glossy finish
✔ Perfect for beginners & nail lovers
✔ Great for DIY manicures & nail art
✔ Salon-quality results at home

Get creative and switch up your nails anytime without the salon appointment 💅✨ #nailkit #kit #uvlight #fyp #athome ",
tk,7637705087388863775,2026-05-09,周紫月,2026dealbox&PD,彩胶初学者套装,四指灯套装,开箱,视频,,https://www.tiktok.com/@yajipsi/video/7637705087388863775,"DEAL BOXBeetles®GEL POLISH
All-In-1 Mani Kit
32 Colors GelNail Polish #gelnailsathome #uvlight #fyp #athome #kit ",
tk,7637707606693285150,2026-05-09,黄莉莎,KOL品线推广,穿戴甲,UV穿戴甲,开箱;教程,视频,,https://www.tiktok.com/@glam.byrosh/video/7637707606693285150,"so lucky that @BeetlesGelPolish sent me their Lite Express Kit!! it has everything you need for repeat press-on sets, the square French tips are so cute and professional too!!

#beetlesgelpolish #pressonnails #pressonnailstutorial #frenchtipnails #amazonpressonnails ",
tk,7637715657643085087,2026-05-09,何嘉怡,2026母亲节礼盒,彩胶,混合套组,口播,视频,,https://www.tiktok.com/@schantalkarin/video/7637715657643085087,Update de uñitas | La vida me está obligando a hacerme uñas aburridas 🦦,
tk,7637719643284655391,2026-05-09,周紫月,KOL品线推广,款式创作,拍拍胶套组,教程,视频,,https://www.tiktok.com/@beautyby.maryy/video/7637719643284655391,How to hide your nail beds when coating your base color 🩵 ☆ #702nails #nailinspo #vegasnailtech #nailtechproblems ,
tk,7637725602958593287,2026-05-09,黄莉莎,KOL品线推广,配件,美甲灯,开箱;创意,视频,,https://www.tiktok.com/@carovaladez_nt/video/7637725602958593287,"Decorar mi lámpara ha sido de lo más relajante que he hecho  últimamente 🥹🙆🏻‍♀️ Es la Candy Lamp de @BeetlesGelPolish y siiii, viene con todos esos charms grandes para decorarla🍓✨ si te gustó, tienes el link en mi perfil 🤓 ¿harías lo mismo con la tuya? #beetlescandylamp #candynaillamp #naillamp #nailtechlife #nailpr ",
tk,7637907956788514062,2026-05-09,罗惠仪,KOL品线推广,彩胶,透色,开箱;口播,视频,,https://www.tiktok.com/@glossed.by.liv/video/7637907956788514062,thank you @BeetlesGelPolish ! #utahnailtech #smallbusiness #unboxing #beetlesgelpolish ,
fb,1576327211161183,2026-05-08,李伊芸,KOL品线推广,配件,美甲笔,做款;口播,视频,,https://www.facebook.com/reel/1505886087662888,"nail day has never looked better 💞🍬

Products used:
@beetlesgelpolish Sheer Daylight 20 Colors Gel Nail Kit

Amazon Storefront 🔗
https://www.amazon.com/shop/lanys.makeup/list/1ES8DN68J56KM?ref_=aipsflist

#beetlesgelpolish #nailtech #beginnernailtech #beginnernails #nailsathome",
ins,DYC1_Azp4bJ,2026-05-08,李伊芸,KOL品线推广,配件,美甲笔,做款;口播,视频,,https://www.instagram.com/p/DYC1_Azp4bJ/,"nail day has never looked better 💞🍬

Products used:
@beetlesgelpolish Sheer Daylight 20 Colors Gel Nail Kit

Amazon Storefront 🔗
https://www.amazon.com/shop/lanys.makeup/list/1ES8DN68J56KM?ref_=aipsflist

#beetlesgelpolish #nailtech #beginnernailtech #beginnernails #nailsathome",
ins,DYD-Ac0ND3B,2026-05-08,何嘉怡,2026美甲灯,配件,预构建甲片套组,开箱;做款;成品展示,视频,,https://www.instagram.com/p/DYD-Ac0ND3B/,"Thanks @beetlesgelpolish for the amazing products ❤️🫶🏻
“Shop on Amazon & use my code TPTRACY10 for 10% off!” 
#Beetlesgelpolish #BeetlesTipexLite #Almondnails #beetlesnailnook #beetlesmeowgiclamp meowgicnaillamp",
ins,DYFO-1RRF8o,2026-05-08,黄嘉丽,KOL品线推广,彩胶,预构建甲片套组,开箱;口播,视频,,https://www.instagram.com/p/DYFO-1RRF8o/,"Dive into summer vibes with these fun ocean-inspired nails!🥰 💜🩷💙💚🐚🪸

Using @beetlesgelpolish 
✨Ocean Odyssey 25 Colors Summer Gel Polish Kit
✨Beetles Tipex Lite Nail Tips Kit

🌟Products link in Bio
🌟Use BTJUET10 to save 💰

#beetlesgelpolish #summernails #nailarttutorial #nailinspo #nailideas 

Nail Style Nail Trends Cute Nails DIY glitter nails neon nails vacation nails 3D charm ocean-theme nails",
tk,7637189873450880269,2026-05-08,李伊芸,KOL品线推广,配件,美甲笔,做款;口播,视频,,https://www.tiktok.com/@_.lanysss/video/7637189873450880269,"nail day has never looked better 💞🍬

Products used:
@BeetlesGelPolish Sheer Daylight 20 Colors Gel Nail Kit

Amazon Storefront 🔗
https://www.amazon.com/shop/lanys.makeup/list/1ES8DN68J56KM?ref_=aipsflist

#beetlesgelpolish #nailtech #beginnernailtech #beginnernails #nailsathome",
tk,7637199140501458190,2026-05-08,林盈盈,2026母亲节礼盒,彩胶,混合套组,giveaway,视频,,https://www.tiktok.com/@aisebrush/video/7637199140501458190,"THANK YOU FOR 100k !!!! I love you guys 💕💕💕 

‼️ GIVEAWAY RULES ‼️

TO ENTER:
Giveaway Prize: Beetles Mani Time with Mom 💅🏾 

1️⃣ Follow @aisebrush + @BeetlesGelPolish on TikTok AND Instagram  
2️⃣ Like this video  
3️⃣ Tag 3 friends in the comments  

Each additional comment with 3 new tagged friends counts as an extra entry 😊

USA only 🇺🇸 
5 winners will be announced on May 11.

#nails #giveaway #nailtech #beetlesgelpolish #diynailsathome ",
tk,7637232240614804767,2026-05-08,周紫月,2026dealbox&PD,配件,美甲灯,开箱;口播,视频,,https://www.tiktok.com/@nailsbyy.abbs/video/7637232240614804767,@BeetlesGelPolish pr haul!! You can find all of these products using the link in my bio! Thank you so much beetles for sending me all of these amazing products! #beetlesgelpolish #BeetlesDealsBox #beetles #nailtok #nails ,
tk,7637264010525543711,2026-05-08,何嘉怡,KOL品线推广,功能胶,封层,做款;成品展示,视频,,https://www.tiktok.com/@nailzbyvesha/video/7637264010525543711,"crisp frenchies is what I love 💕 
products used: 
~ can't elope @Chaun Legend Nails 
~ beetles top coat @BeetlesGelPolish 
~ bad n boujee acrylic @vbeautypure 
~dehydrator and primer @Mia Secret USA
~15mm liner brush @Rian B #fyp #beetlesgelpolish #vbeautypure #fy #beginnernailtech ",
tk,7637271262124920078,2026-05-08,罗惠仪,KOL品线推广,彩胶,透色,开箱;做款,视频,,https://www.tiktok.com/@celixxu/video/7637271262124920078,"Making the most gorgeous and distracting nails ever with @BeetlesGelPolish ith this cat eye glitter combo polish 🥹

Check out my Amazon storefront in bio go find the materials I used ❤️

Instagram: Celixxu.xo
Yt: CelixxuNails

#pressonnails #cateyenails #goldchromenails #isolatedchromenails #summernailinspo ",
tk,7637288478870408461,2026-05-08,马明慧,2026母亲节礼盒,彩胶,混合套组,开箱,视频,,https://www.tiktok.com/@gingernailco/video/7637288478870408461,"Unboxing the Mani Time With Mom box with my mom! 💌💐💅🏼 

Thank you sm to my friends at @BeetlesGelPolish for sending us this box!! 🫶🏻#manitimewithmom #beetlesgelpolish #unboxingvideo #mothersday #gifted ",
tk,7637329151057284365,2026-05-08,高咏欣,KOL品线推广,穿戴甲,穿戴甲款式,成品展示,视频,,https://www.tiktok.com/@shegracesyou/video/7637329151057284365,use SHEGRACESYOU with link in bio for $$$ off 🤭 | @BeetlesGelPolish | #selfcaretiktok #pressonnails #beetlesnaturalmilky #viral #fyp ,
tk,7637330786823277837,2026-05-08,周紫月,KOL品线推广,彩胶,纯色,开箱;做款,视频,,https://www.tiktok.com/@iamxnm/video/7637330786823277837,Are we over the stripes and polka dots yet?! I’m obsessed w this nail set it turned out so fun 🤩 used @BeetlesGelPolish Spring Sonata gel polish set for the perfect pop of colors I was missing ✨ you can find the link in my bio! use CODE: CLIAMXNM for 10% off 🫰🏼🫰🏼🫰🏼🫰🏼 #nailsartvideos #nailart #springnails #beetlesgelpolish #beetlesnailnook ,
tk,7637350220589698335,2026-05-08,罗惠仪,KOL品线推广,款式创作,预构建甲片,开箱;口播,视频,,https://www.tiktok.com/@bold.you/video/7637350220589698335,Another good glue I’d recommend!! #beetles #beetlesgelpolish #beetlesgelpolish #solidnailglue #fyp ,
tk,7637355018986736909,2026-05-08,何嘉怡,KOL品线推广,彩胶,透色,刷色,视频,,https://www.tiktok.com/@alycialoveae/video/7637355018986736909,😍✨✨ @BeetlesGelPolish #beetlesgelpolish #beetles #nailtech #fypシ ,
tk,7637364862070410527,2026-05-08,何嘉怡,KOL品线推广,彩胶,纯色,开箱;做款;成品展示,视频,,https://www.tiktok.com/@luxeloopl/video/7637364862070410527,"Making & programming new nail business cards with the @BeetlesGelPolish Everyday Muse 30 piece kit!

Loving these vibrant colors for spring & summer… stay tuned to see more of the polishes being used 😍

#nailtech #diynails #nailtransformation #nailinspo #isolatedchrome ",
tk,7637516968165117214,2026-05-08,周紫月,2026dealbox&PD,彩胶初学者套装,四指灯套装,开箱;口播,视频,,https://www.tiktok.com/@kaleywilliams_/video/7637516968165117214,AHHHHH thank you so much @Beetles Nail Boutique !! #kaleywilliams_ #thepoisonedpetal #hemafreenailproducts #beetleshemafree #nailtok ,
tk,7637540416975408397,2026-05-08,何嘉怡,KOL品线推广,彩胶,纯色,开箱,视频,,https://www.tiktok.com/@thejessiehooks/video/7637540416975408397,🌸✨🩵🎀☀️🌷 #beetles #spring #nailtok #diynails ,
tk,7637542921197063454,2026-05-08,李伊芸,KOL品线推广,构建美甲,鼠标灯套装,做款;口播,视频,,https://www.tiktok.com/@iylaajune/video/7637542921197063454,Pt. 24 of adding nail designs to my nail book💅🎣 Everything I use will be in the 🔗 in my bio! Use code BYIYLAAJUNE for 10% off!! Nail book idea: @skibidylily #beetlesgelpolish #beetles #summernailinspo #tylerthecreator #nailbook @BeetlesGelPolish ,
tk,7637549919720443166,2026-05-08,何嘉怡,2026dealbox&PD,彩胶,纯色,开箱;做款;成品展示,视频,,https://www.tiktok.com/@luxeloopl/video/7637549919720443166,"Although I was upset to find out, I was in the wrong place. I was happy to find this new @BeetlesGelPolish nail set at my doorstep when I got home, loving this pink base color and these funky line designs. 

#beetlesgelpolish #nailtransformation #summernails #diynails #nailtech ",
yt,z6Irzo1FEsE,2026-05-08,黄莉莎,KOL品线推广,配件,美甲灯,开箱;做款;口播,视频,,https://www.youtube.com/watch?v=z6Irzo1FEsE,‪@beetlesgelpolish‬,
ins,DYA3gOEPehV,2026-05-07,何嘉怡,KOL品线推广,彩胶,混合套组,做款;成品展示,视频,,https://www.instagram.com/p/DYA3gOEPehV/,tiny coffee break ☕️🍪 using Beetles Refined Everyday Gel Polish Set @beetlesgelpolish link in my bio and use code: CLZARI10 for 10% off 🤎 #beetlesgelpolish #beetlesnailnook #beetlesmanitimewithmom #manitimewithmom #mothersdaygifts,
ins,DYAR33-xOvO,2026-05-07,高咏欣,2026母亲节礼盒,彩胶,混合套组,开箱;刷色,视频,,https://www.instagram.com/p/DYAR33-xOvO/,"Beetles themed collections have been blowing me away lately but this box topped them all! They put so much love into this one & it was such a pleasure to open!

Happy Mothers Day to all the mommas out there! 💐🌹💝

Find this box & other Beetles products I love in my bio/storefront! BADAPPLE saves you $ too :) !

ᯓ★ ꜰᴇᴀᴛᴜʀᴇᴅ ᴘʀᴏᴅᴜᴄᴛꜱ ᯓ★

*gifted

♥︎ @beetlesgelpolish 
⊹ Mani Time With Mom box
 - 12 x 9ml HEMA-free gel polishes
 - 15ml base, top, & matte coats
 - nail lamp
 - 3 x nail art brushes
 - tweezers
 - double-ended nail pusher
 - magnet
 - flatback pearls
 - pearl mirror powder
 - buffer & file
 - nail bag
 - nail stickers
 - hand cream
 - carnation brooch 
 - vintage frame
 - mini carnation bouquet
 - invitation card

⠂⠄⠄⠂⠁⠁⠂⠄⠄⠂⠁⠁⠂⠄⠄⠂⠁⠁⠂⠄⠄⠂⠁⠁⠂⠄☆

#beetlesmanitimewithmom #manitimewithmom #beetlesgelpolish #naildesign #nailproducts",
ins,DYAeMu9p_gY,2026-05-07,何嘉怡,2026美甲灯,配件,美甲灯,做款;成品展示,视频,,https://www.instagram.com/p/DYAeMu9p_gY/,"Stay cute🐈‍⬛🌸💕

Enjoy salon-quality nails from the comfort of home in just minutes

@beetlesgelpolish 
💡Meowgic Milkkitty Nail Lamp
🎨Everyday Muse Gel Polish Set
(Shop now with code: TEEDONAILZ for 10% off all Beetles products on Amazon, link in bio🥰)

#beetlesgelpolish #beetlesmeowgiclamp #meowgicnaillamp #beetlesnailnook #teedonailz",
ins,DYAnRqdyStO,2026-05-07,罗婧,2026dealbox&PD,彩胶初学者套装,四指灯套装,开箱;口播,视频,,https://www.instagram.com/p/DYAnRqdyStO/,"Explore the new @beetlesgelpolish Studio Essentials Gel Nail Kit!! It features an upgraded gel formula that is TPO-free and HEMA-free!! It’s designed to be gentler and more suitable for sensitive users :)

#haul #nailsnailsnails #explorepage #fyp #beginnernailart",
ins,DYAu4zQPgZx,2026-05-07,黄嘉丽,KOL品线推广,彩胶,纯色,做款,视频,,https://www.instagram.com/p/DYAu4zQPgZx/,"soft ocean-inspired set 🇨🇦 🇺🇸
#pressonnails #softnails #handmade",
ins,DYBOkRRtqCL,2026-05-07,何嘉怡,2026美甲灯,配件,美甲灯,做款;成品展示,视频,,https://www.instagram.com/p/DYBOkRRtqCL/,"Easy kitty paw design🐈‍⬛🌸💕
(See previous video for product info)
#catnails #kitty #nailart #nailinspo #teedonailz",
tk,7636826173288369421,2026-05-07,马明慧,KOL品线推广,彩胶,混合套组,做款,视频,,https://www.tiktok.com/@ibekaaayy.y/video/7636826173288369421,"let's do Pink Stilettos ft. Mochi Gel polygel ” TOFFEE ” 🎀🤍🫧🥥🌸

#beginnernailtech #nailtok #nailart #polygel #nailtech ",
tk,7636831216066399502,2026-05-07,高咏欣,2026母亲节礼盒,彩胶,混合套组,开箱;刷色,视频,,https://www.tiktok.com/@badapplenails/video/7636831216066399502,"Beetles themed collections have been blowing me away lately but this box topped them all! They put so much love into this one & it was such a pleasure to open!

Happy Mothers Day to all the mommas out there! 💐🌹💝

Find this box & other Beetles products I love in my bio/storefront! BADAPPLE saves you $ too :) !

ᯓ★ ꜰᴇᴀᴛᴜʀᴇᴅ ᴘʀᴏᴅᴜᴄᴛꜱ ᯓ★

*gifted

♥︎ @BeetlesGelPolish @beetles_community 
⊹ Mani Time With Mom box
 - 12 x 9ml HEMA-free gel polishes
 - 15ml base, top, & matte coats
 - nail lamp
 - 3 x nail art brushes
 - tweezers
 - double-ended nail pusher
 - magnet
 - flatback pearls
 - pearl mirror powder
 - buffer & file
 - nail bag
 - nail stickers
 - hand cream
 - carnation brooch 
 - vintage frame
 - mini carnation bouquet
 - invitation card

⠂⠄⠄⠂⠁⠁⠂⠄⠄⠂⠁⠁⠂⠄⠄⠂⠁⠁⠂⠄⠄⠂⠁⠁⠂⠄☆

#beetlesmanitimewithmom #manitimewithmom #beetlesgelpolish #naildesign #nailproducts",
tk,7636847949552553247,2026-05-07,何嘉怡,2026美甲灯,配件,美甲灯,做款;成品展示,视频,,https://www.tiktok.com/@teedonailz/video/7636847949552553247,"Stay cute🐈‍⬛🌸💕

Enjoy salon-quality nails from the comfort of home in just minutes

@BeetlesGelPolish 
💡Meowgic Milkkitty Nail Lamp
🎨Everyday Muse Gel Polish Set
(Shop now with code: TEEDONAILZ for 10% off all Beetles products on Amazon, link in bio🥰)

#beetlesgelpolish #beetlesmeowgiclamp #meowgicnaillamp #beetlesnailnook #teedonailz ",
tk,7636851875504999711,2026-05-07,何嘉怡,KOL品线推广,彩胶,纯色,开箱;做款;成品展示,视频,,https://www.tiktok.com/@evelynsoltero/video/7636851875504999711,"obsessed with this blue! My favorite color for sure🤭 
#domynailswithme #nailpolish #beetlesgelpolish #nailtok #nails ",
tk,7636854100931398942,2026-05-07,罗惠仪,KOL品线推广,彩胶,混合套组,开箱;口播,视频,,https://www.tiktok.com/@carlykennedy.xoxo/video/7636854100931398942,Yay PR haul!!! #haul #prhaul #prunboxing ,
tk,7636869084688272671,2026-05-07,黄嘉丽,KOL品线推广,配件,透色,开箱;口播,视频,,https://www.tiktok.com/@ubemochiicecream/video/7636869084688272671,guys what design should i do next #nails ,
tk,7636881200077966613,2026-05-07,黄嘉丽,KOL品线推广,彩胶,纯色,做款,视频,,https://www.tiktok.com/@littlebrushnails/video/7636881200077966613,"soft ocean-inspired set🇨🇦 🇺🇸
#pressonnails #handmadepressonnails #canada ",
tk,7636902795991469343,2026-05-07,何嘉怡,KOL品线推广,彩胶,混合套组,做款;成品展示,视频,,https://www.tiktok.com/@beautybyzariii/video/7636902795991469343,tiny coffee break ☕️🍪 using Beetles Refined Everyday Gel Polish Set ☕️🤎 @BeetlesGelPolish #beetlesgelpolish #beetlesnailnook #beetlesmanitimewithmom #manitimewithmom #mothersdaygifts ,
tk,7636904767301618974,2026-05-07,何嘉怡,2026美甲灯,配件,美甲灯,做款;成品展示,视频,,https://www.tiktok.com/@teedonailz/video/7636904767301618974,"Easy kitty paw design🐈‍⬛🌸💕
(See previous video for product info)
#catnails #kitty #nailart #nailinspo #teedonailz ",
tk,7636928946461740319,2026-05-07,何嘉怡,KOL品线推广,彩胶,混合套组,开箱,视频,,https://www.tiktok.com/@arlet_ah_studio/video/7636928946461740319,"“Estos colores de Beetles literalmente gritan verano 😍☀️ pigmentan hermoso y hacen que cualquier set se vea mucho más llamativo. Perfectos para esas clientas que aman colores vivos y uñas que se noten.

@Beetles Nail Boutique 

#beetlesnailpolish #beetlesnailboutique #verano #manicurista #nailart ",
tk,7636932505593023774,2026-05-07,马明慧,KOL品线推广,彩胶,纯色,开箱;做款;口播,视频,,https://www.tiktok.com/@bestpressednails/video/7636932505593023774,"the easiest cutest spring/summer design 🥹 If you want the Beetles Spring Sonata Collection, Use Code: PDPRESSED to save some coins 🤏 @BeetlesGelPolish #creatorsearchinsights #waternails #nailtutorialsforbeginners #luxurypressonnails #explore ",
tk,7636947812403498254,2026-05-07,周紫月,2026母亲节礼盒,彩胶,混合套组,开箱,视频,,https://www.tiktok.com/@averyy.tuckerr/video/7636947812403498254,"This beginner friendly gel polish kit has everything you need to start doing your own nails at home. The spring colors in this box are absolutely stunning.
Link is also in my bio!!
@BeetlesGelPolish 
#beetlesgelpolish #gelnailsathome  #unboxing  #nailkit  #diynails ",
tk,7636949398722825502,2026-05-07,罗惠仪,KOL品线推广,彩胶,透色,开箱;刷色,视频,,https://www.tiktok.com/@loving_n_cosmonails/video/7636949398722825502,"Summer gel polish collection 
@BeetlesGelPolish 
.
.
.
.
#beetlesgelpolish #summercolors #gelpolish #bakersfield #paratiiiiiiiiiiiiiiiiiiiiiiiiiiiiiii ",
tk,7636949830232853790,2026-05-07,何嘉怡,KOL品线推广,彩胶,特色胶,开箱;刷色,视频,,https://www.tiktok.com/@arlet_ah_studio/video/7636949830232853790,"Los ojos de Gato más virales de todo TikTok 🙋🏽‍♀️❤️ lo necesitas ya 
Son de la marca @Beetles Nail Boutique y son mis favoritos 

#beetlesnailboutique #beetlesnailpolish #manicurista #nailart  ",
tk,7636961110574370079,2026-05-07,罗婧,KOL品线推广,穿戴甲,穿戴甲款式,做款,视频,,https://www.tiktok.com/@thelysiusfamily/video/7636961110574370079,@Beetles Nail Boutique these we’re super easy to apply and look so cute and natural 💗🤏🏽#beetlesgelpolish #pressonnails #milkywhite #almondnails #beetles ,
tk,7636968100780395807,2026-05-07,何嘉怡,KOL品线推广,彩胶,裸透色彩胶,开箱;刷色,视频,,https://www.tiktok.com/@arlet_ah_studio/video/7636968100780395807,"Tenemos que complacer a nuestras clientas y  @Beetles Nail Boutique es consciente de eso ,  este kit trae para todos los gustos para hacer una francesa con el tono perfecto 🤩 

#beetlesnailpolish #beetlesnailboutique #manicurista #nailart #uñas ",
tk,7636968292300918046,2026-05-07,何嘉怡,KOL品线推广,彩胶,特色胶,开箱;刷色,视频,,https://www.tiktok.com/@arlet_ah_studio/video/7636968292300918046,"Los ojos de Gato más virales de TikTok de la marca @Beetles Nail Boutique 

#beetlesnailboutique #beetlesnailpolish #nailart #manicurista #uñas  ",
tk,7636971928229547277,2026-05-07,马明慧,2026母亲节礼盒,彩胶,纯色,开箱;口播,视频,,https://www.tiktok.com/@julie_ulie/video/7636971928229547277,Đập hộp @BeetlesGelPolish @Notpolishinc Thank you!!! ☺️ #cuocsongmy #đậphộp #openbox #beetlesgelpolish #notpolish ,
tk,7636985319685967134,2026-05-07,周紫月,2026dealbox&PD,彩胶初学者套装,四指灯套装,做款;口播,视频,,https://www.tiktok.com/@sukinails_/video/7636985319685967134,"Which sets from today is your style 😊 @BeetlesGelPolish 

Use my code “SUKINAILS” for 10% off, click link in my bio to see what I use. 

#beetlesgelpolish #birthdaynails💅🏽🥳 #nailtech #nailvlog #chromenails ",
tk,7637042560816385293,2026-05-07,何嘉怡,KOL品线推广,彩胶,混合套组,开箱,视频,,https://www.tiktok.com/@lulusmanikeer/video/7637042560816385293,Looking for a beginner friendly gel polish collection to get you started? This is the perfect color set for the spring and summer 😍 #gelpolish ,
tk,7637078414335298846,2026-05-07,马明慧,KOL品线推广,彩胶,纯色,做款,视频,,https://www.tiktok.com/@bestpressednails/video/7637078414335298846,hema free bc contact dermatitis is my biggest fear 😩 Use Code: PDPRESSED to save some coins 🫶 #gelpolishkit #beginnernailtechtips #nailtechlife #musthaves #beetlesgelpolish @BeetlesGelPolish,
tk,7637115039291395358,2026-05-07,何嘉怡,2026母亲节礼盒,彩胶,混合套组,做款;成品展示,视频,,https://www.tiktok.com/@xoxob4y/video/7637115039291395358,,
tk,7637138563120778527,2026-05-07,罗惠仪,2026dealbox&PD,配件,美甲笔,做款,视频,,https://www.tiktok.com/@aalyssa.nailss/video/7637138563120778527,Do my nails with me! #nailinspo #promnails #FYP #Clients #NailTech ,
yt,vc7r6NpQzLM,2026-05-07,黄嘉丽,2026母亲节礼盒,彩胶,混合套组,开箱;做款;成品展示,视频,,https://www.youtube.com/watch?v=vc7r6NpQzLM,Happy Mother’s Day!,
ins,DX-AKwURDot,2026-05-06,黄莉莎,KOL品线推广,彩胶,混合套组,做款,视频,,https://www.instagram.com/p/DX-AKwURDot/,5 client nail day #pressonnails #pressonnailbusiness #nailvlog #ombrenails #nailartist,
ins,DX-AROwxbNF,2026-05-06,黄莉莎,KOL品线推广,彩胶,混合套组,开箱;口播,视频,,https://www.instagram.com/p/DX-AROwxbNF/,"Beetles pro Poetry of Garden 
@beetlesgelpolish #beetlesgelpolish #beetlespro #beetlesbuildergel",
ins,DX-nxmxpwVh,2026-05-06,罗婧,KOL品线推广,构建美甲,捏捏胶,做款,视频,,https://www.instagram.com/p/DX-nxmxpwVh/,"do my nails with me!🌸✨// follow @glambby_ for more!🫶🏻
———
Products are in my Amazon storefront, link in my bio!⭐️

@dndgel top coat 
@dndgel gel color
@beetlesgelpolish gel polish
@beetlesgelpolish solid builder nail gel
@sunuv_officialus nail lamp
———
#nail #nailsart #nailinspo #nailtutorial #pressonnails",
ins,DX92e19RNW1,2026-05-06,李伊芸,KOL品线推广,构建美甲,捏捏胶,做款,视频,,https://www.instagram.com/p/DX92e19RNW1/,"summer mood but make it nails 🌸✨
florals, juicy pink & tiny details… I’m ready already

everything you need to recreate this set is in my bio — on my amzn storefront under this set photo

#nailart #summernails #3dnails #nailinspo #gelnails",
ins,DX94PvqMN5r,2026-05-06,周紫月,KOL品线推广,构建美甲,捏捏胶,做款;口播,视频,,https://www.instagram.com/p/DX94PvqMN5r/,is this the correct way to use nail moulds…. 😟💅🏽 #nails #nailart,
ins,DX9zJi8xMfz,2026-05-06,黄莉莎,KOL品线推广,构建美甲,构建胶,教程,视频,,https://www.instagram.com/p/DX9zJi8xMfz/,Así es como realizamos esta extensión con gel para tener una estructura hermosa y super natural utilizando los productos de @beetlesgelpolish #beetlescommunity #beetlesgelnails #beetlesgelpolish💅 #mtlnails #kary_nails_7,
ins,DX_4Nd0pUZ8,2026-05-06,黄莉莎,KOL品线推广,彩胶初学者套装,四指灯套装,做款,视频,,https://www.instagram.com/p/DX_4Nd0pUZ8/,"Attempted to recreate Michael Jackson’s iconic Grammy look ✨ Definitely didn’t do it full justice—but I had so much fun bringing this to life!

Products used:
💅 Beetles Gel Polish – F222, F200, F199 (Four Seasons Glow Collection)
💅 Bio Seaweed Gel – Cobalt & Gold Bar
💅 Bossy Gel – Metallic Gold Liner

If you’re loving the shine and details, the Four Seasons Glow Collection is linked in my bio ✨
Use code NAILSBYA10 to save!",
ins,DYAFRC1oR1x,2026-05-06,林盈盈,2026母亲节礼盒,彩胶,混合套组,做款,视频,1,https://www.instagram.com/p/DYAFRC1oR1x/,"burgundy cateye nails! ♥️💋🥀🍷
a gorgeous & classy cateye french mani to celebrate the upcoming Mother’s Day! <3

— using:
@beetlesgelpolish
Beetles “Mani Time with Mom” nail gift box! ♥️
(use my code PAULAR10 for 10% off! 💸)

*paid to create

#rednails #cateyenails #nails #nailart #naildesign",
tk,7636473270430207262,2026-05-06,李伊芸,KOL品线推广,构建美甲,捏捏胶,做款,视频,,https://www.tiktok.com/@softlux.nails/video/7636473270430207262,"summer nails already 🌸☀️
who else is ready?

everything you need to recreate this set is in my bio — on my amzn storefront under this set photo

#nailtok #summernails #naildesign #nailinspo #3dnails ",
tk,7636475528664354070,2026-05-06,周紫月,KOL品线推广,构建美甲,捏捏胶,做款;口播,视频,,https://www.tiktok.com/@nailsbypriyaa/video/7636475528664354070,is this the correct way to use nail moulds…. 😟💅🏽 #nails ,
tk,7636486891440803085,2026-05-06,周紫月,2026母亲节礼盒,彩胶,混合套组,开箱,视频,,https://www.tiktok.com/@pandam.nails/video/7636486891440803085,"Beetles Mother’s Day Gift Box ♥️ 

I can’t wait to use these colors for my sets 🥹 

@BeetlesGelPolish 

#beetlesgelpolish #manitimewithmom #mothersdaygiftideas #mothersday #fypシ ",
tk,7636498198684568852,2026-05-06,黄嘉丽,KOL品线推广,配件,美甲笔,做款;口播,视频,,https://www.tiktok.com/@lexxblanchard/video/7636498198684568852,My FAV nail brand ever 🫶🏻 @BeetlesGelPolish #domynailswithme #beetlesgelpolish #gelxnails #nails #fyp ,
tk,7636499927148825887,2026-05-06,林盈盈,2026母亲节礼盒,彩胶,混合套组,开箱;口播,视频,1,https://www.tiktok.com/@dakitista/video/7636499927148825887,"@BeetlesGelPolish ✨💗 #BeetlesManiTimewithMom 
#beetlesgelpolish #nailinspo #nailart",
tk,7636503656820526366,2026-05-06,何嘉怡,2026dealbox&PD,配件,美甲灯,开箱;口播,视频,,https://www.tiktok.com/@khaileyyancha/video/7636503656820526366,"oh it was a good package day 🤭
a HUGE thank you to @Bloom Nutrition @BeetlesGelPolish 

#unboxingvideo #unboxwithme #unboxinghaul #prpackages #giftedbybloom ",
tk,7636505147761364245,2026-05-06,黄嘉丽,KOL品线推广,配件,美甲笔,开箱;口播,视频,,https://www.tiktok.com/@lexxblanchard/video/7636505147761364245,These are so summer #nails #gelxnails #nailtransition #transition #fyp @BeetlesGelPolish ,
tk,7636547339791994126,2026-05-06,何嘉怡,KOL品线推广,彩胶初学者套装,四指灯套装,开箱,视频,,https://www.tiktok.com/@monetiza_conmia/video/7636547339791994126,#viraltiktok #beetlesgelpolish #manicuristasdelmundo #uñasencasa #tiktokshop ,
tk,7636556904419921183,2026-05-06,罗惠仪,KOL品线推广,款式创作,预构建甲片,开箱;口播,视频,,https://www.tiktok.com/@bold.you/video/7636556904419921183,Loveeeeeee these so much!! The colores are gorgeous! I can’t wait to make some sets with these! Absolutely love love love! #beetlesgelpolish #beetles #nail #gelpolish #fyp ,
tk,7636560308294651167,2026-05-06,何嘉怡,2026美甲灯,配件,美甲灯,做款;成品展示,视频,,https://www.tiktok.com/@nailzbyvesha/video/7636560308294651167,"these came out so cute!!!

~ raspberry cream cheese acrylic @vbeautypure #
~ can't elope @Chaun Legend Nails 
~top coat & rubber base @BeetlesGelPolish 
~ 15mm liner brush @Rian B 
~apres extend gel & nail tips @Aprés Nail Professional 
#fyp #beetlesgelpolish #vbeautypure #fy ",
tk,7636563216885091598,2026-05-06,罗惠仪,KOL品线推广,彩胶,预构建甲片套组,开箱,视频,,https://www.tiktok.com/@clawssby.j/video/7636563216885091598,"Beetles Tipex lite?! I’m in loveee😍✨💅🏼 10/10 highly recommend! Get this full kit and create your dream nails on an instant 💅🏼✨

#bronxnailtech #nailtech #beetles #fyp #fypシ゚viral ",
tk,7636577083191332126,2026-05-06,罗婧,KOL品线推广,构建美甲,捏捏胶,做款,视频,1,https://www.tiktok.com/@glambby_/video/7636577083191332126,"do my nails with me! 🌸✨
@dndgel top coat
DNDGEL gel color
@BeetlesGelPolish gel polish 
BEETLESGELPOLISH solid builder nail gel
@SUNUV nail lamp
#nailart #nailinspo #pressonnails #nailtutorial #nailtok ",
tk,7636585787919846687,2026-05-06,罗婧,KOL品线推广,穿戴甲,穿戴甲款式,做款,视频,,https://www.tiktok.com/@sweethippie92/video/7636585787919846687,"@BeetlesGelPolish sent me some press ons and I thought it would be the perfect time to bond with my little Summer. She’s been asking for nails, but it’s like $70 at the salon and she chews them off in like 2 to 3 days so we’re gonna do our nails at home. And this was a perfect kit. It comes with everything you need click on the little yellow cart and get some for yourself, it literally took us like 10 to 15 minutes. It was not long at all. 

#beetlesme #beetlesgelpolish #beetlesnails #fyp #bonding ",
tk,7636593225574255892,2026-05-06,林盈盈,KOL品线推广,假指甲,甲片延长套组,开箱,视频,,https://www.tiktok.com/@ash.frss/video/7636593225574255892,"@BeetlesGelPolish UNBOXINGGG!! thank you so much for the amazing package I’m so grateful, and don’t forget to check them out!! #fyp #nailhaul #beetlesgelpolish #gelkit #prunboxing ",
tk,7636595315134532878,2026-05-06,何嘉怡,KOL品线推广,彩胶,纯色,做款;成品展示,视频,,https://www.tiktok.com/@nailspiceee/video/7636595315134532878,"Work with me 🩷

@Sami | Nailtech ♡ inspo

#nailtutorial #workwithme #nailtech #nailday #nailart",
tk,7636609514472475917,2026-05-06,黄莉莎,2026母亲节礼盒,彩胶,混合套组,开箱,视频,,https://www.tiktok.com/@aracel_yyy/video/7636609514472475917,the perfect mother’s day mani gift box ! Use code aracel10 to save link in bio !! 💗🎀@BeetlesGelPolish #mothersday #beetles #giftbox #diadelasmadres ,
tk,7636662360199023886,2026-05-06,高咏欣,KOL品线推广,穿戴甲,穿戴甲款式,做款,视频,,https://www.tiktok.com/@shegracesyou/video/7636662360199023886,to say I love my nails from @BeetlesGelPolish is an understatement 😍 love that I can put them on for any event and they come with everything needed! Use my link in bio and code:SHEGRACESYOU for. $$$ off | #selfcaretiktok #pressonnails #beetlesnaturalmilky #viral #fyp ,
tk,7636739149495618829,2026-05-06,罗惠仪,KOL品线推广,构建美甲,硬构建胶,开箱;刷色,视频,,https://www.tiktok.com/@zulys_nails_latina/video/7636739149495618829,Thanks @Beetles Nail Boutique to make easy my life #beetlesgelpolish #nails #gelxnails ,
tk,7636769282751368469,2026-05-06,黄嘉丽,KOL品线推广,配件,美甲笔,创意;成品展示,视频,,https://www.tiktok.com/@lexxblanchard/video/7636769282751368469,Another nail transition because why not?! #nails #gelxnails #nailtransition #transition #fyp @BeetlesGelPolish ,
tk,7636783995983891734,2026-05-06,罗惠仪,KOL品线推广,彩胶,纯色,开箱;刷色,视频,,https://www.tiktok.com/@jaymarie_beauty/video/7636783995983891734,"@Beetles GelPolish cheers now I have no clue what to put on my next nail set… I love them ALL😭😂🥹 

I’m THINKING the butter yellow with the pastel blue. I love a unique colour pairing and those two together just sound like a spring match made in heaven, right?! With some added silver chrome and gems?!👀🩵🌼

#trendynailinspo #paintnailswithme #nailswatches #springnailcolours #cutenailideas ",
tk,7636794909009120534,2026-05-06,林盈盈,2026母亲节礼盒,彩胶,混合套组,做款,视频,1,https://www.tiktok.com/@nailsbypaular/video/7636794909009120534,"burgundy cateye nails! ♥️💋🥀🍷
a gorgeous & classy cateye french mani to celebrate the upcoming Mother’s Day! <3

— using:
@BeetlesGelPolish 
Beetles “Mani Time with Mom” nail gift box! ♥️
(use my code PAULAR10 for 10% off! 💸)

*paid to create

#rednails #cateyenails #nails #nailart #naildesign ",
yt,2qlQl1h226U,2026-05-06,周紫月,KOL品线推广,彩胶,混合套组,做款,视频,,https://www.youtube.com/watch?v=2qlQl1h226U,final result of this nail challenge 💅✨,
yt,4_K7pHB_Cg4,2026-05-06,马明慧,KOL品线推广,彩胶,混合套组,做款,视频,,https://www.youtube.com/watch?v=4_K7pHB_Cg4,5XL Polygel Duck Nails : Island Vibes | 3D + Handdrawn Arts | Full Designing Tutorial,
yt,mbZ47S76f6w,2026-05-06,黄嘉丽,KOL品线推广,彩胶,纯色,做款,视频,,https://www.youtube.com/watch?v=mbZ47S76f6w,soft ocean-inspired set 🌊,
ins,DX72tZitUQc,2026-05-05,黄嘉丽,KOL品线推广,功能胶,胶水,做款,视频,,https://www.instagram.com/p/DX72tZitUQc/,"DIY NAILS GEL X @ HOME @apresnailofficial @beetlesgelpolish @miasecret #diynails #gelx #gelxtutorial #nails 
Color @beetlesgelpolish “a99”",
ins,DX9llfJASUq,2026-05-05,周紫月,KOL品线推广,彩胶,混合套组,做款,视频,,https://www.instagram.com/p/DX9llfJASUq/,"light blue ombre on a soft pink base with a white textured detail ✨
clean, soft, and a little different 💅

#nails #nailinspo #gelnails #ombre #naildesign",
tk,7636085327026720013,2026-05-05,高咏欣,2026母亲节礼盒,彩胶,混合套组,做款,视频,,https://www.tiktok.com/@zionnydickson/video/7636085327026720013,"This “Mani Time with Mom Kit is so good if you’re trying to get into doing your own nails, it has everything you would need to start and a great gift for Mother’s Day so she can do them as well! 🥰 

@BeetlesGelPolish 

#beetlesgelpolish #athomemanicure #haileybiebernails #pinterestnails #manitimewithmom ",
tk,7636106335326588173,2026-05-05,李伊芸,KOL品线推广,功能胶,胶水,教程,视频,,https://www.tiktok.com/@krayznailz/video/7636106335326588173,my gel x application ✨ @BeetlesGelPolish #nailglue #gelxnails #gelxapplication #beetlesnailglue #beetlesgelpolish ,
tk,7636107205346970910,2026-05-05,周紫月,KOL品线推广,穿戴甲,UV穿戴甲,成品展示,视频,,https://www.tiktok.com/@iconiclunarity/video/7636107205346970910,@BeetlesGelPolish #summernails #graduationnails #salonqualitynails #pressonnails #fyp ,
tk,7636123009211829534,2026-05-05,黄嘉丽,KOL品线推广,功能胶,胶水,做款,视频,,https://www.tiktok.com/@_kikilee_/video/7636123009211829534,DIY NAILS GEL X @ HOME. Simple easy way to do your nails please stop paying these people an arm and a leg for gel x 😭 #nails #diynails #gelx #nailtutorial @BeetlesGelPolish @Aprés Nail Professional @Amazon nail color a99 by beetles perfect red for spring @Mia Secret USA ,
tk,7636140047007239438,2026-05-05,高咏欣,KOL品线推广,穿戴甲,穿戴甲款式,做款;口播,视频,,https://www.tiktok.com/@jaesdayss/video/7636140047007239438,I’ve been obsessed with these @BeetlesGelPolish press ons!!😍😍 Grab you a set sis these are too cute!!! #beetlesnaturalmilky #beetlespressons #pressonnails #nailart #nailinspo ,
tk,7636169821675130126,2026-05-05,何嘉怡,2026美甲灯,配件,美甲灯,开箱,视频,,https://www.tiktok.com/@harlies.nail.haven/video/7636169821675130126,"Beetles candy lamp 💡🍭🍬
#beetlesgelpolish #Beetlesflatx #beetlescandylam
#fyp #inspo @BeetlesGelPolish ",
tk,7636172040994671886,2026-05-05,何嘉怡,KOL品线推广,彩胶,纯色,开箱,视频,,https://www.tiktok.com/@harlies.nail.haven/video/7636172040994671886,"Beetles everyday muse #beetlesgelpolish #Beetlesflatx #beetle
#nailsathome #nailsartvideos @BeetlesGelPolish ",
tk,7636174549544996110,2026-05-05,何嘉怡,2026母亲节礼盒,彩胶,混合套组,开箱,视频,,https://www.tiktok.com/@harlies.nail.haven/video/7636174549544996110,Beetles Mani time with mom 💗🌷#beetlesgelpolish #Beetlesflatx #beetle #nailsathome #nailsartvideos @BeetlesGelPolish ,
tk,7636212423007030542,2026-05-05,何嘉怡,KOL品线推广,甲油胶,彩胶,开箱,视频,,https://www.tiktok.com/@vanesnails/video/7636212423007030542,#nailinspo #nailtechlife #beetlesgelpolish #acrylicnails #nailtok ,
tk,7636213813292895501,2026-05-05,马明慧,KOL品线推广,功能胶,晕染胶,做款,视频,,https://www.tiktok.com/@ibekaaayy.y/video/7636213813292895501,"let's do red - based Polygel Duck Nails ft. white frenchtips + grunge style art ⛓️💋♥️🍒 using Saviland polygel 

#beginnernailtech #nailtok #nailart #polygel #polygelnails ",
tk,7636228052623707422,2026-05-05,何嘉怡,2026美甲灯,配件,美甲灯,成品展示,视频,,https://www.tiktok.com/@klawz.4kay/video/7636228052623707422,Nail With Me🩵🖤ft @BeetlesGelPolish #beetlesgelpolish #nailfyppage #fyppp #nailinspo ,
tk,7636253940857785630,2026-05-05,周紫月,2026dealbox&PD,彩胶初学者套装,四指灯套装,做款;口播,视频,,https://www.tiktok.com/@sukinails_/video/7636253940857785630,"Another fun nail day! Using @BeetlesGelPolish HEMA-free and TPO-free gel polish! 🫰🏼

Link in my bio to see what I use and for some $$$ off use my discount code “SUKINAILS” for 10% off 🤓

#beetlesgelpolish #beetlesmanitimewithmom #nailvlog #nailart #nailtech ",
tk,7636289880326262046,2026-05-05,何嘉怡,KOL品线推广,彩胶,纯色,开箱,视频,,https://www.tiktok.com/@nailedbyzuly/video/7636289880326262046,°❀.ೃ࿔* #aznailtech #beetlesgelpolish #nailtok #fypシ゚viral #nails ,
tk,7636411634612800788,2026-05-05,黄嘉丽,2026母亲节礼盒,彩胶,混合套组,开箱,视频,,https://www.tiktok.com/@maryammkamall/video/7636411634612800788,"@BeetlesGelPolish 
#beetlesgelpolish #beetlesmanitimewithmom #manitimewithmom #fyp #maryammkamall ",
tk,7636419493459283230,2026-05-05,周紫月,KOL品线推广,穿戴甲,UV穿戴甲,成品展示,视频,,https://www.tiktok.com/@iconiclunarity/video/7636419493459283230,@BeetlesGelPolish #summernails #summernailinspo #pressonnails #pressons #fyp ,
tk,7636433199089896718,2026-05-05,周紫月,KOL品线推广,彩胶,混合套组,做款,视频,,https://www.tiktok.com/@voloshka_purple/video/7636433199089896718,"light blue ombre on a soft pink base with a white textured detail ✨
clean, soft, and a little different 💅

#nails #nailinspo #gelnails #ombre #naildesign",
yt,-QOpogl6wY0,2026-05-05,李伊芸,KOL品线推广,构建美甲,捏捏胶,做款,视频,,https://www.youtube.com/watch?v=-QOpogl6wY0,Early Summer Nails 🌸☀️ | 3D Flowers + Pink Details,
yt,uLER4N0VTZQ,2026-05-05,罗婧,KOL品线推广,构建美甲,捏捏胶,做款,视频,1,https://www.youtube.com/watch?v=uLER4N0VTZQ,do my nails with me!🌸✨,
ins,DX5BgTtPEOS,2026-05-04,黄嘉丽,KOL品线推广,彩胶,纯色,做款,视频,,https://www.instagram.com/p/DX5BgTtPEOS/,"come make a soft feminine set with me 🤍
#pressonnails #softnails #nails",
ins,DX5XxOyR7K4,2026-05-04,周紫月,2026美甲灯,配件,美甲灯,教程,视频,,https://www.instagram.com/p/DX5XxOyR7K4/,step by step gel x nails application💅🏽🎀✨ #nails #gelxnails,
ins,DX6AdNDBV2O,2026-05-04,黄莉莎,KOL品线推广,彩胶,纯色,做款,视频,,https://www.instagram.com/p/DX6AdNDBV2O/,"spring in full bloom 🌸✨

obsessed with this dreamy set using @beetlesgelpolish Spring Sonata hema-free collection 💅🏽 jelly layers + pastel airbrush + chrome details = literal fairy garden vibes 🫧🌷 
•
#beetlesgelpolish#beetlesnailnook#Springnails#beetlescateye#cateyenails",
ins,DX6YFsuirdj,2026-05-04,何嘉怡,2026dealbox&PD,配件,美甲灯,做款;成品展示,视频,,https://www.instagram.com/p/DX6YFsuirdj/,"cherry picnic nails 🌸✨🌿🌷🍒☁️
making press-ons using jelly nail polish colors for a gingham design, ombré tips, silver cat eye & cute little cherries 🍒

•

•

#cateyenails #cherrynails #pressonnails #squarenailshape #diynails",
tk,7635726834063166733,2026-05-04,高咏欣,KOL品线推广,穿戴甲,UV穿戴甲,做款;口播,视频,,https://www.tiktok.com/@ari.ayanna_/video/7635726834063166733,easy @BeetlesGelPolish soft french nail kit…that at home manicure u NEED 💅🏽🎀 #beetlesgelpolish #beetlespressons #foryoupage #nail #nailkit ,
tk,7635743635799051534,2026-05-04,林盈盈,KOL品线推广,构建美甲,捏捏胶,做款;口播,视频,,https://www.tiktok.com/@aisebrush/video/7635743635799051534,"Beginner Nail Art Tutorial 🪼🫧🦋

#nails #nailtutorial #nailart #nailtech #diynails 

Gel-x nail inspo, cat eye nail tutorial, polka dot nail tutorial, french tip nail tutorial, 3d flower nail tutorial, beginner nail tech, gel nails, summer nail inspo",
tk,7635751894475885855,2026-05-04,何嘉怡,2026美甲灯,配件,预构建甲片套组,开箱;口播,视频,,https://www.tiktok.com/@evelynsoltero/video/7635751894475885855,"In love with all the goodies beetles sent to me! 🤭 stay tuned for more nail videos! 
#nail #nailart #beetlesnailpolish #nailtok ",
tk,7635761177741593869,2026-05-04,罗惠仪,2026dealbox&PD,配件,美甲笔,创意,视频,,https://www.tiktok.com/@envyriyy/video/7635761177741593869,we go simple and plain this time😭 #viral #fyp ,
tk,7635767758818413838,2026-05-04,罗惠仪,2026dealbox&PD,配件,美甲笔,开箱;口播,视频,,https://www.tiktok.com/@lyrical.themiracle/video/7635767758818413838,Thank you!! @BeetlesGelPolish @Evereden @Avatara Skin @Octobuddy ,
tk,7635774364717272341,2026-05-04,黄嘉丽,KOL品线推广,彩胶,纯色,做款,视频,,https://www.tiktok.com/@littlebrushnails/video/7635774364717272341,"come make a soft feminine set with me 🤍🇺🇸 🇨🇦
#pressonnails #handmadepressonnails #canada ",
tk,7635784811566632206,2026-05-04,何嘉怡,KOL品线推广,彩胶,混合套组,开箱,视频,,https://www.tiktok.com/@nailsbyphoebe22/video/7635784811566632206,"New set colors from @BeetlesGelPolish 

#xuhuong #nailtech #nailoftiktok #beetlesgelpolish ",
tk,7635787763379391758,2026-05-04,何嘉怡,KOL品线推广,彩胶,裸透色彩胶,开箱,视频,,https://www.tiktok.com/@nailsbyphoebe22/video/7635787763379391758,"I love this set! 
@BeetlesGelPolish 
#xuhuong #nailtech #nailoftiktok #beetlesgelpolish #nailcontent ",
tk,7635791166729899278,2026-05-04,何嘉怡,KOL品线推广,彩胶,混合套组,开箱,视频,,https://www.tiktok.com/@nailsbyphoebe22/video/7635791166729899278,"Obsessed is an understatement 💅✨
New gel colors, fresh vibes, and I’m absolutely in love with every shade. Which one would you pick? 💖

@BeetlesGelPolish 

#xuhuong #nailtech #nailoftiktok #beetlesgelpolish #nailcontent ",
tk,7635815274096184590,2026-05-04,何嘉怡,KOL品线推广,彩胶,透色,做款;成品展示,视频,,https://www.tiktok.com/@nailspiceee/video/7635815274096184590,"Freestyles are always my favorite appts 🤎

@thegelbottleaus @Beetles Nail Boutique 

#nailart #moodboard #nailtech #workwithme #nailartvideos ",
tk,7635821070628556050,2026-05-04,周紫月,2026美甲灯,配件,美甲灯,教程,视频,,https://www.tiktok.com/@dianajbz/video/7635821070628556050,step by step gel x nails application🎀💅🏽💗 #nails #gelxnails #nailsathome ,
tk,7635869989794303262,2026-05-04,周紫月,2026母亲节礼盒,彩胶,混合套组,开箱;做款;口播,视频,,https://www.tiktok.com/@sukinails_/video/7635869989794303262,"Mani Time With Mom PR from @BeetlesGelPolish this is beaiful mother day gift 🎁 🫶🏼❤️ 

Use my code “SUKINAILS” for 10% off 

#prpackages #beetlesgelpolish #manitimewithmom #beetlesmanitimewithmom #unboxingvideo ",
tk,7635879266969865486,2026-05-04,李伊芸,KOL品线推广,功能胶,胶水,教程,视频,,https://www.tiktok.com/@krayznailz/video/7635879266969865486,i also like to glue my charms with this 🙃 @BeetlesGelPolish #beetlesgelpolish #nailgluegel #chrome #bluecateye #3Ddesigns ,
tk,7635885894645320968,2026-05-04,黄莉莎,KOL品线推广,配件,预构建甲片,做款;口播;教程,视频,,https://www.tiktok.com/@carovaladez_nt/video/7635885894645320968,"Otro diseño mega wow de mi amiguita Aylin✨💕 Ahora logrado todo con @BeetlesGelPolish les dejaré lo utilizado en el link de mi perfil, desde los tips, hasta el Builder y la Meowgic Lamp😽💟 #beetlesmeowgiclamp #meowgicnaillamp #beetlesgel #nailapplication #glitternails ",
tk,7635908755854494989,2026-05-04,罗婧,KOL品线推广,穿戴甲,穿戴甲款式,创意,视频,,https://www.tiktok.com/@theningster/video/7635908755854494989,"Milky white nails but make it affordable 🤍
These Beetles press-ons are giving full salon vibes without the price tag. Different shapes, perfect lengths, and that glossy milky finish everyone’s obsessed with right now. Easy to apply, lightweight, and reusable — I’m not going back to the salon anytime soon. @BeetlesGelPolish 
#beetlesnails #pressonnails #milkynails #cleangirlaesthetic #nailtok     ",
tk,7635914642111450398,2026-05-04,黄莉莎,KOL品线推广,彩胶,纯色,做款,视频,,https://www.tiktok.com/@nailsbyyls/video/7635914642111450398,spring is in full bloom with this jelly set 🌸 using @BeetlesGelPolish spring sonata set to create this beautiful set! #beetlesgelpolish#beetlesnailnook#Springnails#beetlescateye#cateyenails ,
tk,7635967684487761184,2026-05-04,何嘉怡,2026dealbox&PD,配件,美甲灯,做款;成品展示,视频,,https://www.tiktok.com/@annas.nailfeed/video/7635967684487761184,"cherry picnic nails 🌸✨🌿🌷🍒☁️
making press-ons using jelly nail polish colors for a gingham design, ombré tips, silver cat eye & cute little cherries 🍒

•

•

#cateyenails #cherrynails #pressonnails #squarenails #diynails ",
tk,7636016496245820686,2026-05-04,周紫月,KOL品线推广,彩胶,纯色,做款,视频,,https://www.tiktok.com/@averyy.tuckerr/video/7636016496245820686,"These neon stripes are the perfect vibe for summer. Which color would you wear? 
Link in bio to order the Beetles Neon Rainbow Collection!! 
@BeetlesGelPolish 
#summernails  #beetlesgelpolish #neonnails  #nailart  #gelnails
Amazon link- https://www.amazon.com/dp/B0DQPDB43L",
tk,7636022723054947615,2026-05-04,何嘉怡,KOL品线推广,假指甲,预构建甲片套组,开箱;口播,视频,,https://www.tiktok.com/@luxeloopl/video/7636022723054947615,"DIY Beginner Friendly Gel Nails! I love that these have the built in apex, I really enjoy doing nail art and with these I can basically just go right into the designs! ❣️

@BeetlesGelPolish #beetlestipex #gelx #unboxingvideo #almondnails ",
fb,2443164216158653,2026-05-03,高咏欣,KOL品线推广,穿戴甲,穿戴甲款式,做款;口播,视频,,https://www.facebook.com/reel/4418012971812177,Cause little girls love nails 💅🏻 SIERRRA10 (10% off at our amazon store) #beetlesnaturalmilky #beetlespressons #pressonnails #nails #diynailsathome,
ins,DX2hdsGpoXP,2026-05-03,高咏欣,KOL品线推广,穿戴甲,穿戴甲款式,做款;口播,视频,,https://www.instagram.com/p/DX2hdsGpoXP/,Cause little girls love nails 💅🏻 SIERRRA10 (10% off at our amazon store) #beetlesnaturalmilky #beetlespressons #pressonnails #nails #diynailsathome,
ins,DX3EVfIsQG1,2026-05-03,罗婧,KOL品线推广,构建美甲,构建胶,做款;口播,视频,,https://www.instagram.com/p/DX3EVfIsQG1/,"Comenta “yo” y te envío todo lo que uso ♡𓍢ִ໋🦢☁️

¡Bestie, te enseño la forma más fácil en la que me hago las uñitas en casa usando builder gel!

Productos mencionados en el video:

— Deshidratador de Modelones @modelones 
— Primer de Modelones
— Builder gel de Beetles @beetlesgelpolish 
— Esmalte negro de Modelones 
— Top Coat de Beetles
— Lima de uñas 100/180
— Corta cutículas.
— Empujador de cutículas.

#uñasencasa #uñasdegel #nailsathome #buildergel #nailtok uñas hermosas | how to nails | gel nails | gel de uñas",
ins,DX3rgnPhG3J,2026-05-03,罗婧,KOL品线推广,构建美甲,捏捏胶,做款,视频,,https://www.instagram.com/p/DX3rgnPhG3J/,"surely it can’t just me 😅

go to @popnotchcreations to grab a parfait pair!!!! it’s blueberry, lemon and birthday cake scented available in bottle or refillable cuticle pens!! like actual refillable ones so we can have less plastic waste 🥹🥹

using: @beetlesgelpolish colors, 3d non stick sculpting gel, @madam_glam detail liner

#blueberrylemonnails #springnailart #pastelnailart #3dnailartdesign #fruitnails fruit nails, blue and yellow nails, spring nail art, pastel nail art",
tk,7634822843825442062,2026-05-03,周紫月,KOL品线推广,彩胶,特色胶,开箱;口播;刷色,视频,,https://www.tiktok.com/@e.vvelinn/video/7634822843825442062,I love cateye 😍 @BeetlesGelPolish #beetlespolish #cateyepolish #summercateye #fruitcateye #foryou ,
tk,7635408981829143822,2026-05-03,黄莉莎,2026美甲灯,配件,美甲灯,开箱,视频,,https://www.tiktok.com/@iamshimmykiki/video/7635408981829143822,💕 CALLING ALL BEGINNER NAIL TECHSSS! THIS BEETLES GEL NAIL KIT IS PERFECT FOR STARTERS! SHE COMES WITH EVERYTHING A BEGINNER COULD NEED! ITS TIME YOU LEARN HOW TO DO YOUR OWN NAILS WITH THIS ADORABLE NAIL KIT! SHES LINKED BELOW! AHH 💞 #nails #nailtok #fyp #nailtech #foryou ,
tk,7635415280910372110,2026-05-03,高咏欣,KOL品线推广,穿戴甲,穿戴甲款式,做款;口播,视频,1,https://www.tiktok.com/@familytalesdiary/video/7635415280910372110,Cause little girls love nails 💅🏻 SIERRRA10 (10% off at our amazon store) #beetlesnaturalmilky #beetlespressons #pressonnails #nails #diynailsathome ,
tk,7635490901820706078,2026-05-03,高咏欣,KOL品线推广,构建美甲,构建胶,做款,视频,,https://www.tiktok.com/@berlese/video/7635490901820706078,"¿Cómo me hago las uñitas en casa usando builder gel? 🤎𓍢ִ໋🦢☁️

Productos mencionados en el video:

— Deshidratador de Modelones 
— Primer de Modelones
— Builder gel de Beetles 
— Esmalte negro de Modelones 
— Top Coat de Beetles
— Lima de uñas 100/180
— Corta cutículas.
— Empujador de cutículas.

#uñasencasa #uñasdegel #nailsathome #buildergel #nailtok uñas hermosas | how to nails | gel nails | gel de uñas",
tk,7635492848967699742,2026-05-03,高咏欣,KOL品线推广,穿戴甲,穿戴甲款式,做款;口播,视频,,https://www.tiktok.com/@lovebeaches1/video/7635492848967699742,"@BeetlesGelPolish  Thank You So much For All of these beautiful Nails, I’m so excited to wear these all summer!!😍😍💅🏽

Links to these nails will be in my bio!🎀",
tk,7635502623105273119,2026-05-03,周紫月,KOL品线推广,穿戴甲,穿戴甲款式,开箱;口播,视频,,https://www.tiktok.com/@lazy.chic3/video/7635502623105273119,Overdue sample unboxing shame spiral 🫠,
yt,HC-F2CguRP4,2026-05-03,周紫月,2026美甲灯,配件,美甲灯,教程,视频,,https://www.youtube.com/watch?v=HC-F2CguRP4,step by step gel x nails application💅🏽🎀💗,
yt,lmOTjvyW0kw,2026-05-03,黄嘉丽,KOL品线推广,彩胶,纯色,做款,视频,,https://www.youtube.com/watch?v=lmOTjvyW0kw,come make a soft feminine set with me 🤍,
yt,rcN7Jx2vyDM,2026-05-03,马明慧,KOL品线推广,彩胶,混合套组,做款,视频,,https://www.youtube.com/watch?v=rcN7Jx2vyDM,5XL Polygel Duck Nails : Lucky Charms iNSPiRED | 3D + Handdrawn Arts | Full Tutorial ♡︎,
fb,122292707780222740,2026-05-02,黄莉莎,2026母亲节礼盒,彩胶,混合套组,开箱,视频,,https://www.facebook.com/reel/2659495307756108,"Thank you @beetlesgelpolish @beetles_community  Are you an aspiring nail tech… ready to master your skills? let’s build our skills together with our 1:1 online & in person skill mastery courses, DM to enroll. (this is to learn the artistry, not to get licensed.)

Are you looking for a bomb nail tech… outstanding customer service skills, comfortable environment and Unique Long-lasting nails?🩷 Let’s Pamper ourselves with One-Of-A-Kind nails🚨
• ✨Luxury at your fingertips✨ 
Custom reusable handmade acrylic press-ons shipped straight to you✈️ , complete with our @caseys_beauty_studio deluxe prep kit for 3+ weeks of flawless wear. 💅. Order Inquiries: 📲 When you DM, send: Length, shape, and inspo pics 💕 via DM & the number in my bio
•💕your nail dreams awaits you!💖
Schedule your luxurious nail appointment at 5151 Monroe st. Toledo, Oh; Suite 232✨
Allow yourself a Self Care day and treat yourself here at @caseys_beauty_studio where a luxury experience awaits you! Schedule an appointment today by clicking the link in my bio! 

•ALL PRODUCTS USED IN THIS VIDEO LINKED IN MY AMAZON STOREFRONT (bio) 
#caseysbeautystudio #toledonails #toledo #acrylicpressons #toledoohionails toledonailtech toledoohionailsalon toledoohionailtech detroitnailtech detroitnails detroitgolf monroenailtech BirminghamDetroit northvillenails Bowlinggreennails grossepointe
 explorepage explore explorepagenails novinailtech nailsfyp rochesterhillsnails
419nailtech lucascounty  royaloaknails stClairshoresnails northwestohionails acrylicpressonnails @youngnailsinc @kupainc @makartt_official @beetlesgelpolish @dndgel",
ins,DX0IWaPgx9A,2026-05-02,黄莉莎,2026母亲节礼盒,彩胶,混合套组,开箱,视频,,https://www.instagram.com/p/DX0IWaPgx9A/,"Thank you @beetlesgelpolish @beetles_community  Are you an aspiring nail tech… ready to master your skills? let’s build our skills together with our 1:1 online & in person skill mastery courses, DM to enroll. (this is to learn the artistry, not to get licensed.)

Are you looking for a bomb nail tech… outstanding customer service skills, comfortable environment and Unique Long-lasting nails?🩷 Let’s Pamper ourselves with One-Of-A-Kind nails🚨
• ✨Luxury at your fingertips✨ 
Custom reusable handmade acrylic press-ons shipped straight to you✈️ , complete with our @caseys_beauty_studio deluxe prep kit for 3+ weeks of flawless wear. 💅. Order Inquiries: 📲 When you DM, send: Length, shape, and inspo pics 💕 via DM & the number in my bio
•💕your nail dreams awaits you!💖
Schedule your luxurious nail appointment at 5151 Monroe st. Toledo, Oh; Suite 232✨
Allow yourself a Self Care day and treat yourself here at @caseys_beauty_studio where a luxury experience awaits you! Schedule an appointment today by clicking the link in my bio! 

•ALL PRODUCTS USED IN THIS VIDEO LINKED IN MY AMAZON STOREFRONT (bio) 
#caseysbeautystudio #toledonails #toledo #acrylicpressons #toledoohionails toledonailtech toledoohionailsalon toledoohionailtech detroitnailtech detroitnails detroitgolf monroenailtech BirminghamDetroit northvillenails Bowlinggreennails grossepointe
 explorepage explore explorepagenails novinailtech nailsfyp rochesterhillsnails
419nailtech lucascounty  royaloaknails stClairshoresnails northwestohionails acrylicpressonnails @youngnailsinc @kupainc @makartt_official @beetlesgelpolish @dndgel",
ins,DX0TbP0Nu8C,2026-05-02,高咏欣,2026母亲节礼盒,彩胶,混合套组,做款,视频,,https://www.instagram.com/p/DX0TbP0Nu8C/,"I’m obsessed 😍😍 perfect idea for Mother’s Day 💖🌸
All products are from @beetlesgelpolish 🩷
Use code BECERRA10 for 10% off
Link in bio to shop 💅

#beetlesgelpolish #BeetlesManiTimewithMom #ManiTimeWithMom",
ins,DX1zkeXTape,2026-05-02,罗婧,KOL品线推广,彩胶,纯色,做款,视频,,https://www.instagram.com/p/DX1zkeXTape/,Spring nails 🎀🌸🍓✨ #nails #nailart #uñasdecoradas #beetlesgelpolish #colorfulnails,
ins,DXz7xXMPDA-,2026-05-02,黄嘉丽,KOL品线推广,彩胶,特色胶,做款,视频,,https://www.instagram.com/p/DXz7xXMPDA-/,a soft feminine set you can wear every day 🤍#pressonnails #softnails #handmadenails,
ins,DXzcDaBuDBL,2026-05-02,黄嘉丽,KOL品线推广,功能胶,晕染胶,做款,视频,,https://www.instagram.com/p/DXzcDaBuDBL/,"I don’t think the blooming gel trend is going to fade anytime soon 😍✨

#bloomingnails #bloomingflowers #nailart #flowernails #springnails",
ins,DXzwLKeCLmn,2026-05-02,李伊芸,KOL品线推广,穿戴甲,穿戴甲款式,做款,视频,,https://www.instagram.com/p/DXzwLKeCLmn/,"Affordable and chic 🙂‍↕️💅✨ #beetlesgelpolish #pressonnails #thebronx #professional #clean 

@beetlesgelpolish You saved my day! 🤍",
tk,7634829259818667277,2026-05-02,周紫月,KOL品线推广,彩胶,纯色,开箱;口播,视频,,https://www.tiktok.com/@e.vvelinn/video/7634829259818667277,So excited for this collection @BeetlesGelPolish #everydaymuse #beetlespolish #gelpolish #summerpolishes ,
tk,7634962981008330015,2026-05-02,周紫月,KOL品线推广,彩胶,纯色,开箱;口播,视频,,https://www.tiktok.com/@nailss.by.vivi/video/7634962981008330015,"Obsessed with these gel shades 😍
Hema-free and so pretty 💅  
Thank you @BeetlesGelPolish 🤍

#beetlesgelpolish #hemafree #nailtech #unboxing #gelpolish ",
tk,7635015604956646686,2026-05-02,高咏欣,2026母亲节礼盒,彩胶,混合套组,做款,视频,,https://www.tiktok.com/@nailsbybecerra/video/7635015604956646686,"I’m obsessed 😍😍 perfect idea for Mother’s Day 💐🌸♥️
All products are from @BeetlesGelPolish 🩷
Use code BECERRA10 for 10% off
Link in bio to shop🫶🏻 #nailgel #gel #beetlesgelpolish #beetlesManiTimewithMom #manitimewithmom #",
tk,7635018105319738638,2026-05-02,李伊芸,KOL品线推广,穿戴甲,穿戴甲款式,做款,视频,,https://www.tiktok.com/@keniainthebx/video/7635018105319738638,"Affordable and chic 🙂‍↕️💅✨ #beetlesgelpolish #pressonnails #thebronx #professional #clean 

@BeetlesGelPolish You saved my day! 🤍",
tk,7635024108622793998,2026-05-02,周紫月,KOL品线推广,款式创作,拍拍胶套组,做款;口播;教程,视频,,https://www.tiktok.com/@khloegracee/video/7635024108622793998,this is the key🙂‍↕️✨ #creatorsearchinsights #frenchtip #nailtutorial #nailtech #nails💅 ,
tk,7635040903614205204,2026-05-02,黄嘉丽,KOL品线推广,彩胶,特色胶,做款,视频,,https://www.tiktok.com/@littlebrushnails/video/7635040903614205204,"come make a soft feminine set with me 😊
#pressonnails #handmadepressonnails #canada ",
tk,7635067049298971917,2026-05-02,罗婧,2026dealbox&PD,彩胶初学者套装,四指灯套装,开箱,视频,,https://www.tiktok.com/@sugarandspicenailsrnice/video/7635067049298971917,"Okay but the COLORS in this box?! ONE COAT was used on these swatches! AND the glitter top coat that makes any color Cateye?! Can’t wait for all of the summer nail art I am gonna create with these colors!

The @BeetlesGelPolish deal box is Hema & TPO Free, comes with 32 colors perfect for all four seasons, AND comes with some fun accessories! Such a great kit for beginners! 

LINK IN MY BIO!

 #Beetlesgelpolish #BeetlesDealsBox ",
tk,7635090601481915679,2026-05-02,周紫月,KOL品线推广,功能胶,橡胶底胶,开箱;口播;教程,视频,,https://www.tiktok.com/@beautyluxnails/video/7635090601481915679,"I got my hands on the Beetles Rubber Base Gel ✨
Growing your natural nails was never this easy! 
.
This collection comes with 6 different shades from pinky nudes to milky pink shades 😍 perfect for my girls who do their nails at home and they want to grow their natural nails 💅🏻
@BeetlesGelPolish 
.
The nudes collection will be linked on my amzn storefront 🔗
.
.
#beetlesgelpolish #rubberbase #naturalnails #manicureathome #nailswatch ",
tk,7635310248563150110,2026-05-02,罗婧,KOL品线推广,彩胶,纯色,做款,视频,,https://www.tiktok.com/@esme25sz/video/7635310248563150110,Spring nails 🎀🌸🍓✨ #nails #nailart #uñasdecoradas #beetlesgelpolish #colorfulnails ,
tk,7635311347886034189,2026-05-02,高咏欣,2026母亲节礼盒,彩胶,混合套组,开箱;口播,视频,,https://www.tiktok.com/@zionnydickson/video/7635311347886034189,"Thank you @BeetlesGelPolish I love everything about this😭 

#unboxing #beetlesgelpolish #nailsathome #newproducts #haul ",
yt,EK0d3sbdwQ8,2026-05-02,罗婧,KOL品线推广,彩胶,纯色,做款,视频,,https://www.youtube.com/watch?v=EK0d3sbdwQ8,Spring nails 🎀🌸🍓✨,
yt,P1LY0J9T1bg,2026-05-02,林盈盈,2026母亲节礼盒,彩胶,混合套组,开箱;做款;口播;刷色,视频,,https://www.youtube.com/watch?v=P1LY0J9T1bg,DIY Testing Beetles Mother's Day Kit,
ins,DXw9JCPKTwo,2026-05-01,黄莉莎,KOL品线推广,彩胶,混合套组,做款,视频,,https://www.instagram.com/p/DXw9JCPKTwo/,"Are you an aspiring nail tech… ready to master your skills? let’s build our skills together with our 1:1 online & in person skill mastery courses, DM to enroll. (this is to learn the artistry, not to get licensed.)

Are you looking for a bomb nail tech… outstanding customer service skills, comfortable environment and Unique Long-lasting nails?🩷 Let’s Pamper ourselves with One-Of-A-Kind nails🚨
• ✨Luxury at your fingertips✨ 
Custom reusable handmade acrylic press-ons shipped straight to you✈️ , complete with our @caseys_beauty_studio deluxe prep kit for 3+ weeks of flawless wear. 💅. Order Inquiries: 📲 When you DM, send: Length, shape, and inspo pics 💕 via DM & the number in my bio
•💕your nail dreams awaits you!💖
Schedule your luxurious nail appointment at 5151 Monroe st. Toledo, Oh; Suite 232✨
Allow yourself a Self Care day and treat yourself here at @caseys_beauty_studio where a luxury experience awaits you! Schedule an appointment today by clicking the link in my bio! 

•ALL PRODUCTS USED IN THIS VIDEO LINKED IN MY AMAZON STOREFRONT (bio) 
#caseysbeautystudio #toledonails #toledo #acrylicpressons #toledoohionails toledonailtech toledoohionailsalon toledoohionailtech detroitnailtech detroitnails detroitgolf monroenailtech BirminghamDetroit northvillenails Bowlinggreennails grossepointe
 explorepage explore explorepagenails novinailtech nailsfyp rochesterhillsnails
419nailtech lucascounty  royaloaknails stClairshoresnails nor",
ins,DXx75yShKKP,2026-05-01,高咏欣,2026母亲节礼盒,彩胶,混合套组,开箱,视频,,https://www.instagram.com/p/DXx75yShKKP/,"The Perfect Mother’s Day Gift Idea 💐♥️🥰
I’m absolutely in love with every detail! This set is perfect for anyone who loves doing nails or wants a special self-care moment 💕
Would you gift this or keep it for yourself? 😍
🛍️ The direct link to this beautiful set is in my profile so you can order it in time for Mother’s Day!
💖 Don’t forget to use my discount code: Becerra10 🫶🏻 @beetlesgelpolish #beetlesgelpolish #beetlesmanitimewithmom #manitimewithmom 

#beetlesgelpolish",
ins,DXxspTpBS5c,2026-05-01,林盈盈,KOL品线推广,彩胶,混合套组,做款,视频,1,https://www.instagram.com/p/DXxspTpBS5c/,"Do cartoon doodle nails with me 〰️🖍️

I’ve gotten lots of requests for short nail designs so here’s something cute for all the short nail girlies out there 🥰

Using @beetlesgelpolish
✨Dessert feast gel polish set
✨12 color nail art pens
✨rhinestone glue gel

Use code CXHNAILS10 for 10% off (link in bio) 🌸

🏷️ #beetlesgelpolish #cartoonnails #pressonnails #shortnails #nailinspo cutenails nailartist asmr",
tk,7634606863253835030,2026-05-01,李伊芸,KOL品线推广,彩胶初学者套装,F13灯套装,开箱;刷色,视频,,https://www.tiktok.com/@nailed.by.liss/video/7634606863253835030,I wish I had this when I first started… everything you would need as a beginner in ONE box 🫣✨ get yours whilst its on sale👀 #nailart #fyp #beetlesgel #nailinspo #pressonnails ,
tk,7634642453441694989,2026-05-01,李伊芸,KOL品线推广,彩胶初学者套装,F13灯套装,开箱;刷色,视频,,https://www.tiktok.com/@nails.by.ans8/video/7634642453441694989,Thank you so much!! Pt.2 Coming soon!! @Beetles GelPolish #fypシ #gelxnails #cateye #gel ,
tk,7634644494960315679,2026-05-01,高咏欣,2026母亲节礼盒,彩胶,混合套组,开箱,视频,,https://www.tiktok.com/@nailsbybecerra/video/7634644494960315679,"The Perfect Mother’s Day Gift Idea 💐♥️🥰I’m absolutely in love with every detail! This set is perfect for anyone who loves doing nails or wants a special self-care moment 💕
Would you gift this or keep it for yourself? 😍
🛍️ The direct link to this beautiful set is in my profile so you can order it in time for Mother’s Day!
💖 Don’t forget to use my discount code: Becerra10 ✨ #gelnail #nailkit  #beetlesgelpolish #beetlesManiTimewithMom #manitimewithmom ",
tk,7634645343598087437,2026-05-01,李伊芸,KOL品线推广,功能胶,胶水,教程,视频,,https://www.tiktok.com/@krayznailz/video/7634645343598087437,personally love this nail glue 👩‍🍳💋#beetlesnailglue #nailglue #gelx #application #nail ,
tk,7634645346664123679,2026-05-01,李伊芸,2026母亲节礼盒,彩胶,混合套组,做款,视频,,https://www.tiktok.com/@gracelianakyle/video/7634645346664123679,All the gel colors from The Beatles Mother’s Day bundle 🌺🎨#gelcolors #beetles #BeetlesManiTimewithMom #nailsupplieshaul #nailsupplies ,
tk,7634685274596953357,2026-05-01,高咏欣,2026母亲节礼盒,彩胶,混合套组,开箱;口播,视频,,https://www.tiktok.com/@_mannacured/video/7634685274596953357,We are literally twins.. | Thank you @BeetlesGelPolish 🥰🥹 Mama K approved #momanddaughter #unboxingreview #collab #PRunboxing #guyssendmore ,
tk,7634697518713998606,2026-05-01,周紫月,2026dealbox&PD,构建美甲,混合套组,开箱;口播,视频,,https://www.tiktok.com/@polished_by_rozi/video/7634697518713998606,"open my first PR package with me! 🥹💕 so incredibly grateful to every single one of you! Thank you so much @BeetlesGelPolish #beetlesdealsbox #beetlesgelpolish 

@gaoy_official @@skibidylily @bornprettynailsPH @dndgel @Modelones @Aprés Nail Professional @Cuticle & Company @melodysusie_gels @MakarttOfficial #prunboxing #prhaul ",
tk,7634720723176606989,2026-05-01,周紫月,KOL品线推广,款式创作,拍拍胶套组,做款;口播;教程,视频,,https://www.tiktok.com/@khloegracee/video/7634720723176606989,this changed the GAME!!🎀#creatorsearchinsights #auranails #nailtutorial #diynails #nailsart ,
tk,7634776283896892685,2026-05-01,林盈盈,KOL品线推广,彩胶,混合套组,做款,视频,,https://www.tiktok.com/@cxh.nails/video/7634776283896892685,"Do cartoon doodle nails with me 〰️🖍️

I’ve gotten lots of requests for short nail designs so here’s something cute for all the short nail girlies out there 🥰

Using @BeetlesGelPolish 
✨Dessert feast gel polish set
✨12 color nail art pens
✨rhinestone glue gel

Use code CXHNAILS10 for 10% off (link in bio) 🌸

🏷️ #beetlesgelpolish #cutenails #shortnails #pressonnails #nailinspo ",
yt,KV0yILyqOjw,2026-05-01,高咏欣,2026母亲节礼盒,彩胶,混合套组,做款,视频,,https://www.youtube.com/watch?v=KV0yILyqOjw,Im obsessed😍Perfect idea for Mother’s Day💅💐All products are from,
yt,M2nIhsK3WKk,2026-05-01,黄嘉丽,KOL品线推广,彩胶,纯色,做款,视频,,https://www.youtube.com/watch?v=M2nIhsK3WKk,come make a soft feminine set with me 🤍,
ins,DXuM7UDDZbr,2026-04-30,梁裕君,社媒日常推广,彩胶初学者套装,F13灯套装,转载kol,视频,,https://www.instagram.com/p/DXuM7UDDZbr/,"Hosted another 𝘗𝘳𝘦𝘴𝘴 & 𝘔𝘪𝘯𝘨𝘭𝘦 with students from a South Brooklyn high school and this one meant a lot.

This wasn’t just about nails. Each student created their own press-on set to take home, but more importantly, we had real conversations about my 𝘦𝘯𝘵𝘳𝘦𝘱𝘳𝘦𝘯𝘦𝘶𝘳𝘴𝘩𝘪𝘱 𝘫𝘰𝘶𝘳𝘯𝘦𝘺, the steps it took to build 𝐆𝐨𝐭 𝐘𝐨𝐮 𝐏𝐨𝐥𝐢𝐬𝐡𝐞𝐝, and what’s possible for them too.

Being able to pour into the 𝐧𝐞𝐱𝐭 𝐠𝐞𝐧𝐞𝐫𝐚𝐭𝐢𝐨𝐧, especially in the same communities that shaped me, is something I don’t take lightly.

Thank you to @beetlesgelpolish for sponsoring each student with full kits to start their nail journey, and to @goodshepherdnyc for trusting us to help inspire the youth.

𝐓𝐡𝐢𝐬 𝐢𝐬 𝐨𝐧𝐥𝐲 𝐭𝐡𝐞 𝐛𝐞𝐠𝐢𝐧𝐧𝐢𝐧𝐠.

#nycnailtech #NailEducation #nycyouth #nycsalon",
ins,DXuPAgzxniV,2026-04-30,李伊芸,KOL品线推广,构建美甲,鼠标灯套装,做款,视频,,https://www.instagram.com/p/DXuPAgzxniV/,"love how this set came together ✨

such a cute idea if you’re doing your nails yourself or even as a little gift moment 💅🏻

their kits are HEMA-free and beginner-friendly, which makes everything way easier

use code SOFTLUXNAILS for 10% off — link in bio

@beetlesgelpolish 

#beetlesgelpolish #nailtech #beginnernailtech #beginnails #nailsathome",
ins,DXugl30Cvrt,2026-04-30,林盈盈,KOL品线推广,彩胶初学者套装,鼠标灯套装,做款,视频,,https://www.instagram.com/p/DXugl30Cvrt/,"You need to try this marble nail art hack 😱

LIKE, SAVE, SHARE, & FOLLOW for more nail inspo! 

Full nail tutorial is up on my YouTube channel, linked in my bio!!

Using products from @beetlesgelpolish 

•
•
#nails #beetlesgelpolish #nailhack",
ins,DXvCs9TxFTp,2026-04-30,罗婧,2026母亲节礼盒,彩胶,混合套组,开箱;做款,视频,,https://www.instagram.com/p/DXvCs9TxFTp/,Polkadot nails 🎀 #BeetlesManiTimewithMom #manitimewithmom #nails #polkadotnails #nailart,
tk,7634222359012150559,2026-04-30,李伊芸,KOL品线推广,构建美甲,鼠标灯套装,做款,视频,,https://www.tiktok.com/@softlux.nails/video/7634222359012150559,"love how this set came together ✨

such a cute idea if you’re doing your nails yourself or even as a little gift moment 💅🏻

their kits are HEMA-free and beginner-friendly, which makes everything way easier

use code SOFTLUXNAILS for 10% off — link in bio

@BeetlesGelPolish 

#beetlesgelpolish #nailtech #beginnernailtech #beginnails #nailsathome ",
tk,7634240016885091606,2026-04-30,罗婧,KOL品线推广,彩胶初学者套装,F13灯套装,开箱;做款,视频,,https://www.tiktok.com/@nailsbyk_x/video/7634240016885091606,"A little unboxing and tutorial using @BeetlesGelPolish *gifted

#beetlesgelpolish #nailart #nailturtorials #summernails #nailsartvideos ",
tk,7634248062386375958,2026-04-30,黄嘉丽,KOL品线推广,彩胶初学者套装,四指灯套装,做款,视频,,https://www.tiktok.com/@mariane_mkl/video/7634248062386375958,"1 Day 1 Design💅🏻 | Ariel Edition 🧜‍♀️ | Envie de faire une ligne Disney : donnez tous vos perso pref à ajouter dans le verre mes bbyyy🫣

#nailarttutorial #3dnailart  #disneynails #ariel #tiktokfr ",
tk,7634250345635384589,2026-04-30,林盈盈,2026dealbox&PD,配件,预构建甲片套组,开箱,视频,,https://www.tiktok.com/@kayl9997/video/7634250345635384589,"@BeetlesGelPolish 
#beetlesgelpolish #beetles #gelxnails #fyp #nailart ",
tk,7634262700280794382,2026-04-30,林盈盈,KOL品线推广,彩胶初学者套装,鼠标灯套装,做款,视频,,https://www.tiktok.com/@nailedbybrandi/video/7634262700280794382,"This is the best marble nail art hack 

Full nail tutorial is linked in my bio! 

Using products from @BeetlesGelPolish 

#nails #nailhack #beetlesgelpolish ",
tk,7634284260089761055,2026-04-30,李伊芸,KOL品线推广,构建美甲,鼠标灯套装,开箱;做款;口播,视频,,https://www.tiktok.com/@ultrasecretbridget/video/7634284260089761055,"Come do my gel x nails with me using @BeetlesGelPolish kits!

If you want a nail salon at home Beetles has got you covered 🩷

Products used:
*Beetles Gel Polish Kit
*Beetles Tipex Nail Tips Acrylic Apex nail tips 
*Beetles Builder Gel nail kit

10% Off Code: BYBRIDGET10 on amazon

All links are in my bio if you are interested in these products!
#beetlesgelpolish #BeetlesDealsBox #BeetlesTipexLite #nail #fyp ",
tk,7634306538634595615,2026-04-30,李伊芸,2026母亲节礼盒,彩胶,混合套组,做款,视频,,https://www.tiktok.com/@gracelianakyle/video/7634306538634595615,Unboxing Beatles Mother’s Day collection 💌💐💅 @BeetlesGelPolish #BeetlesManiTimewithMom #ManiTimeWithMom #mothersdaygift #nailsupplieshaul #nailsupplies ,
tk,7634320231359368478,2026-04-30,李伊芸,2026母亲节礼盒,彩胶,混合套组,做款,视频,,https://www.tiktok.com/@gracelianakyle/video/7634320231359368478,Stunning manicure kit for Mother’s Day!!! Beetles Mother’s Day collection linked in my storefront ❤️@BeetlesGelPolish #BeetlesManiTimewithMom #ManiTimeWithMom #mothersdaygift #nailsupplieshaul #nailsupplies ,
tk,7634332769857981727,2026-04-30,高咏欣,KOL品线推广,穿戴甲,UV穿戴甲,做款;成品展示,视频,,https://www.tiktok.com/@dierraslife/video/7634332769857981727,"So cute so classy 
@BeetlesGelPolish 
#beetles #pressonnails #pressons ",
tk,7634334535739657503,2026-04-30,罗惠仪,KOL品线推广,彩胶,特色胶,开箱;做款,视频,,https://www.tiktok.com/@jasminlockenails/video/7634334535739657503,used @BeetlesGelPolish hema free cateyes and random chromes from amazon ,
tk,7634335221793541406,2026-04-30,罗婧,2026母亲节礼盒,彩胶,混合套组,开箱;做款,视频,,https://www.tiktok.com/@esme25sz/video/7634335221793541406,Polkadot nails 🎀 #BeetlesManiTimewithMom #manitimewithmom #nails #polkadotnails #nailart ,
tk,7634358921263713566,2026-04-30,周紫月,2026美甲灯,配件,美甲灯,开箱;口播;教程,视频,,https://www.tiktok.com/@mrs.manicure/video/7634358921263713566,"Replying to @aliltwisted77 
Kitty paw flash cure lamp 🐾 🐱 
@BeetlesGelPolish 
#nailhack #flashcurelamp #uvlamp #naillamp #gelxnails ",
tk,7634363177743977759,2026-04-30,周紫月,2026dealbox&PD,彩胶,纯色,开箱;口播,视频,,https://www.tiktok.com/@ashleyrodnails/video/7634363177743977759,"Thank you 🙏🏼❤️ @BeetlesGelPolish 

#prpackage #unboxwithme #nailmail #fypシ゚viral #nailcontent ",
tk,7634365469994126605,2026-04-30,林盈盈,2026母亲节礼盒,彩胶,混合套组,开箱,视频,,https://www.tiktok.com/@ch1aseedd/video/7634365469994126605,SO PRETTY @BeetlesGelPolish #Beetlesgelpolish #BeetlesDealsBox #nailart #unboxingvideo #pr ,
tk,7634399726737132830,2026-04-30,黄嘉丽,2026母亲节礼盒,彩胶,混合套组,开箱,视频,,https://www.tiktok.com/@thatdanat/video/7634399726737132830,Do my nails with me using @BeetlesGelPolish Mani Time With Mom gift box set. #beetlesgelpolish #BeetlesManiTimewithMom #ManiTimeWithMom,
tk,7634547867935411487,2026-04-30,林盈盈,2026dealbox&PD,彩胶初学者套装,预构建甲片,开箱,视频,,https://www.tiktok.com/@j_hammann/video/7634547867935411487,the best nail kit for beginners! use the code JHAMMANN10 to get 10% off your order @BeetlesGelPolish #Beetlesgelpolish #BeetlesDealsBox #nailinspo #nailkit ,
tk,7634560984799005966,2026-04-30,李伊芸,2026dealbox&PD,彩胶初学者套装,四指灯套装,做款,视频,,https://www.tiktok.com/@victoria.no.secretss/video/7634560984799005966,Use code  BYVICTORIA10 to get 10% off!!#beetlesgelpolish#BeetlesDealsBox#BeetlesTipexLite ,
yt,lFivXBfo7i0,2026-04-30,高咏欣,2026母亲节礼盒,彩胶,混合套组,开箱,视频,,https://www.youtube.com/watch?v=lFivXBfo7i0,The Perfect Mother’s Day Gift Idea 💐💅discounts Code: Becerra10 @beetlesgelpol,
yt,twi-anShocE,2026-04-30,林盈盈,KOL品线推广,彩胶,混合套组,做款,视频,1,https://www.youtube.com/watch?v=twi-anShocE,Cartoon doodle nails 〰️🖍️,
ins,DXr3Cp-EzVl,2026-04-29,黄莉莎,KOL品线推广,彩胶,纯色,教程,视频,,https://www.instagram.com/p/DXr3Cp-EzVl/,"Prep is EVERYTHING when it comes to retention and making your nails last 🙌🏽✨

• Lightly buff the shine from your nail tips—this helps the product grip better and prevents lifting
• Remove all dust after buffing (don’t skip this). Any leftover dust can cause peeling, lifting, and chipping
• Apply a dehydrator to remove oils so your base coat bonds properly

Now for the application 💅🏽

• Apply Beetles Base Coat and cure for 30–60 seconds depending on your lamp
• Go in with shade E461 as your base—apply 2 coats, curing in between for full coverage
• Add blooming gel (don’t cure yet 👀)
• Using E466, create your flowers
• Add 5 dots and let them bloom for about 10 seconds—once you love the look, cure
• Use E464 to finish detailing the flowers and cure again

To lock everything in 🔒✨

• Apply Beetles Top Coat, fully seal the nail, and cure for 60 seconds

This prep + process is what keeps your set looking fresh, glossy, and long-lasting 💖

Use Code NAILSBYA10 

  #topcoat
 #basecoat #bloominggelpolish #beetlesgelpolish @beetlesgelpolish",
ins,DXs-DQKDmhj,2026-04-29,周紫月,2026母亲节礼盒,彩胶,混合套组,开箱;口播,视频,,https://www.instagram.com/p/DXs-DQKDmhj/,"💕Unboxing @beetlesgelpolish  Mani Time With Mom box collection 😍 💕 
Discount Code tinti10 
🔗 in my BIO 

#beetlesgelpolish #mothersdaygiftideas #gelpolish #mothersday #manicure",
ins,DXsF-sxCsmz,2026-04-29,李伊芸,2026母亲节礼盒,彩胶,混合套组,做款,视频,,https://www.instagram.com/p/DXsF-sxCsmz/,"Got my mom something different this year 🥹💐

Not just a gift but something she can actually use + it comes with soooo much 💅🏽 @beetlesgelpolish 

I made her a set of press-ons for her to wear on Mother’s Day and y’all already know I had to make them cute😍😍 

This is such a good gift idea AND a cute way for you and your mom to bond together 🤍

Comment “MOM” and I’ll send you the link + use code BYIKNAILS for $$ off ✨",
tk,7633849579129146655,2026-04-29,林盈盈,KOL品线推广,彩胶初学者套装,F13灯套装,品牌向,视频,,https://www.tiktok.com/@itsmariahskye/video/7633849579129146655,Thank you to everyone who played a big part of this Free Nail event 💕 🫶🏽@BeetlesGelPolish @Got You Polished #nycnails #nycevents #smallbusiness #gelxnails ,
tk,7633868690215210253,2026-04-29,黄嘉丽,KOL品线推广,构建美甲,捏捏胶,做款,视频,,https://www.tiktok.com/@nails.by.analorena/video/7633868690215210253,"3d flower tutorial 😍
@BeetlesGelPolish non sticky solid builder gel is the best one for sculpting your 3d flowers🫶🏻
#nailart #3dflowersnails #nailhack #nailtutorial ",
tk,7633873636725673229,2026-04-29,李伊芸,KOL品线推广,彩胶,预构建甲片,做款,视频,,https://www.tiktok.com/@evelynpastuizaca/video/7633873636725673229,"#beetlesgelpolish#beetlesnailnook#BeetlesTipexLite#Almondnails
code: BYEVELYN 💗 @BeetlesGelPolish ",
tk,7633876416047713557,2026-04-29,黄莉莎,KOL品线推广,彩胶,纯色,教程,视频,,https://www.tiktok.com/@nailsbya_design/video/7633876416047713557,"Prep is EVERYTHING when it comes to retention and making your nails last 🙌🏽✨

• Lightly buff the shine from your nail tips—this helps the product grip better and prevents lifting
• Remove all dust after buffing (don’t skip this). Any leftover dust can cause peeling, lifting, and chipping
• Apply a dehydrator to remove oils so your base coat bonds properly

Now for the application 💅🏽

• Apply Beetles Base Coat and cure for 30–60 seconds depending on your lamp
• Go in with shade E461 as your base—apply 2 coats, curing in between for full coverage
• Add blooming gel (don’t cure yet 👀)
• Using E466, create your flowers
• Add 5 dots and let them bloom for about 10 seconds—once you love the look, cure
• Use E464 to finish detailing the flowers and cure again

To lock everything in 🔒✨

• Apply Beetles Top Coat, fully seal the nail, and cure for 60 seconds

This prep + process is what keeps your set looking fresh, glossy, and long-lasting 💖

Use Code NAILSBYA10  

  #topcoat
 #basecoat #bloominggelpolish #beetlesgelpolish @BeetlesGelPolish  #creatorsearchinsights ",
tk,7633877874944068878,2026-04-29,林盈盈,KOL品线推广,彩胶,混合套组,做款,视频,,https://www.tiktok.com/@nailsby.emxo/video/7633877874944068878,"shimmery cat eye florals perfect for spring 🌸🔮✨

Products used: 
Beetles Spring Anthology 20 gel color set •g824• •g826•

Everything is linked in my bio!🤭

#nailtutorial #floralnails #springnails #cateyenails #diynails  ",
tk,7633925963222469919,2026-04-29,李伊芸,2026母亲节礼盒,彩胶,混合套组,做款,视频,,https://www.tiktok.com/@i.k__nails/video/7633925963222469919,"Got my mom something different this year 🥹💐

I made her a set of press-ons for her to wear on Mother’s Day and y’all already know I had to make them cute😍😍 

This is such a good gift idea AND a cute way for you and your mom to bond together 🤍",
tk,7633939779742141727,2026-04-29,罗惠仪,2026dealbox&PD,彩胶,纯色,做款,视频,,https://www.tiktok.com/@natty_d_raps05/video/7633939779742141727,im so happy with how they turned out and i cant wait to see how they turn out on the whole hand. also couldn’t find original artist #nailart #nail #nailtech #naildesign #nailinspo ,
tk,7633952186233277710,2026-04-29,周紫月,KOL品线推广,彩胶,纯色,做款;口播,视频,,https://www.tiktok.com/@ciaramariedatzme_/video/7633952186233277710,"The YELLOWW?? Like come on! They look to good!💛 

#beetles#beetlesgelpolish#gelxnails#neon#nail",
tk,7633963323339312415,2026-04-29,高咏欣,KOL品线推广,穿戴甲,UV穿戴甲,成品展示,视频,,https://www.tiktok.com/@dierraslife/video/7633963323339312415,"Love cateye nails ? Get these 😍😍😍 so cute and classy 
@BeetlesGelPolish 
#beetles #pressonnailstutorial #presson #beetlesgelpolish #pressonnails ",
tk,7634007560873413918,2026-04-29,周紫月,2026dealbox&PD,构建美甲,捏捏胶,做款;口播,视频,,https://www.tiktok.com/@sukinails_/video/7634007560873413918,"I use @BeetlesGelPolish deal box for this sets! Beetles has updated their formulas with TPO-free and HEMA-free! Use my code “SUKINAILS” for 10% off or link in my bio.

#beetlesgelpolish #beetlesdealsbox #serviceforservice #nailtech #nailcontent 
@HBG NAILTECH | Alandra🫧🤍 ",
tk,7634007807079091469,2026-04-29,罗惠仪,2026母亲节礼盒,彩胶,混合套组,开箱;做款,视频,1,https://www.tiktok.com/@nailzbyatzi/video/7634007807079091469,I guess she deserves it..😒 @BeetlesGelPolish #fyp #mothersdaynails #teennailtech #beetlegelpolish #homebased ,
tk,7634053220301540638,2026-04-29,黄嘉丽,KOL品线推广,功能胶,封层,做款,视频,,https://www.tiktok.com/@ubemochiicecream/video/7634053220301540638,if i can do it at home i will 😫 #nails ,
tk,7634188311472491789,2026-04-29,周紫月,KOL品线推广,彩胶,纯色,开箱,视频,,https://www.tiktok.com/@abeautyla/video/7634188311472491789,"spring sonata 💐
Now I see why this is always sold out! So many beautiful pigmented polishes & a swatch board 😍❤️ in love! #nailcontent #gelxnails #gelxtutorial #nailart #nailsartvideos 

@BeetlesGelPolish ",
tk,7634206501774642446,2026-04-29,林盈盈,2026母亲节礼盒,配件,预构建甲片套组,开箱,视频,,https://www.tiktok.com/@kayl9997/video/7634206501774642446,"Such a cute set ☺️ @BeetlesGelPolish 
-
-
-

#beetlesgelpolish #beetlesgelx #gelxnails #domynailswithme #beginnernailtech ",
tk,7634209534659136782,2026-04-29,周紫月,2026母亲节礼盒,彩胶,混合套组,开箱;口播,视频,,https://www.tiktok.com/@tinti_nails2/video/7634209534659136782,"unboxing Mani time with mom💕🌸 from @BeetlesGelPolish 
D.C tinti10 

#beetlesgelpolish #gelpolish #mothersday #nailmail #manicure ",
yt,TfiBKsDP1TI,2026-04-29,林盈盈,KOL品线推广,彩胶初学者套装,鼠标灯套装,做款,视频,,https://www.youtube.com/watch?v=TfiBKsDP1TI,You NEED To Try This Marble Nail Hack 😱✨ Best Nail Art Tutorial EVER,
yt,b4BaELQl-pQ,2026-04-29,李伊芸,KOL品线推广,构建美甲,鼠标灯套装,做款,视频,,https://www.youtube.com/watch?v=b4BaELQl-pQ,love how this set came together ✨,
yt,x0XoZfwRUVg,2026-04-29,罗婧,2026母亲节礼盒,彩胶,混合套组,开箱;做款,视频,,https://www.youtube.com/watch?v=x0XoZfwRUVg,"April 29, 2026",
fb,122173134620901749,2026-04-28,黄莉莎,KOL品线推广,彩胶,特色胶,做款,视频,1,https://www.facebook.com/reel/848521881603681,"Cat’s Eye Nails

En el link de mi perfil encuentras mis favoritos de amazon,encuentras estos esmaltes ojo de gatos de la marca @beetlesgelpolish",
ins,DXp361DzLvI,2026-04-28,黄莉莎,2026母亲节礼盒,彩胶,混合套组,开箱;做款;口播,视频,,https://www.instagram.com/p/DXp361DzLvI/,"2019 vs 2026✨💕🤍Siento que fue ayer cuando le hice este set a mi mami, y ahora quise recrearlo con este kit que es especial para Día de las Madres 🫶🏼

Es el Beetles Mani Time with Mom y la verdad, hacer uñas con tu mamá siempre se disfruta más 🤍✨ Aquí les dejo un pedacito del proceso + resultado, pero el video completo lo tienen en TkTk🤩 y sí, le puse un voice over mega sentimental 🥹

Gracias a mi familia de @beetlesgelpolish por este detalle tan lindo para mi mamá y para mí 🫶🏼les cuento que tenemos código de % para adquirirlo, es caro10 y tienen el código en mi perfil 🛒
.
.
.
#BeetlesManiTimewithMom #ManiTimeWithMom #mothersdaygiftsideas #mothersdaygifts #nailsdesign",
ins,DXpCf9bgtGI,2026-04-28,周紫月,KOL品线推广,构建美甲,预构建甲片,做款,视频,,https://www.instagram.com/p/DXpCf9bgtGI/,"came out GORGEOUS! loving @beetlesgelpolish so much lately! use code BYVICTORIA for 10% off your Amazon Beetles purchase!
•
•
•
•
•
•
•
•
•
•
#beetlesgelpolish #fyp #nailinspo #springnails",
ins,DXpNI_jEbb_,2026-04-28,罗婧,2026dealbox&PD,彩胶初学者套装,四指灯套装,做款,视频,,https://www.instagram.com/p/DXpNI_jEbb_/,"I love when clients let me freestyle🤍

All gel polishes are from @beetlesgelpolish Dessert Feast collection, use code “303NAILS” for 10% off💅🏻 
#denvernails #denvernailartist #denvernailtech #coloradonails #coloradonailtech #gelxdenver #gelxcolorado #gelx #kawaiinails #springnails",
ins,DXp_q19kYhn,2026-04-28,周紫月,2026美甲灯,配件,美甲灯,教程,视频,,https://www.instagram.com/p/DXp_q19kYhn/,how to gel x nails💅🏽💗✨ with zara larsson interview in the back🙈 #nails #justinbieber #zaralarsson #gelx,
ins,DXqGfQ4DEVN,2026-04-28,黄莉莎,KOL品线推广,彩胶,特色胶,做款,视频,1,https://www.instagram.com/p/DXqGfQ4DEVN/,"Cat’s Eye Nails

En el link de mi perfil encuentras mis favoritos de amazon,encuentras estos esmaltes ojo de gatos de la marca @beetlesgelpolish",
ins,DXqNB_6jkW8,2026-04-28,李伊芸,KOL品线推广,彩胶,纯色,做款;刷色,视频,,https://www.instagram.com/p/DXqNB_6jkW8/,"@beetlesgelpolish 🌷

products are 🔗 in my linktree 
use ‘ULUVNAILZ10’ for $$$ off

•Spring Sonata Gel Polish Set💐
•Tipex Lite Apex Nail Tips Stiletto Medium💅

#beetlesgelpolish #beetlesnailnook #beetlestipexlite #almondnails #springnails",
ins,DXrehW6gmU4,2026-04-28,李伊芸,KOL品线推广,假指甲,预构建甲片,做款,视频,,https://www.instagram.com/p/DXrehW6gmU4/,"Spring Nail Set @beetlesgelpolish 

Nails by @nailedbysariah 
Use Code:ILASHDOLLS10(with 10%off, avail until 5.15)

#beetlesgelpolish #beetlesnaillook #beetlestipexlite #almondnails #amazonfinds",
tk,7633472507730824461,2026-04-28,林盈盈,2026dealbox&PD,彩胶初学者套装,四指灯套装,开箱,视频,,https://www.tiktok.com/@hannahh.to/video/7633472507730824461,use code HANNAHHTO10 for 10% off on Beetles Amazon store or click the link in my bio 💅🏼✨💝💫🛍️ @BeetlesGelPolish #beetlesgelpolish #beetlesdealsbox #nailsartvideos #gelpolish #deals ,
tk,7633511817733606687,2026-04-28,李伊芸,KOL品线推广,彩胶,预构建甲片,成品展示,视频,,https://www.tiktok.com/@ilashdolls_style/video/7633511817733606687,"Spring Colors featuring @BeetlesGelPolish SPRING SONATA collection 

Nails by @sariah🌷|𐙚press ons &gelx𝜗𝜚 

Code:ILASHDOLLS10(with 10%off, avail until 5.15)

#beetlesgelpolish #beetlesnaillook #almondnails #springnails #beetlestipex ",
tk,7633521021022178591,2026-04-28,周紫月,2026dealbox&PD,彩胶,预构建甲片套组,开箱;口播,视频,,https://www.tiktok.com/@carlykennedy.xoxo/video/7633521021022178591,I love you @BeetlesGelPolish can’t wait to use these colors later:) #beetlesgelpolish #nailsupplies #hauls ,
tk,7633540415899159821,2026-04-28,林盈盈,2026美甲灯,配件,预构建甲片,口播;教程,视频,,https://www.tiktok.com/@aisebrush/video/7633540415899159821,"DIY Gel-X nails for BEGINNERS 💅🏾✨🫧 at home nails

#gelxtutorial #nailtechsecrets #gelxnails #beginnernails #nailtok

this is my full gel x routine from start to finish — prep, application, retention, cuticle work, sealing, and builder gel overlay so your nails LAST over a month and don’t lift early

if your gel x never lasts, it’s usually not the tips… it’s the prep and how you seal everything in
this is exactly how i do mine every time for a clean, long-lasting set
save this for your next set

all products are in my amazon storefront under “gel-x essentials” 🛍️",
tk,7633563316748651790,2026-04-28,马明慧,2026美甲灯,配件,美甲灯,开箱;口播,视频,,https://www.tiktok.com/@gingernailco/video/7633563316748651790,Unbox the new Meowgic Kitty UV & LED Nail Lamp from @BeetlesGelPolish with me 💅🏼🐱🫶🏻🩷 #unboxing #beetlesgelpolish #diynails #naillamp #gifted ,
tk,7633565738447424799,2026-04-28,罗惠仪,KOL品线推广,彩胶,纯色,开箱,视频,,https://www.tiktok.com/@maymartnez5/video/7633565738447424799,#parati #uñas #manicure #fy #tiktokshop ,
tk,7633566150688886029,2026-04-28,周紫月,2026母亲节礼盒,彩胶初学者套装,鼠标灯套装,开箱;口播,视频,,https://www.tiktok.com/@averyy.tuckerr/video/7633566150688886029,"Come see everything I have been sent recently!! Which one should I do a video on first?? @BORN PRETTY US @MakarttOfficial @BeetlesGelPolish 
#nailart #prhaul #brands #gelpolish #gelcollections ",
tk,7633567990130281759,2026-04-28,马明慧,KOL品线推广,穿戴甲,UV穿戴甲,开箱;口播,视频,,https://www.tiktok.com/@tyestylez/video/7633567990130281759,"Sun-kissed tips, but make it effortless 💅🏾☀️
These summer French tip press-ons from Beetles Nails are giving main character energy all season long 🌸✨ #SummerNails #FrenchTipGlow #PressOnPerfection #beetlesnails #diynails ",
tk,7633597402557009183,2026-04-28,马明慧,KOL品线推广,穿戴甲,UV穿戴甲,开箱;口播,视频,,https://www.tiktok.com/@marinasworlddd/video/7633597402557009183,#beetlespressonnails #pressonnails #nailinspo ,
tk,7633606396885372167,2026-04-28,周紫月,2026美甲灯,配件,美甲灯,教程,视频,,https://www.tiktok.com/@dianajbz/video/7633606396885372167,how to gel x at home💅🏽💗✨ with zara larsson interview in the back🙈 #nails #justinbieber #zaralarsson #gelxnails #trend ,
tk,7633609100181490958,2026-04-28,罗惠仪,2026dealbox&PD,彩胶初学者套装,F13灯套装,开箱;做款,视频,,https://www.tiktok.com/@ava67691/video/7633609100181490958,AH thank you @BeetlesGelPolish !🩷 Use code BTAVA676 for 10% off! Linked in my bio! #beetlesgelpolish #gelnailsathome #nailtok #pr #nailproducts ,
tk,7633611561675803934,2026-04-28,周紫月,KOL品线推广,彩胶,纯色,开箱;口播,视频,,https://www.tiktok.com/@janelisnailz/video/7633611561675803934,"Spring set loading🌼…
@BeetlesGelPolish 
#beetlesgelpolish #beetles #pastelnails #springnails #springsonata ",
tk,7633632695641279757,2026-04-28,马明慧,KOL品线推广,彩胶,纯色,做款,视频,,https://www.tiktok.com/@julie_ulie/video/7633632695641279757,Đi làm mọi ngừ ơi! 💅 #cometoworkwithme #xuhuong #cuocsongmy #tiktokgiaitri #ootd ,
tk,7633639199786274079,2026-04-28,周紫月,2026dealbox&PD,构建美甲,预构建甲片,开箱;口播,视频,,https://www.tiktok.com/@sukinails_/video/7633639199786274079,"Let’s open my first PR package from @BeetlesGelPolish use my code “SUKINAILS” for 10% off! Linked in my bio! 

#beetlesgelpolish #prpackageunboxing #beetlesdealsbox #beetlesgelx #beetles ",
tk,7633642930577722637,2026-04-28,周紫月,2026dealbox&PD,彩胶,混合套组,开箱;口播,视频,,https://www.tiktok.com/@bryananailss/video/7633642930577722637,"Beetles Deal Box - Dessert Feast Set

@BeetlesGelPolish 
Instagram & YouTube: @beetlesgelpolish

#fyp #beetlesgelpolish #BeetlesDealsBox #springnails #viral ",
tk,7633647165054733599,2026-04-28,罗惠仪,KOL品线推广,彩胶,透色,开箱,视频,,https://www.tiktok.com/@aydiii_nails/video/7633647165054733599,"Nueva colores de @BeetlesGelPolish 🥵 Qué esperas para tener esta colección de spring? 🌸🌿🌼. 

#gelpolish #nailart #nailtech #uñas #beetlesgelpolish ",
tk,7633667281473506573,2026-04-28,周紫月,2026dealbox&PD,彩胶,混合套组,开箱;口播,视频,,https://www.tiktok.com/@bryananailss/video/7633667281473506573,"Beetles Deal Box - Jelly Veil Set

@BeetlesGelPolish
Instagram & YouTube:
@beetlesgelpolish

#nails #beetlesgelpolish
#BeetlesDealsBox #jellynails  #viral  ",
tk,7633737237875739926,2026-04-28,李伊芸,KOL品线推广,彩胶初学者套装,晕染胶,开箱,视频,,https://www.tiktok.com/@nailed.by.liss/video/7633737237875739926,A small creator win 🥹💅 thank you for the love @Beetles GelPolish @BeetlesGelPolish #gifted #nailinspo #beetlesgel #fyp #pressonnails ,
tk,7633785266074815774,2026-04-28,周紫月,KOL品线推广,穿戴甲,UV穿戴甲,成品展示,视频,,https://www.tiktok.com/@iconiclunarity/video/7633785266074815774,💙#fdt #nails #pressonnails #fyp ,
tk,7633828019706006815,2026-04-28,李伊芸,KOL品线推广,彩胶,预构建甲片,做款,视频,,https://www.tiktok.com/@ilashdolls_style/video/7633828019706006815,"Shades of Spring 🌸 @BeetlesGelPolish 

Nails by @sariah🌷|𐙚press ons &gelx𝜗𝜚 

Use Code:ILASHDOLLS10

#beetlesgelpolish #beetlesnaillook #almondnails #springnails #beetlestipexlite ",
yt,Ed1sDNbXFJc,2026-04-28,李伊芸,KOL品线推广,假指甲,预构建甲片,做款,视频,,https://www.youtube.com/watch?v=Ed1sDNbXFJc,Shades of Spring 🌸,
yt,nw24BG77sHc,2026-04-28,林盈盈,KOL品线推广,彩胶初学者套装,鼠标灯套装,做款,视频,1,https://www.youtube.com/watch?v=nw24BG77sHc,I Tried This INSANE Marble Nail Hack… Beginner Friendly?! 😳 | Beetles Gel Kit Review,
fb,1538726294251908,2026-04-27,黄莉莎,KOL品线推广,构建美甲,捏捏胶,做款,视频,,https://www.facebook.com/reel/948969661316544,,
ins,DXotnQxF-zr,2026-04-27,黄莉莎,KOL品线推广,构建美甲,捏捏胶,做款,视频,,https://www.instagram.com/p/DXotnQxF-zr/,,
tk,7633112992724405535,2026-04-27,罗惠仪,KOL品线推广,彩胶,纯色,开箱,视频,,https://www.tiktok.com/@natalielizama6/video/7633112992724405535,"@BeetlesGelPolish #beetlesgelpolish #beetles 
Absolutely impressed 💖💖💖✨✨😍😍😍😍😍😍😍 ladiesss get yours now before they sell out, you’ll regret it if you don’t. For a set of 6 15ML for that price? Yeah it’s perfection. You’ll love them! Get them. 🫶🏼 10/10 ",
tk,7633180401141304589,2026-04-27,高咏欣,KOL品线推广,穿戴甲,穿戴甲款式,做款,视频,,https://www.tiktok.com/@janeiimal/video/7633180401141304589,do my nails with me! #nails #nailinspo #simplenails #beetlespressons #fyp ,
tk,7633183131843054861,2026-04-27,黄莉莎,2026母亲节礼盒,彩胶,混合套组,开箱;口播,视频,,https://www.tiktok.com/@thatcruisegirllex/video/7633183131843054861,Thank you to every single brand!! Ignore the mess #prhaul #prunboxing #stagecoach #hairtutorial #curltutorial @wavytalkofficial @Wild Refill @Prisana Bay @Keep It Fun Jewelry 🌞🤍 @PINK PALM PUFF @Summit & Coast @Sunny Side Crews @skinsmart_antimicrobial @BeetlesGelPolish @INNBEAUTY PROJECT @SPYLT ,
tk,7633188315713244430,2026-04-27,罗惠仪,2026dealbox&PD,彩胶初学者套装,F13灯套装,做款,视频,,https://www.tiktok.com/@_nailsbyzo/video/7633188315713244430,"Im inlove.. #fyp #nails #gelx
 #dndgelpolish #beetlesgelpolish 
@BeetlesGelPolish @dndgel ",
tk,7633191902812114197,2026-04-27,林盈盈,KOL品线推广,构建美甲,甲片,开箱,视频,,https://www.tiktok.com/@ash.frss/video/7633191902812114197,Beetles pr haul + a lil bit of a yap session ! #fyp #beetlesgelpolish #prhaul #nailhaul #influencerhaul @BeetlesGelPolish ,
tk,7633284688160853256,2026-04-27,黄莉莎,2026母亲节礼盒,彩胶,混合套组,开箱;做款;口播,视频,,https://www.tiktok.com/@carovaladez_nt/video/7633284688160853256,"Qué manera de ponerme nostálgica y sentimental abriendo un kit y haciéndome un set de uñas🥹 gracias a @BeetlesGelPolish por este regalo que nos hizo a mi mamá y a mi💕✨ Tendrán el link a este increíble kit en mi perfil y además, con descuento🙆🏻‍♀️ es: caro10 🥳 #BeetlesManiTimewithMom #ManiTimeWithMom #mothersdaygifts #mothersdaygiftideas #nailinspo ",
tk,7633290097772809486,2026-04-27,罗惠仪,KOL品线推广,,,开箱,视频,,https://www.tiktok.com/@igronataspalace/video/7633290097772809486,"Top tier quality frenchies! 7 different colors & your saving you coin 🥰

#frenchtips #beetlenails #nailkit #presson #qualitynails ",品线缺失
tk,7633298482035494175,2026-04-27,周紫月,KOL品线推广,构建美甲,预构建甲片,做款,视频,,https://www.tiktok.com/@nailssbyvictoria/video/7633298482035494175,"came out GORGEOUS! loving @BeetlesGelPolish so much lately! use code BYVICTORIA for 10% off your Amazon Beetles purchase!
#beetlesgelpolish #fyp #nailinspo #springnails ",
yt,LSTDrESNaig,2026-04-27,周紫月,2026美甲灯,配件,美甲灯,教程,视频,,https://www.youtube.com/watch?v=LSTDrESNaig,how to gel x nails✨💅🏽with zara larsson interview in the back💗,
ins,DXkdqp-ko-O,2026-04-26,黄莉莎,KOL品线推广,配件,美甲灯,开箱;口播,视频,,https://www.instagram.com/p/DXkdqp-ko-O/,"A big thank you to @beetlesgelpolish !! 🎀💕
.
.
.
#Beetlesgelpolish #fyp #maximalism #nails #whimsical",
ins,DXkiqXYktJy,2026-04-26,李伊芸,KOL品线推广,彩胶,纯色,开箱,视频,,https://www.instagram.com/p/DXkiqXYktJy/,"Beetles Spring Sonata Collection Hallelujah 🌼🌷
all the spring colors you’ll ever need✨

use ‘ULUVNAILZ10’ for $$ off (until 5/31)

#beetlesgelpolish #beetlesnailnook #beetlesgel #nails #springnails @beetlesgelpolish",
ins,DXkwrXHgTfD,2026-04-26,林盈盈,KOL品线推广,彩胶,混合套组,giveaway,视频,,https://www.instagram.com/p/DXkwrXHgTfD/,"✨GIVEAWAY CLOSED✨

Thank you to everyone who entered and I hope you’ll continue to support me 🥹❤️

#giveaway #beetlesgelpolish #gelpolish #diynails #nailartist",
tk,7632761164258102558,2026-04-26,林盈盈,KOL品线推广,构建美甲,捏捏胶,做款,视频,,https://www.tiktok.com/@aisebrush/video/7632761164258102558,"3D flower nails for summer 🌸🫧✨ @BeetlesGelPolish 
used molding gel + cat eye to make them look extra dreamy ☁️💗

#3dflowernails #nailinspo #cateyenails #summernails #nailtutorial

3D flower nail tutorial using molding gel and cat eye gel polish for the prettiest soft summer nails. Perfect for beginners wanting to create raised 3D nail art, floral nails, and dreamy cat eye nail designs at home.

3d flower nails, molding gel nails, 3d nail art, summer nails, cat eye nails, flower nail tutorial, nail art tutorial, beginner nail tutorial, pink chrome nails, soft girl nails, builder gel nail art, raised flower nails, pretty summer nails, nail inspo, diy nails, gel-x nail inspo, beginner nail tech",
tk,7632777869948669197,2026-04-26,黄嘉丽,2026母亲节礼盒,彩胶,混合套组,做款;口播;品牌向;成品展示,视频,,https://www.tiktok.com/@kendallnail/video/7632777869948669197,Mani time with mom pt. 2! love this box for mother’s day! #beetlesgelpolish #Beetlesmanitimewithmom #manitimewithmom #fyp #kendallnail ,
tk,7632811179311762719,2026-04-26,何嘉怡,KOL品线推广,彩胶,纯色,开箱;刷色,视频,,https://www.tiktok.com/@klocaff/video/7632811179311762719,🔥✨ @BeetlesGelPolish #tiktokshopcreatorpicks #beetlesgelpolish #gelpolish #nails #summervibes ,
tk,7632829211551517965,2026-04-26,李伊芸,KOL品线推广,彩胶,纯色,开箱,视频,,https://www.tiktok.com/@uluvnailz/video/7632829211551517965,"Beetles Spring Sonata Collection Hallelujah🌼🌷 all the spring colors you’ll ever need..

use ‘uluvnailz10’ for 10% off until 5/31

#beetlesgelpolish #beetlesnails #nailart #springnails #fyp @BeetlesGelPolish ",
tk,7632840357092281630,2026-04-26,何嘉怡,KOL品线推广,彩胶,纯色,做款;成品展示,视频,,https://www.tiktok.com/@karybeautyy_/video/7632840357092281630,🌸💗🎀💅🏻 #tropicalnails #pinknails #nailtutorial #houstonnailtech #fy ,
tk,7632854147036957966,2026-04-26,李伊芸,2026dealbox&PD,彩胶,预构建甲片,成品展示,视频,,https://www.tiktok.com/@t0dini/video/7632854147036957966,Goodbye crazy nails @BeetlesGelPolish use code byt0dini ,
tk,7632860137526480141,2026-04-26,李伊芸,2026dealbox&PD,彩胶,预构建甲片,做款,视频,,https://www.tiktok.com/@t0dini/video/7632860137526480141,@BeetlesGelPolish use code byt0dini :#beetlesgelpolish #nailtech #beginnernailtech #beginnernails #nailsathome,
tk,7632862192332836109,2026-04-26,林盈盈,KOL品线推广,彩胶,混合套组,giveaway,视频,,https://www.tiktok.com/@cxh.nails/video/7632862192332836109,"✨GIVEAWAY TIME✨

I’m so grateful for all the love and support you guys have shown me so I’m partnering with @BeetlesGelPolish to give away 3 Spring Anthology sets. I’ll be picking one winner each from Instagram, TikTok and YouTube. You can enter across all platforms for a greater chance to win 🥰

How to enter:
1️⃣ Like this video
2️⃣ Follow me and Beetles Gel Polish
3️⃣ Tag 3 friends in the comments

Giveaway will run for 2 weeks from April 25 to May 9 11:59 PST. Winners will be selected randomly and announced/contacted 1-2 days after the end date 🏆

‼️ This giveaway is US ONLY. I sincerely apologize to everyone who entered and is not based in the US. Unfortunately, Beetles is unable to ship the prize internationally right now 😭

Thank you for participating and good luck! ❤️

#giveaway #gelpolish #beetlesgelpolish #diynails #nailart ",
tk,7632898639874067725,2026-04-26,高咏欣,KOL品线推广,穿戴甲,鼠标灯套装,开箱,视频,,https://www.tiktok.com/@janeiimal/video/7632898639874067725,love me some good nails #beetlesgelpolish #unboxing #haul #prunboxing #beetlespressons ,
tk,7633042622390537503,2026-04-26,何嘉怡,2026母亲节礼盒,彩胶,混合套组,开箱;口播,视频,,https://www.tiktok.com/@americasnails_/video/7633042622390537503,Super cute and it’s full of goodies 😍❤️ #nailart #mothersdaygiftideas #viral #tiktokshop #cutefinds ,
yt,rqoskamsKA8,2026-04-26,林盈盈,KOL品线推广,彩胶,混合套组,giveaway,视频,,https://www.youtube.com/watch?v=rqoskamsKA8,✨80K GIVEAWAY✨ (US ONLY)  see pinned comment for rules 🥰,
fb,122167014128891071,2026-04-25,李伊芸,2026母亲节礼盒,彩胶,混合套组,做款,视频,,https://www.facebook.com/reel/1306741451440713,"pink princess nails for mother’s day 🌸✨ created this soft glam set using the @beetlesgelpolish Mani Time With Mom collection. Perfect for matching manis or a self-care moment with mom 💕

use code BYNICOLEMV for 10% off 

#beetlesmanitimewithmom #manitimewithmom #nailinspo #pinknailart #pinknails",
fb,1537060247751846,2026-04-25,黄莉莎,KOL品线推广,彩胶,特色胶,做款;教程,视频,,https://www.facebook.com/reel/1266434399015769,,
ins,DXhWz4gDM_7,2026-04-25,何嘉怡,KOL品线推广,构建美甲,混合套组,做款;成品展示,视频,,https://www.instagram.com/p/DXhWz4gDM_7/,"GIVEAWAY CLOSED! Congrats @psychxdeliclove for winning! 💅🍓💖 I partnered with @javvycoffee to create a delicious set of custom nails inspired by their iconic Strawberry Acai Protein Refreshers, AND we’re giving them away to one of you!!! 🤩 one lucky winner will get:

🍓 Strawberry Acai Protein Refresher
🍓 Strawberry Acai Inspired Nails 

all you have to do to enter:
👉 follow @javvycoffee and @beautybyzariii 
👉 like + save this post
👉 tag someone for a protein refresher and mani-pedi date this summer 🤩 each tag counts as an entry! 

🚨 BONUS ENTRY: repost or share this on your story for a bonus entry!

Giveaway ends Monday 5/4 at 11:59 pm PST. Open to U.S. residents 18+ only. No purchase is necessary to enter or win. This giveaway is in no way sponsored, endorsed, administered by, or associated with Instagram, Facebook or Target. Javvy Coffee will randomly select and contact the winner(s) via DM. We will NOT request any Credit Card information or create a page for you to follow in regard to winning the prize.",
ins,DXhnGUtEZAh,2026-04-25,何嘉怡,KOL品线推广,彩胶,混合套组,做款,视频,,https://www.instagram.com/p/DXhnGUtEZAh/,"Leopard cherry nails pt. 2/3💅

#nails #gelx #travel #beauty #dallas",
ins,DXhqNYbxCYl,2026-04-25,李伊芸,2026母亲节礼盒,彩胶,混合套组,做款,视频,,https://www.instagram.com/p/DXhqNYbxCYl/,"pink princess nails for mother’s day 🌸✨ created this soft glam set using the @beetlesgelpolish Mani Time With Mom collection. Perfect for matching manis or a self-care moment with mom 💕

use code BYNICOLEMV for 10% off until 5/15 🫶🏼

#beetlesmanitimewithmom #manitimewithmom #nailinspo #pinknailart #pinknails",
ins,DXhwn-QEZdW,2026-04-25,何嘉怡,KOL品线推广,彩胶,混合套组,做款;成品展示,视频,,https://www.instagram.com/p/DXhwn-QEZdW/,"Leopard cherry nails pt. 3/3✅ go pack we’re going to Indiana ✈️

#nails #beauty #travel #girls #dallas",
ins,DXiPwKtDYlY,2026-04-25,黄莉莎,KOL品线推广,配件,美甲灯,开箱,视频,,https://www.instagram.com/p/DXiPwKtDYlY/,"Unbox @beetlesgelpolish newest collection Dessert Feast with me 🍭🍫🍬🍡
.
.
Use code “CLBYMOE10” for $$ off valid until 5/15 ✨
.
.
#beetlesgelpolish #beetlesnailnook #springnails #beetlesmeowgiclamp #meowgicnaillamp",
ins,DXiS8oBgr6n,2026-04-25,周紫月,KOL品线推广,彩胶,混合套组,开箱;做款;成品展示,视频,,https://www.instagram.com/p/DXiS8oBgr6n/,"absolutely loving the Beetles Dessert Feast Gel Polish Set!
~use code BYVICTORIA for 10% off your Amazon Beetles purchase!!~
@beetlesgelpolish #beetlesgelpolish #nailreels #springnails",
ins,DXjqvvrkeOl,2026-04-25,黄莉莎,KOL品线推广,彩胶,特色胶,做款;教程,视频,,https://www.instagram.com/p/DXjqvvrkeOl/,,
ins,DXjzvC5gp1r,2026-04-25,何嘉怡,2026dealbox&PD,配件,美甲灯,做款;成品展示,视频,,https://www.instagram.com/p/DXjzvC5gp1r/,"ok but how cute is this lamp?? 
@beetlesgelpolish sent me their new Meowgic StrawPur* mini lamp and it’s adorable! I used it to create press-ons for the #BeetlesNailChallenge using shades Ne464, Ne470, Ne452, and Ne453 from the Jelly Veil Gel Polish Set*. You can participate too! Visit Beetles profile for more details.

These gels are so thin and jelly that I had no problem curing the glue gel throughout to attach my press-ons. And I love the the lamp is adjustable with the gooseneck. I also used it to cure my builder gel mani and had no problem with it! 

🔗 in bio, code TPANNAS10 for savings!
___
*gifted

•

•

#Beetlesgelpolish #beetlesmeowgiclamp #meowgicnaillamp #pressonnails",
tk,7632363807481908511,2026-04-25,何嘉怡,KOL品线推广,构建美甲,混合套组,做款;成品展示,视频,,https://www.tiktok.com/@beautybyzariii/video/7632363807481908511,Want to win this set? ☺️ Details on my Instagram! 🍓✨ #nailart #nails #nail #nailtech #nailinspo ,
tk,7632365844504415495,2026-04-25,黄嘉丽,KOL品线推广,彩胶初学者套装,透色,开箱;口播,视频,,https://www.tiktok.com/@jennyyyji/video/7632365844504415495,footcare is extremely chic @BeetlesGelPolish #summershoes #flipflops #gelpolish ,
tk,7632365850963627284,2026-04-25,黄嘉丽,KOL品线推广,配件,预构建甲片套组,开箱;口播,视频,,https://www.tiktok.com/@lexxblanchard/video/7632365850963627284,SOO insane 🤩 @BeetlesGelPolish #prunboxing #prhaul #beetlesgelpolish #nailsupplies #prunboxinghaul ,
tk,7632372513913326862,2026-04-25,林盈盈,2026母亲节礼盒,彩胶,混合套组,开箱;口播,视频,,https://www.tiktok.com/@sarahcramos/video/7632372513913326862,"gift your momma a lil TLC✨💐 

@BeetlesGelPolish #beetlesgelpolish #mothersday #mothersdaygiftideas #athomenails #tiktokshopcreatorpicks ",
tk,7632399283400035614,2026-04-25,何嘉怡,KOL品线推广,彩胶,混合套组,做款,视频,,https://www.tiktok.com/@randa.rosa/video/7632399283400035614,"Leopard cherry nails pt. 2/3💅

#nails #gelx #travel #beauty #dallas ",
tk,7632411854811172116,2026-04-25,李伊芸,2026母亲节礼盒,彩胶,混合套组,做款,视频,,https://www.tiktok.com/@bynicolemv/video/7632411854811172116,"pink princess nails for mother’s day 🌸✨ created this soft glam set using the @BeetlesGelPolish Mani Time With Mom collection. Perfect for matching manis or a self-care moment with mom 💕

use code BYNICOLEMV for 10% off until 5/15🫶🏼

#beetlesmanitimewithmom #manitimewithmom #nailinspo #pinknailart #pinknails ",
tk,7632421773732105502,2026-04-25,何嘉怡,KOL品线推广,彩胶,混合套组,做款;成品展示,视频,,https://www.tiktok.com/@randa.rosa/video/7632421773732105502,"Leopard cherry nails pt. 3/3✅ go pack we’re going to Indiana ✈️

#nails #beauty #travel #girls #dallas ",
tk,7632422040087104782,2026-04-25,周紫月,KOL品线推广,彩胶,纯色,开箱,视频,,https://www.tiktok.com/@thepolygelplug/video/7632422040087104782,"are you looking for the perfect spring colors, this is definitely the collection for you the gel polishes are so pigmented and thick😍🫧 @BeetlesGelPolish #beetlesgelpolish #fyp #nails #nailtech ",
tk,7632438563128347917,2026-04-25,周紫月,KOL品线推广,彩胶,纯色,开箱,视频,,https://www.tiktok.com/@manicured_byjasmine/video/7632438563128347917,"We’re loving the yellows this season!!!!!

I’m also loving the consistency and pigment of this collection. Two coats and it’s full coverage!!!!

**always make sure to fully cure any and all gel products**

@BeetlesGelPolish 

#beetlesgelpolish #gelpolish #springnails #yellownails #nails",
tk,7632444980929367310,2026-04-25,高咏欣,KOL品线推广,穿戴甲,UV穿戴甲,做款;成品展示,视频,,https://www.tiktok.com/@luzzzponce/video/7632444980929367310,the cutest nails ever!! shop at @BeetlesGelPolish 🪽#beetlesgelpolish #beetlespressons #nail #tutorials #fyp ,
tk,7632450713515248927,2026-04-25,何嘉怡,KOL品线推广,彩胶,纯色,开箱,视频,,https://www.tiktok.com/@luxeloopl/video/7632450713515248927,"This might be the prettiest nail kit I’ve ever opened… no joke
I need help deciding what set to make first 😭

@BeetlesGelPolish #nailinspo #nailtok #gelpolish #summernails #summernailinspo ",
tk,7632456160498453790,2026-04-25,高咏欣,2026母亲节礼盒,彩胶,混合套组,开箱;口播,视频,,https://www.tiktok.com/@emmadebryy/video/7632456160498453790,so so grateful for @BeetlesGelPolish this package is breathtaking 🤍💖 Use code: EMMADEBRY for 10% off!! link is in the linktree in my bio #beetlesgelpolish #beetlesmanitimewithmom #manitimewitom #prpackageunboxing #nailpolish ,
tk,7632461288416857374,2026-04-25,高咏欣,2026母亲节礼盒,彩胶,混合套组,开箱;口播,视频,,https://www.tiktok.com/@emmadebryy/video/7632461288416857374,"the most gorgeous and perfect kit! 🤍💖 use code: EMMADEBRY for 10% off this perfect gift, linked in the linktree in my bio @BeetlesGelPolish #beetlesmanitimewithmom #manitimewitom #beetlesgelpolish #prpackageunboxing #nailpolish ",
tk,7632516486220860703,2026-04-25,罗婧,2026母亲节礼盒,彩胶,混合套组,做款,图片,,https://www.tiktok.com/@gracedoesnails/video/7632516486220860703,#gracedoesnails #viral #fyp #nailinspo #nailtransition ,
tk,7632531001389960462,2026-04-25,何嘉怡,KOL品线推广,彩胶,纯色,做款;成品展示,视频,,https://www.tiktok.com/@nailspiceee/video/7632531001389960462,"Did this set on myself and now my clients are asking for it too ♥️

@Beetles Nail Boutique @thegelbottleaus hard gel on my natural nails

#nailsartvideos #cateye #nailart #nailtech #fyp ",
tk,7632548404236750111,2026-04-25,何嘉怡,2026母亲节礼盒,彩胶,混合套组,开箱,视频,,https://www.tiktok.com/@kassandrahhbee/video/7632548404236750111,PERFECT FOR MOTHERS DAY!! 🌸 @BeetlesGelPolish #mothersdaygiftideas #nailtech ,
tk,7632711851553328398,2026-04-25,黄嘉丽,2026母亲节礼盒,彩胶,混合套组,做款;成品展示,视频,,https://www.tiktok.com/@jue_tran.nails/video/7632711851553328398,"Easy DIY floral nails for Spring. 🩷💐✨ It’s also a perfect Mother's Day mani if you need some inspiration. 🥰✨

Using @beetlesgelpolish
Mani Time with Mom Mother's Day Gift Box (HEMA-Free & TPO-Free )

#beetlesgelpolish #nailinspo #cutenails #springnails #nailarttutorial 

Nail Style, Nail Trends, Nail ideas, DIY Nails, Nail Fashion, Floral Cat Eye Nails, Nail Ideas,
Manicures，美甲",
tk,7632716752387886369,2026-04-25,何嘉怡,2026dealbox&PD,配件,美甲灯,做款;成品展示,视频,,https://www.tiktok.com/@annas.nailfeed/video/7632716752387886369,"ok but how cute is this lamp?? 
@BeetlesGelPolish sent me their new Meowgic StrawPur* mini lamp and it's adorable! I used it to create press-ons for the #BeetlesNailChallenge using shades Ne464, Ne470, Ne452, and Ne453 from the Jelly Veil Gel Polish Set*. You can participate too! Visit Beetles profile for more details.

These gels are so thin and jelly that I had no problem curing the glue gel throughout to attach my press-ons. And I love the the lamp is adjustable with the gooseneck. I also used it to cure my builder gel mani and had no problem with it! 

🔗 in bio, code TPANNAS10 for savings!
___
*gifted

•

•

#Beetlesgelpolish #beetlesmeowgiclamp #meowgicnaillamp #pressonnails",
tk,7632726730813312270,2026-04-25,何嘉怡,KOL品线推广,彩胶,纯色,开箱;口播,视频,,https://www.tiktok.com/@nailspiceee/video/7632726730813312270,"Never hand mixing a pink again 🩷

@Beetles Nail Boutique 

#gelpolish #nailtech #gel #nailart #nailartist ",
yt,e376gOBruXY,2026-04-25,林盈盈,KOL品线推广,配件,预构建甲片,口播;教程,视频,,https://www.youtube.com/watch?v=e376gOBruXY,BEGINNER GEL-X TUTORIAL 💅🏾 (Builder Gel Overlay That LASTS),
yt,opmaiDf4wCI,2026-04-25,何嘉怡,2026dealbox&PD,配件,美甲灯,做款;成品展示,视频,,https://www.youtube.com/watch?v=opmaiDf4wCI,Beetles Kitty nail lamp,
yt,yXDEUBQ1buY,2026-04-25,黄嘉丽,2026母亲节礼盒,彩胶,混合套组,做款;成品展示,视频,,https://www.youtube.com/watch?v=yXDEUBQ1buY,do my Mother’s Day nails with me,
ins,DXfBWnQCoRN,2026-04-24,黄莉莎,KOL品线推广,彩胶,纯色,做款,视频,,https://www.instagram.com/p/DXfBWnQCoRN/,"Are you an aspiring nail tech… Ready to build your skills? let’s master our skills together with my 1:1 online & in person skill mastery courses, DM to enroll. ✨Luxury at your fingertips✨ 
Custom reusable handmade acrylic press-ons shipped straight to you✈️ , complete with our @caseys_beauty_studio deluxe prep kit for 3+ weeks of flawless wear. 💅. Order Inquiries: 📲 When you DM, send: Length, shape, and inspo pics 💕 via DM & the number in my bio
•💕your nail dreams awaits you!💖
Schedule your luxurious nail appointment at 5151 Monroe st. Toledo, Oh; Suite 232J✨
Allow yourself a Self Care day and treat yourself here at @caseys_beauty_studio where a luxury experience awaits you! Schedule an appointment today by clicking the link in my bio! 

•💅NAIL CLASSES UNDER SUBSCRIPTIONS ON INSTAGRAM🌟
•💎✨USE CODE “CASEY”  at checkout FOR MONEY OFF WHEN PURCHASING FROM @jennysecretofficial @bluestreakcrystals (supplier of genuine @Swarovski crystals)

•ALL PRODUCTS USED IN THIS VIDEO LINKED IN MY AMAZON STOREFRONT (bio) 
#caseysbeautystudio #toledonails #toledo #acrylicpressons #toledoohionails toledonailtech toledoohionailsalon toledoohionailtech detroitnailtech detroitnails detroitgolf monroenailtech BirminghamDetroit northvillenails Bowlinggreennails grossepointe
 explorepage explore explorepagenails novinailtech nailsfyp rochesterhillsnails
419nailtech lucascounty  royaloaknails stClairshoresnails northwestohionails acrylicpressonnails @youngnailsinc @kupainc @makartt_official @beetlesgelpolish @dndgel",
ins,DXfJbkugXwU,2026-04-24,黄莉莎,KOL品线推广,彩胶,混合套组,做款,视频,,https://www.instagram.com/p/DXfJbkugXwU/,"thank you @beetlesgelpolish @beetles_community for the products can’t wait to try them out for y’all! 
✨Luxury at your fingertips✨ 
Custom reusable handmade acrylic press-ons shipped straight to you✈️ , complete with our @caseys_beauty_studio deluxe prep kit for 3+ weeks of flawless wear. 💅. Order Inquiries: 📲 When you DM, send: Length, shape, and inspo pics 💕 via DM & the number in my bio
•💕your nail dreams awaits you!💖
Schedule your luxurious nail appointment at 5151 Monroe st. Toledo, Oh; Suite 232J✨
Allow yourself a Self Care day and treat yourself here at @caseys_beauty_studio where a luxury experience awaits you! Schedule an appointment today by clicking the link in my bio! 

•💅NAIL CLASSES UNDER SUBSCRIPTIONS ON INSTAGRAM🌟
•💎✨USE CODE “CASEY”  at checkout FOR MONEY OFF WHEN PURCHASING FROM @jennysecretofficial @bluestreakcrystals (supplier of genuine @Swarovski crystals)

•ALL PRODUCTS USED IN THIS VIDEO LINKED IN MY AMAZON STOREFRONT (bio) 
#caseysbeautystudio #toledonails #toledo #acrylicpressons #toledoohionails toledonailtech toledoohionailsalon toledoohionailtech detroitnailtech detroitnails detroitgolf monroenailtech BirminghamDetroit northvillenails Bowlinggreennails grossepointe
 explorepage explore explorepagenails novinailtech nailsfyp rochesterhillsnails
419nailtech lucascounty  royaloaknails stClairshoresnails northwestohionails acrylicpressonnails @youngnailsinc @kupainc @makartt_official @beetlesgelpolish @dndgel",
ins,DXfKWuVj5Y_,2026-04-24,何嘉怡,KOL品线推广,彩胶,混合套组,做款,视频,,https://www.instagram.com/p/DXfKWuVj5Y_/,"leopard cherry nails pt. 1/3💅

#nails #gelx #beauty #travel #girls",
tk,7631998892833393951,2026-04-24,黄莉莎,KOL品线推广,配件,美甲灯,开箱;成品展示,视频,,https://www.tiktok.com/@pina.kalata0/video/7631998892833393951,OBSESSED 💓⭐️🫧✨ #beetlesnailnook#Springnails#beetlescandylamp#candynaillamp @BeetlesGelPolish ,
tk,7632008398623624478,2026-04-24,何嘉怡,KOL品线推广,彩胶初学者套装,F13灯套装,成品展示,视频,,https://www.tiktok.com/@www.thebomb.c0m/video/7632008398623624478,Who needs the salon when the nails look like this? 💅 @BeetlesGelPolish #beetlesgelpolish #gelpolish #diynails ,
tk,7632034757026614558,2026-04-24,黄嘉丽,KOL品线推广,彩胶,胶水,做款;成品展示,视频,,https://www.tiktok.com/@skylerreneee/video/7632034757026614558,Do my nails with me at home!! #gelxnails #diynails #affordablemakeup ,
tk,7632046578940890399,2026-04-24,何嘉怡,KOL品线推广,彩胶,混合套组,做款,视频,,https://www.tiktok.com/@randa.rosa/video/7632046578940890399,"Replying to @🦅.... leopard cherry nails pt. 1/3💅

#nails #gelx #beauty #travel #girls ",
tk,7632065392969665805,2026-04-24,黄莉莎,KOL品线推广,彩胶,混合套组,做款,视频,,https://www.tiktok.com/@aracel_yyy/video/7632065392969665805,"Coachella nail inspo 🦋🩶🎱
ft @BeetlesGelPolish #beetlesgelpolish#beetlespro #nailinspo #coachella #coachellanails ",
tk,7632073713311026463,2026-04-24,高咏欣,KOL品线推广,彩胶,混合套组,开箱,视频,,https://www.tiktok.com/@londonnicolee_/video/7632073713311026463,my fav nail brand 😋😋 #beetlesgelpolish #beetlesnaillook #gelxnails ,
tk,7632088692852575518,2026-04-24,黄嘉丽,KOL品线推广,彩胶,混合套组,做款,视频,,https://www.tiktok.com/@marlacatheriine/video/7632088692852575518,"lady bug nails?! SO cute +
simple 🐞🌟 lmk if you like these type of videos, I can start filming when I do my nails more often! ☺️🤍 #nailart #nails #nailtech #nailsathome #luminary @Luminary_Nail_Systems @Cuticle & Company @BeetlesGelPolish ",
tk,7632089687007464734,2026-04-24,何嘉怡,KOL品线推广,彩胶初学者套装,F13灯套装,开箱,视频,,https://www.tiktok.com/@klocaff/video/7632089687007464734,your sign to start doing your nails at home ✨ the perfect starter kit!! #beetlesgelpolish #diynails #nails #summervibes #nailart @BeetlesGelPolish ,
tk,7632115660889296142,2026-04-24,何嘉怡,KOL品线推广,配件,美甲灯,开箱,视频,,https://www.tiktok.com/@nailsxdailyn/video/7632115660889296142,the girliest nail lamp with customizable charms to stick on😍✨ tap the orange cart to get yours today @BeetlesGelPolish #beetlesgelpolish #justagirl #fyp #naillamp ,
tk,7632134129605168398,2026-04-24,黄嘉丽,2026母亲节礼盒,彩胶,混合套组,开箱;口播;品牌向,视频,,https://www.tiktok.com/@kendallnail/video/7632134129605168398,Use code BTKENDD10 for 10% off the mother’s day box on amazon! (in my storefront) @BeetlesGelPolish #beetlesgelpolish #Beetlesmanitimewithmom #manitimewithmom #fyp #kendallnail ,
tk,7632163897469914381,2026-04-24,何嘉怡,KOL品线推广,假指甲,预构建甲片套组,开箱;教程,视频,,https://www.tiktok.com/@nailspiceee/video/7632163897469914381,"Doing your own gelx at home doesn’t have to be hard 🤎 I have the medium almond kit 

@Beetles Nail Boutique 

#nailtutorial #gelxnails #beginnernailtech #nailvideos #diynails ",
tk,7632229352092011789,2026-04-24,周紫月,KOL品线推广,彩胶,混合套组,开箱;做款;成品展示,视频,,https://www.tiktok.com/@nailssbyvictoria/video/7632229352092011789,"absolutely loving the Beetles Dessert
Feast Gel Polish Set!
use code BYVICTORIA for 10% off your Amazon Beetles purchase!!
@BeetlesGelPolish #beetlesgelpolish #fyp #nailinspo #springnails ",
tk,7632322750257974558,2026-04-24,罗惠仪,KOL品线推广,功能胶,封层,做款;口播,视频,,https://www.tiktok.com/@cierraxnails/video/7632322750257974558,🌈 #beetlesgelpolish #summernails #buildergel #nailinspo #nailtech @BeetlesGelPolish ,
yt,BOhAvQLO3ss,2026-04-24,林盈盈,KOL品线推广,彩胶,混合套组,giveaway,视频,,https://www.youtube.com/watch?v=BOhAvQLO3ss,GIVEAWAY ALERT 🚨 Win This Gel Nail Set NOW! 3 Winners Chosen Soon!!,
yt,OqOMlFiZy68,2026-04-24,何嘉怡,KOL品线推广,彩胶,混合套组,做款,视频,,https://www.youtube.com/watch?v=OqOMlFiZy68,Leopard cherry nails pt. 2/3,
yt,aSJkcq62tyo,2026-04-24,何嘉怡,KOL品线推广,彩胶,混合套组,做款;成品展示,视频,,https://www.youtube.com/watch?v=aSJkcq62tyo,do my DOMINANT hand..,
yt,ujlBZhLoKVs,2026-04-24,黄嘉丽,2026母亲节礼盒,彩胶,混合套组,开箱,视频,,https://www.youtube.com/watch?v=ujlBZhLoKVs,ASMR unboxing Beetles gel nail polish collection,
fb,1535264627931408,2026-04-23,黄莉莎,KOL品线推广,功能胶,晕染胶,做款,视频,,https://www.facebook.com/reel/888668644222932,,
ins,DXcab-2GbKi,2026-04-23,何嘉怡,KOL品线推广,彩胶,混合套组,开箱;口播,视频,,https://www.instagram.com/p/DXcab-2GbKi/,"Say Hello to @beetlesgelpolish Dessert Feast Gel Polish Set 🧁🍬 and Gel Nail Kit Flat X Almond Medium 🫧🪄

✨Discount Code: TPASHLEY10

#beetlesgelpolish #beetlesnailnook #Springnails #almondnails #Beetlesflatx",
ins,DXcdb5GjFyR,2026-04-23,何嘉怡,KOL品线推广,彩胶初学者套装,四指灯套装,刷色,视频,,https://www.instagram.com/p/DXcdb5GjFyR/,"Red nail fever ❤️ featuring @beetlesgelpolish Builder gel 

Shop on Amazon (code NATASHAD10 for 10% off)

#rednails #nailtutorial #naturalnails #Beetlesgelpolish #beetlesbuildergel",
ins,DXdHok6TIe0,2026-04-23,黄莉莎,KOL品线推广,彩胶初学者套装,鼠标灯套装,开箱;做款;刷色,视频,,https://www.instagram.com/p/DXdHok6TIe0/,"Candy stripes & golden details✨♥️ De mega más este set, el diseño y los colores muy de Pinterest, si o no?

Lo logramos con el kit Ethereal Glow de @beetlesgelpolish + su builder gel transparente, que por cierto toooodo eso es HEMA Free🌱🙆🏻‍♀️ 
Cuando vi el kit dije ay que lindo, haré un diseño muy clásico con tonos nude, pero ya que hice los swatches dije ooooh no, vámonos a lo exxxxtra 😮‍💨 

¿Tú qué diseño hubieras hecho con este set?👀
.
.
#beetlesgelpolish #pinkandrednails #nailstrips #nailart #naildesign",
ins,DXeQBAcgLDy,2026-04-23,黄莉莎,KOL品线推广,功能胶,晕染胶,做款,视频,,https://www.instagram.com/p/DXeQBAcgLDy/,,
ins,DXeqIfIEeYU,2026-04-23,黄嘉丽,2026母亲节礼盒,彩胶,混合套组,做款;成品展示,视频,,https://www.instagram.com/p/DXeqIfIEeYU/,"Easy DIY floral nails for Spring. 🩷💐✨ It’s also a perfect Mother’s Day mani if you need some inspiration. 🥰💖🌸✨

Using @beetlesgelpolish 
Mani Time with Mom Mother’s Day Gift Box 
(HEMA-Free & TPO-Free )

✨Products linked on the Amazon Storefront in Bio 
✨Use BTJUET10  to save 💰

#beetlesgelpolish #mothersday #easynailart #springnails #nailarttutorial 

Nail Style, Nail Trends, Nail ideas, Cute Nails, DIY Nails, Nail Fashion, Floral Cat Eye Nails, Nail Inspo, Manicures, glitter nails, floral nails",
tk,7631619154549804302,2026-04-23,高咏欣,KOL品线推广,穿戴甲,穿戴甲款式,做款;口播,视频,,https://www.tiktok.com/@gigiannettee/video/7631619154549804302,"still not over how easy these were 🤍 as a barista i can’t always have my nails done, but these give me that clean, put together look in minutes! 
if you’ve been looking for something low effort but still cute, use code GIGIANNE to save 10% off the link in my bio ✨

@BeetlesGelPolish 
#beetlesnaturalmilky #beetlespressons #pressonnails ",
tk,7631639457107643650,2026-04-23,黄嘉丽,KOL品线推广,彩胶初学者套装,四指灯套装,做款,视频,1,https://www.tiktok.com/@mariane_mkl/video/7631639457107643650,"1 Day 1 Design💅🏻 | Edition Frites 🍟 | Est ce que mes frites sont plus appétissantes que celles du @McDonald’s @McDonald’s France ?🫣

#nailarttutorial #3dnailart #creativenails #frenchfries #tiktokfr ",
tk,7631655937694125326,2026-04-23,何嘉怡,KOL品线推广,彩胶,甲片延长套组,开箱;口播,视频,,https://www.tiktok.com/@nnailedbyash/video/7631655937694125326,"Say Hello to @BeetlesGelPolish Dessert Feast Gel Polish Set 🧁🍬 and Gel Nail Kit Flat X Almond Medium 🫧🪄

✨Discount Code: TPASHLEY10

#beetlesgelpolish #beetlesnailnook #Springnails #almondnails #Beetlesflatx ",
tk,7631657419470408974,2026-04-23,马明慧,KOL品线推广,彩胶,纯色,做款,视频,,https://www.tiktok.com/@keshas.klawset/video/7631657419470408974,"Watch me work… Custom Set for one of my regulars 😌🥺

#pressonnails #pressonnailset #pressonnailstutorial  ",
tk,7631670308017114390,2026-04-23,何嘉怡,KOL品线推广,构建美甲,构建胶,刷色,视频,,https://www.tiktok.com/@bynatashad/video/7631670308017114390,"Red nail fever ❤️
featuring @BeetlesGelPolish 

Shop on Amazon (code NATASHAD10 for 10% off)

#rednails #nailtutorial #naturalnails #Beetlesgelpolish #beetlesbuildergel",
tk,7631670431216422157,2026-04-23,高咏欣,KOL品线推广,穿戴甲,穿戴甲款式,做款;口播,视频,,https://www.tiktok.com/@marjaufit/video/7631670431216422157,🤍 @BeetlesGelPolish #beetlesnaturalmilky #beetlespressons,
tk,7631675586523450637,2026-04-23,黄嘉丽,2026母亲节礼盒,彩胶,混合套组,开箱,视频,,https://www.tiktok.com/@jue_tran.nails/video/7631675586523450637,"Unboxing @beetlesgelpolish Mani Time with Mom Mother's Day Gift Box. 💖🎁🌹

It's a giant gift box full of beautiful items. The gel polishes are hema-free and TPO-free for sensitive skin. 🥰❤️

#beetlesgelpolish #nailideas #unboxings #mothersday #mothersdaygiftideas 

Nail style, nail set, nail trends, nail Inspo, spring nail colors, manicure, gift box, nail fashion, gift for her ",
tk,7631678218390523167,2026-04-23,何嘉怡,KOL品线推广,彩胶,纯色,成品展示,视频,,https://www.tiktok.com/@chadpiazza/video/7631678218390523167,New set loading #extendonails #gelnails #xxlnails #asmr ,
tk,7631749598947609886,2026-04-23,何嘉怡,KOL品线推广,配件,美甲灯,开箱;口播,视频,,https://www.tiktok.com/@luxeloopl/video/7631749598947609886,"I didn’t expect a nail lamp to feel like a strawberry shortcake dream but here we are 😭✨

Drop a 🍓 if you love this aesthetic… 

#cutecore #kawaiiaesthetic #pinkaesthetic #coquetteaesthetic #beetlesgelpolish @BeetlesGelPolish ",
tk,7631751169244679438,2026-04-23,马明慧,KOL品线推广,配件,美甲灯,开箱;口播,视频,,https://www.tiktok.com/@gingernailco/video/7631751169244679438,"Grab a drink and get comfy, this is a long one 🥂💌🙂‍↔️💅🏼 

Products mentioned:
@Gellaktik builder gel & nail art markers (gifted)
“Chrome home” organizer box from Amazon 
@BeetlesGelPolish meowgic uv&led nail lamp (gifted)
@Pleasing nail polishes

#nailhaul #haul #gifted #unboxingvideo #nailtok ",
tk,7631753955902491934,2026-04-23,周紫月,KOL品线推广,彩胶,纯色,开箱,视频,,https://www.tiktok.com/@manicured_byjasmine/video/7631753955902491934,"Spring in a box 😍

Stay tuned for a swatch party! 

Thank you @BeetlesGelPolish 

#beetlesgelpolish #gelpolish #springnails #nails #diynails ",
tk,7631771164947254559,2026-04-23,何嘉怡,KOL品线推广,构建美甲,特色胶,教程,视频,1,https://www.tiktok.com/@schantalkarin/video/7631771164947254559,Tutorial de uñas cortas con builder gel desde casa ✨ todos los productos están en el link de mi bio 🔗 #nailsathome #uñasencasa ,
tk,7631774709587234078,2026-04-23,黄嘉丽,KOL品线推广,功能胶,封层,做款,视频,,https://www.tiktok.com/@ubemochiicecream/video/7631774709587234078,fix my nail with me 😔 i got this design off pinterest ,
tk,7631806851461434638,2026-04-23,马明慧,KOL品线推广,穿戴甲,UV穿戴甲,做款,视频,,https://www.tiktok.com/@selinagissele/video/7631806851461434638,"DIY press-on nails 💅🏾 no air bubbles

Products used:
@CANNI Gel Nail Polish 
Canni Nail Reinforcement Gel
Canni Top Coat
Canni Nail Dehydrator 
@Grown Alchemist 
Grown Alchemist Rich Restorative Body Cream

#pressonnails #nailtutorial #diynails #diynailart #nailprep ",
tk,7631826360587029774,2026-04-23,李伊芸,2026母亲节礼盒,构建美甲,混合套组,开箱;口播,视频,,https://www.tiktok.com/@signaturebylani/video/7631826360587029774,"STAY TUNED to see me use these wonderful products for Mother’s Day by @BeetlesGelPolish 🌷
-
Every beginner starts somewhere & I started with Beetles! I’m super grateful to have Beetles be my first PR package , the beginner nail tech in me would and is still screaming! 😝
-
💌Products are listed on my Link Tree on my Instagram Bio 
(Use my code “BYLEILANI” for 10% off your next purchase!)
Beetles:
•Mani Time With Mom Mother’s Day Gift Box (HEMA & TPO free)
•HEMA free Blush Mist Builder Gel Kit
-
#beetlesgelpolish #beetlesmanitimewithmom #manitimewithmom #beetlesbuildergel #signaturebylani  
•",
tk,7631951697379642637,2026-04-23,马明慧,KOL品线推广,彩胶,混合套组,开箱;做款;口播;成品展示,视频,,https://www.tiktok.com/@ibekaaayy.y/video/7631951697379642637,"let's unbox @BeetlesGelPolish  neswest line of gel polish colors 🎀🍦🍡🧇+ do 4 diferent sets using the kit🫧 

#beginnernailtech #polygel #beetlesgelpolish #polygelnails #nailtok ",
yt,-PUvxPzOjTg,2026-04-23,何嘉怡,KOL品线推广,彩胶,混合套组,做款,视频,,https://www.youtube.com/watch?v=-PUvxPzOjTg,Leopard cherry nails pt. 1/3,
fb,122166641876891071,2026-04-22,李伊芸,KOL品线推广,构建美甲,捏捏胶,做款,视频,,https://www.facebook.com/reel/25958678190478156,"tropical nails ☀️🌺 can never start early on summer nails so i won’t ask it’s happening 😌

are you wearing these for summer?

#summernailinspo #summernailart #tropicalnails #vacationnails #summernails",
fb,1483833376441468,2026-04-22,李伊芸,2026dealbox&PD,彩胶,预构建甲片,做款,视频,,https://www.facebook.com/reel/1119599604562298,"Cute cat eye spring nails
✨🐞🌷🐝💅✨ 
Using @beetlesgelpolish 

•Beetles Harmony Palette Gel Polish Set
-All-in-one 44pcs kit: 36 colors + essential tools for a complete at-home manicure
-HEMA-free & TPO-free formula: gentler, more comfortable to use
-Multiple finishes in one set: glossy, matte & cat eye effects
-Beginner friendly & great value: wide color range, perfect for DIY, practice, or gifting!

•Beetles Tipex Lite Apex Nail Tips Almond Medium
-16 size options for a perfect fit on every finger — no extra filing needed!!

#cateyenails #springnails #beetlesgelpolish #nails #nailinspiration",
ins,DXZ84vMyg5X,2026-04-22,李伊芸,KOL品线推广,构建美甲,捏捏胶,做款,视频,,https://www.instagram.com/p/DXZ84vMyg5X/,"tropical nails ☀️🌺 can never start early on summer nails so i won’t ask it’s happening 😌

are you wearing these for summer?

#summernailinspo #summernailart #tropicalnails #vacationnails #summernails",
ins,DXaC3WUkaXF,2026-04-22,何嘉怡,KOL品线推广,彩胶,预构建甲片套组,做款;成品展示,视频,1,https://www.instagram.com/p/DXaC3WUkaXF/,"Spring nail day 🌸✨
Created this super fresh Spring Sonata set with Beetles 💅 I love it more every time I look at it!
Use code KAYARICE for 10% off 💖 @beetlesgelpolish 
#Beetlesgelpolish #BeetlesTipexLite #Stilettonails #Beetlesnailnook #Springnails",
ins,DXawaUhAs1L,2026-04-22,李伊芸,2026dealbox&PD,彩胶,预构建甲片,做款,视频,,https://www.instagram.com/p/DXawaUhAs1L/,"Cute cat eye spring nails
✨🐞🌷🐝💅✨ 
Using @beetlesgelpolish 
code: JEANETTE1 (save 10% off until 5.15)

•Beetles Harmony Palette Gel Polish Set
-All-in-one 44pcs kit: 36 colors + essential tools for a complete at-home manicure
-HEMA-free & TPO-free formula: gentler, more comfortable to use
-Multiple finishes in one set: glossy, matte & cat eye effects
-Beginner friendly & great value: wide color range, perfect for DIY, practice, or gifting!

•Beetles Tipex Lite Apex Nail Tips Almond Medium
-16 size options for a perfect fit on every finger — no extra filing needed!!

#cateyenails #springnails #beetlesgelpolish #nails #nailinspiration",
ins,DXbHyJWofmM,2026-04-22,李伊芸,2026母亲节礼盒,彩胶,混合套组,做款,视频,,https://www.instagram.com/p/DXbHyJWofmM/,"Flower Chrome Mani 🌸🌼🪻

Using @beetlesgelpolish Mani time with mom Mother’s Day gift box 💖

Use code ‘CHARLOTTE10’ for ££ off 

🔗link in bio 

#beetlesmanitimewithmom #manitimewithmom #springnails #flowernails #chromenails",
tk,7631248666916834591,2026-04-22,何嘉怡,KOL品线推广,彩胶,预构建甲片套组,做款;成品展示,视频,,https://www.tiktok.com/@kayarice/video/7631248666916834591,"Spring nail day 🌸✨
Created this super fresh Spring Sonata set with Beetles 💅 I love it more every time I look at it! @BeetlesGelPolish 
Use code KAYARICE for 10% off 💖#Beetlesgelpolish #BeetlesTipexLite #Stilettonails #Beetlesnailnook #Springnails",
tk,7631250730241756430,2026-04-22,高咏欣,KOL品线推广,穿戴甲,穿戴甲款式,做款;成品展示,视频,,https://www.tiktok.com/@maribarbie_/video/7631250730241756430,"These press on nails are perfect , the prefect shape and color 🥰
perfect for my girlies who do hair and may need something temporary for a weekend out😍😍 #pressonnails 
#blackgirlcontentcreator #beetles #beetlesgelpolish #maribarbie ",
tk,7631253369310563597,2026-04-22,周紫月,KOL品线推广,彩胶,混合套组,做款;教程,视频,,https://www.tiktok.com/@pandam.nails/video/7631253369310563597,"Bruno Mars - The Romantic tour inspired nails 🌹♥️

This set is now available on my shop (link in bio 🐼💕)

#brunomars #fypシ #pressonnails #brunomarsconcert #nailartist ",
tk,7631277137525230879,2026-04-22,马明慧,KOL品线推广,彩胶,混合套组,做款,视频,,https://www.tiktok.com/@unicornbaii/video/7631277137525230879,Thank you so much for your order Mady!! @mady ! ⭐️ #fyp #nails #nailjourney #teennailtech #beginnernailtech ,
tk,7631281621076954381,2026-04-22,高咏欣,KOL品线推广,穿戴甲,穿戴甲款式,做款,视频,,https://www.tiktok.com/@lia.roase/video/7631281621076954381,Use Code: LIAROASE for 10% off your purchase! Nails Linked in my bio!! 🧸✨🤍 @BeetlesGelPolish #domynailswithme #nailideas #nailtransformation #nailtransition #nailinspo ,
tk,7631302578713808148,2026-04-22,李伊芸,KOL品线推广,构建美甲,捏捏胶,做款,视频,,https://www.tiktok.com/@bynicolemv/video/7631302578713808148,"tropical nails ☀️🌺 can never start early on summer nails so i won’t ask it’s happening 😌

are you wearing these for summer?

#summernailinspo #summernailart #tropicalnails #vacationnails #summernails ",
tk,7631327878046551327,2026-04-22,何嘉怡,KOL品线推广,彩胶初学者套装,F13灯套装,开箱;口播,视频,,https://www.tiktok.com/@luxeloopl/video/7631327878046551327,"If you’re a beginner nail tech or love to do your nails at home, buy this!!! It’s on sale right now!! @BeetlesGelPolish 

#unbox #unboxinghaul #nailsupplies #nailhaul #nailinspo ",
tk,7631333242683133198,2026-04-22,高咏欣,KOL品线推广,穿戴甲,穿戴甲款式,成品展示,视频,,https://www.tiktok.com/@marjaufit/video/7631333242683133198,🤍 @BeetlesGelPolish #beetlesnaturalmilky #beetlespressons ,
tk,7631342570525805855,2026-04-22,何嘉怡,2026母亲节礼盒,配件,预构建甲片套组,开箱;口播,视频,,https://www.tiktok.com/@nailzbyvesha/video/7631342570525805855,"so grateful! Click the link in my bio and use code ""STEVESHA"" for 10% off 💕 #beetlesgelpolish #beetlesmanitimewithmom #beetlesmeowgiclamp #fyp #beetlesgelx ",
tk,7631375659843030302,2026-04-22,何嘉怡,KOL品线推广,彩胶,甲片延长套组,开箱;口播;成品展示,视频,,https://www.tiktok.com/@tips.bycari/video/7631375659843030302,"Using the Beetles Spring Gel HEMA FREE Polish Collection – Dessert Feast for this look + their Gel Nail Kit (Flat X & Medium Almond) for the perfect shape💞. 

The colors? PIGMENTED and GORG. The tips? Seamless and durable. The vibe? Pastel princess 💐🍭!

Shop everything here:  
🛍️ Polish Collection: [https://www.amazon.com/dp/B0F28J1M9X?maas=maas_adg_958166ECE63959A7C81DE6393814E867_afap_abs&ref_=aa_maas&tag=maas]  
🛍️ Gel Nail Kit (Flat X & Almond Medium): [https://www.amazon.com/dp/B0D69SD81J?maas=maas_adg_3C4F25300070ADB842C0C56913FBD977_afap_abs&ref_=aa_maas&tag=maas]  

Use my code for $$ off: [TPCARI10]

Products from: @BeetlesGelPolish #beetlesgelpolish #springnails #beetlesflatx #beetlesnaillook #nailtok   ",
tk,7631383875318549791,2026-04-22,何嘉怡,KOL品线推广,彩胶初学者套装,F13灯套装,刷色,视频,,https://www.tiktok.com/@luxeloopl/video/7631383875318549791,"Sheer Daylight Jelly Polished Heart Swatches.. These hearts are so adorable! I wish I had these for all of my nail seatches. 

@BeetlesGelPolish #nailswatches #nailtransformation #freesamples #beetlesgelpolish #jellynails ",
tk,7631399224810261791,2026-04-22,罗婧,2026母亲节礼盒,彩胶,混合套组,成品展示,视频,1,https://www.tiktok.com/@gracedoesnails/video/7631399224810261791,yay birthday nails!! 🎉🧁✨🪩 #gracedoesnails #viral #fyp #nailinspo #nailtransition @BeetlesGelPolish @UNAGELLA @melodysusie @Modelones @Maniology @OPI ,
tk,7631411067410828558,2026-04-22,马明慧,KOL品线推广,彩胶,纯色,做款,视频,,https://www.tiktok.com/@julie_ulie/video/7631411067410828558,"1 năm có 365 ngày thì ích nhìu gì cũng phải có 3,6 hc 5 ngày chán chứ hả mọi người? 🤣😭 #cometoworkwithme #xuhuong #cuocsongmy #tiktokgiaitri #nailtiktok ",
tk,7631416154333908254,2026-04-22,李伊芸,2026dealbox&PD,彩胶,预构建甲片,做款,视频,,https://www.tiktok.com/@nailartbyjen/video/7631416154333908254,"Cute cat eye spring nails
✨🐞🌷🐝💅✨ 

Using @BeetlesGelPolish 

•Beetles Harmony Palette Gel Polish Set
-All-in-one 44pcs kit: 36 colors + essential tools for a complete at-home manicure
-HEMA-free & TPO-free formula: gentler, more comfortable to use
-Multiple finishes in one set: glossy, matte & cat eye effects
-Beginner friendly & great value: wide color range, perfect for DIY, practice, or gifting!

•Beetles Tipex Lite Apex Nail Tips Almond Medium
-16 size options for a perfect fit on every finger — no extra filing needed!!

#cateyenails #springnails #beetlesgelpolish #nails #nailinspiration ",
tk,7631429295541325087,2026-04-22,何嘉怡,KOL品线推广,配件,美甲灯,开箱;口播,视频,,https://www.tiktok.com/@j9yjay/video/7631429295541325087,"Chatty pr unboxing!!💌Got some of my dream pr but goto part 2 because my phone died 🥺 but so beyond thankful to  @BeetlesGelPolish for sending me these⭐️⭐️⭐️
#beetles #beetlesgelpolish #nailart #prunboxinghaul #microinfluencer ",
tk,7631434469798448414,2026-04-22,何嘉怡,KOL品线推广,彩胶,纯色,开箱;口播,视频,,https://www.tiktok.com/@j9yjay/video/7631434469798448414,"I no longer have to mix my white gel with the one neon pink color I have 🥺
Thank you @BeetlesGelPolish 💗💗💗 #microinfluencer #nailart #beetlesgelpolish #beetlesgelx #beetlesnailboutique ",
tk,7631452144826109215,2026-04-22,何嘉怡,KOL品线推广,假指甲,预构建甲片套组,开箱;教程;成品展示,视频,,https://www.tiktok.com/@pressedbymariaa/video/7631452144826109215,"do my nails with me using beetles tipex lite 
-
-
-
beetlesnails beetlestipexsystem howtodogelx gelxnails gelnails howtonails howtodogelx beetlesproducts
#nails#beetlesnails#gelx#gelxnails#howtonails",
tk,7631466514494950658,2026-04-22,李伊芸,2026母亲节礼盒,彩胶,混合套组,做款,视频,,https://www.tiktok.com/@charlotteherberts2/video/7631466514494950658,"Flower Chrome Mani 🌸🌼🪻

Using @BeetlesGelPolish Mani time with mom Mother’s Day gift box 💖

Use code ‘CHARLOTTE10’ for ££ off 

🔗link in bio 

#beetlesmanitimewithmom #manitimewithmom #springnails #flowernails #chromenails ",
tk,7631612480262851870,2026-04-22,何嘉怡,KOL品线推广,配件,美甲灯,口播;测评,视频,,https://www.tiktok.com/@luxeloopl/video/7631612480262851870,"It’s MEOW-Gic. This lamp cures too fast it won’t let the polish drip 🤣😭 but hey, I’m not complaining!!! This is the only lamp I own that doesn’t need to be plugged in and I love that!  Shade: “Straw Purr” 
@BeetlesGelPolish 

#beetlesgelpolish #nailhaul #jellynails #unbox #nailtransformation ",
yt,-vmgaJuG1RI,2026-04-22,林盈盈,KOL品线推广,彩胶,预构建甲片,开箱;做款,视频,,https://www.youtube.com/watch?v=-vmgaJuG1RI,BEST Amazon Nail Kit?! 🍦 Beetles 30 Color Dessert Feast + Tipex Lite Acrylic Nail Tips & GIVEAWAY!,
ins,DXXFuzaEe92,2026-04-21,何嘉怡,KOL品线推广,彩胶,混合套组,做款;成品展示,视频,,https://www.instagram.com/p/DXXFuzaEe92/,"trying out this cute stripes and polka dot nail set from pinterest 💕 These are stiletto medium nails

🔍 aesthetic nails, creative gel nail designs, long nail inspo, cute nail designs, best nail inspo #gelxnails @apresnailofficial",
ins,DXXYS2rjNTd,2026-04-21,周紫月,2026母亲节礼盒,彩胶,混合套组,开箱;做款;口播;创意,视频,,https://www.instagram.com/p/DXXYS2rjNTd/,I tested the “Mani Time with Mom” nail kit on my mom 💅🏽💝 #nails #beetlesgelpolish #BeetlesManiTimewithMom #ManiTimeWithMom #mothersdaygifts @beetlesgelpolish ad,
ins,DXXh5vckvCh,2026-04-21,黄嘉丽,KOL品线推广,功能胶,功能胶套组,做款,视频,,https://www.instagram.com/p/DXXh5vckvCh/,comment “nails” for the everything I use sent straight to your DMs 🤍 obsessed with this set 🤍✨ gel x nail tutorial at home #diygirly #diygelxnails #diynails #chromenails #nailinspo,
ins,DXXzFidhowK,2026-04-21,黄莉莎,KOL品线推广,彩胶初学者套装,鼠标灯套装,开箱;做款,视频,,https://www.instagram.com/p/DXXzFidhowK/,"Matcha vibes 🍵🩰 Ahora estoy muy de uña cortita y diseño en tendencia, en esta ocasión: polka dots

Estrené unos kits de @beetlesgelpolish y la verdad todo fluyó demasiado fácil, uno de ellos trae todo para la aplicación (hasta lámpara 👀) y el otro son 6 cat eye hermosos y muy primaverales🌸 Todo es HEMA free, que ya saben que es lo mejor porque son productos mas gentiles con la piel ✨

¿Qué color del kit de cat eyes hubieras elegido tú?👀
.
.
#beetlesgelpolish #cateyenails #polkadotnails #shortnails #nailtutorials",
ins,DXZZe83jGED,2026-04-21,何嘉怡,KOL品线推广,配件,美甲灯,开箱;口播,视频,,https://www.instagram.com/p/DXZZe83jGED/,Shop on Amazon & use my code BARAJAS10 for 10% off! @beetlesgelpolish #beetlesgelpolish,
ins,DXZclSPANRN,2026-04-21,黄嘉丽,KOL品线推广,穿戴甲,穿戴甲款式,开箱;教程,视频,,https://www.instagram.com/p/DXZclSPANRN/,"Much needed nail reset! 😍🩷

This nail kit from @beetlesgelpolish is the secret to an at home manicure!! This kit is so easy to use and gives you that salon look without the salon price!

#beetlesnailpolish #athomemanicure #pressons #pressonnailslovers #affordablebeauty",
ins,DXZczWtgPXX,2026-04-21,黄莉莎,KOL品线推广,配件,美甲灯,做款;口播,视频,,https://www.instagram.com/p/DXZczWtgPXX/,"Are you an aspiring nail tech… Ready to build your skills? let’s master our skills together with my 1:1 online & in person skill mastery courses, DM to enroll. Luxury at your fingertips✨ 
Custom reusable handmade acrylic press-ons shipped straight to you✈️ , complete with our @caseys_beauty_studio deluxe prep kit for 3+ weeks of flawless wear. 💅. Order Inquiries: 📲 When you DM, send: Length, shape, and inspo pics 💕 via DM & the number in my bio
•💕your nail dreams awaits you!💖
Schedule your luxurious nail appointment at 5151 Monroe st. Toledo, Oh; Suite 232J✨
Allow yourself a Self Care day and treat yourself here at @caseys_beauty_studio where a luxury experience awaits you! Schedule an appointment today by clicking the link in my bio! 

•💅NAIL CLASSES UNDER SUBSCRIPTIONS ON INSTAGRAM🌟
•💎✨USE CODE “CASEY”  at checkout FOR MONEY OFF WHEN PURCHASING FROM @jennysecretofficial @bluestreakcrystals (supplier of genuine @Swarovski crystals)

•ALL PRODUCTS USED IN THIS VIDEO LINKED IN MY AMAZON STOREFRONT (bio) 
#caseysbeautystudio #toledonails #toledo #acrylicpressons #toledoohionails toledonailtech toledoohionailsalon toledoohionailtech detroitnailtech detroitnails detroitgolf monroenailtech BirminghamDetroit northvillenails Bowlinggreennails grossepointe
 explorepage explore explorepagenails novinailtech nailsfyp rochesterhillsnails
419nailtech lucascounty  royaloaknails stClairshoresnails northwestohionails acrylicpressonnails @youngnailsinc @kupainc @makartt_official @beetlesgelpolish @dndgel",
ins,DXZeU58kT5d,2026-04-21,黄嘉丽,2026母亲节礼盒,彩胶,混合套组,开箱,视频,,https://www.instagram.com/p/DXZeU58kT5d/,"Unboxing @beetlesgelpolish Mani Time with Mom Mother’s Day Gift Box. 🎁🌹

It’s a giant gift box full of beautiful items. 🥰❤️All the gel polishes are hema-free and TPO-free for sensitive skin. 

✨Product link in Bio. 
✨Use BTJUET10 to save 💰

#beetlesgelpolish #springnails #unboxings #mothersday #mothersdaygiftidea 

Nail style, nail set, nail trends,  nail Inspo, spring nail colors, manicure, gift box, nail ideas, nail fashion, gift for her",
ins,DXZhcM3gGaq,2026-04-21,黄莉莎,KOL品线推广,彩胶,纯色,开箱;口播,视频,,https://www.instagram.com/p/DXZhcM3gGaq/,"tysm @beetlesgelpolish @beetles_community for the PR Packages
Are you an aspiring nail tech… Ready to build your skills let’s master our skills together with my 1:1 online & in person skill mastery courses, DM to enroll. • ✨Luxury at your fingertips✨ 
Custom reusable handmade acrylic press-ons shipped straight to you✈️ , complete with our @caseys_beauty_studio deluxe prep kit for 3+ weeks of flawless wear. 💅. Order Inquiries: 📲 When you DM, send: Length, shape, and inspo pics 💕 via DM & the number in my bio
•💕your nail dreams awaits you!💖
Schedule your luxurious nail appointment at 5151 Monroe st. Toledo, Oh; Suite 232J✨
Allow yourself a Self Care day and treat yourself here at @caseys_beauty_studio where a luxury experience awaits you! Schedule an appointment today by clicking the link in my bio! 

•💅NAIL CLASSES UNDER SUBSCRIPTIONS ON INSTAGRAM🌟
•💎✨USE CODE “CASEY”  at checkout FOR MONEY OFF WHEN PURCHASING FROM @jennysecretofficial @bluestreakcrystals (supplier of genuine @Swarovski crystals)

•ALL PRODUCTS USED IN THIS VIDEO LINKED IN MY AMAZON STOREFRONT (bio) 
#caseysbeautystudio #toledonails #toledo #acrylicpressons #toledoohionails toledonailtech toledoohionailsalon toledoohionailtech detroitnailtech detroitnails detroitgolf monroenailtech BirminghamDetroit northvillenails Bowlinggreennails grossepointe
 explorepage explore explorepagenails novinailtech nailsfyp rochesterhillsnails
419nailtech lucascounty  royaloaknails stClairshoresnails northwestohionails acrylicpressonnails @youngnailsinc @kupainc @makartt_official @beetlesgelpolish @dndgel",
tk,7630873952994233613,2026-04-21,马明慧,KOL品线推广,穿戴甲,穿戴甲款式,成品展示,视频,,https://www.tiktok.com/@stayspretty/video/7630873952994233613,I’m quick to throw on some press ons 💅 We go together real bad!! 🤍@BeetlesGelPolish #beetlespressonnails #pressons #pressonnails #beetlesgelpolish ,
tk,7630875341547916558,2026-04-21,高咏欣,KOL品线推广,穿戴甲,穿戴甲款式,成品展示,视频,,https://www.tiktok.com/@itsjadaamaya/video/7630875341547916558,Obsessed with these press ons.. you can’t even tell 🤭🤍 @Beetles Nail Boutique #pressons #beetlespressonnails #foryoupage ,
tk,7630875747866922271,2026-04-21,马明慧,KOL品线推广,配件,美甲灯,开箱;口播,视频,,https://www.tiktok.com/@unicornbaii/video/7630875747866922271,"Thank you so much Beatles and thank you all for 1,000 followers!@BeetlesGelPolish #beetlesgelpolish #fyp #nails #nailjourney #teennailtech ",
tk,7630884004002008351,2026-04-21,何嘉怡,KOL品线推广,彩胶,混合套组,做款;成品展示,视频,,https://www.tiktok.com/@maina_does_nails/video/7630884004002008351,"trying out this cute stripes and polka dot nail set from pinterest 💕 These are stiletto medium nails

🔍 aesthetic nails, creative gel nail designs, long nail inspo, cute nail designs, best nail inspo #gelxnails @Aprés Nail Professional ",
tk,7630916241745612045,2026-04-21,何嘉怡,KOL品线推广,配件,美甲灯,开箱;口播,视频,,https://www.tiktok.com/@masvir.go2/video/7630916241745612045,Things I’ve gotten off the TTS Nail edition✨✨,
tk,7630924325373185302,2026-04-21,周紫月,2026母亲节礼盒,彩胶,混合套组,开箱;做款;口播;创意,视频,,https://www.tiktok.com/@nailsbypriyaa/video/7630924325373185302,I tested the “Mani Time with Mom” nail kit on my mom 💅🏽💝 #nails #beetlesgelpolish #BeetlesManiTimewithMom #ManiTimeWithMom #mothersdaygifts @BeetlesGelPolish ,
tk,7630927027482168590,2026-04-21,马明慧,KOL品线推广,彩胶,混合套组,做款,视频,,https://www.tiktok.com/@keshas.klawset/video/7630927027482168590,"Let’s Do Nails… I actually hate these 😩🤣

#pressonnails #pressonnailset #pressonnailstutorial ",
tk,7630947077215898894,2026-04-21,黄嘉丽,KOL品线推广,功能胶,功能胶套组,做款,视频,,https://www.tiktok.com/@nicoleebennett/video/7630947077215898894,obsessed with this set 🤍✨ gel x nail tutorial at home #diygirly #diygelxnails #diynails #chromenails #nailinspo ,
tk,7630950396088962335,2026-04-21,林盈盈,KOL品线推广,构建美甲,捏捏胶,做款,视频,,https://www.tiktok.com/@aisebrush/video/7630950396088962335,"Hello Kitty hipper nail 🩷🎀

#nailart #3dnailart #nailtutorial #kawaiinails #nailinspo

I turned Hello Kitty into a 3D hipper-style nail using builder gel, focusing on sculpting the character so it wraps naturally around the nail for that cute, dimensional effect.

hello kitty nail, hello kitty hipper nail, 3d nail art, 3d nail tutorial, character nail art, kawaii nails, builder gel nail art, sculpted nails, cute nail designs, pink nails aesthetic, nail art tutorial, nail tech content, trending nails, gel nail design, beginner nail art, detailed nail art, viral nail ideas",
tk,7630953053939633421,2026-04-21,高咏欣,KOL品线推广,穿戴甲,穿戴甲款式,做款,视频,,https://www.tiktok.com/@itsjadaamaya/video/7630953053939633421,Stop paying hundreds each months for nails .. & get you some beetles press ons that look like you went to the salon @Beetles Nail Boutique ,
tk,7630987949919767838,2026-04-21,周紫月,KOL品线推广,彩胶,混合套组,做款;口播,视频,,https://www.tiktok.com/@s.renee_nailz/video/7630987949919767838,Coraline nails! #pressonnails #etsyshop #nails #gelxnails ,
tk,7630991173405969694,2026-04-21,周紫月,KOL品线推广,配件,美甲笔,做款;口播;教程,视频,,https://www.tiktok.com/@mrs.manicure/video/7630991173405969694,"nail art could not get any easier then this 🫶🫶
@BeetlesGelPolish 
#nailhack #diynails #nailarttutorial #easynailart #nailtutorial ",
tk,7631011361400605982,2026-04-21,高咏欣,2026母亲节礼盒,彩胶,混合套组,开箱;口播,视频,,https://www.tiktok.com/@nailinwithemmy4/video/7631011361400605982,HAPPY MOTHER's DAy! USE CODE EMMY10 FOR 💵 OFF! :) #fyp #foryoupage #nailtok #beetlesgelpolish #viral  @BeetlesGelPolish ,
tk,7631037272137157901,2026-04-21,何嘉怡,KOL品线推广,彩胶初学者套装,预构建甲片套组,开箱,视频,,https://www.tiktok.com/@denisebarragan_/video/7631037272137157901,Can wait to try the nails! #fypシ #gelxnails #beetlesgelpolish #musthaves #tiktokshop ,
tk,7631096056276585741,2026-04-21,高咏欣,KOL品线推广,穿戴甲,穿戴甲款式,成品展示,视频,,https://www.tiktok.com/@marjaufit/video/7631096056276585741,🤍 @BeetlesGelPolish #beetlesnaturalmilky #beetlespressons ,
tk,7631216513474710797,2026-04-21,何嘉怡,KOL品线推广,配件,美甲灯,开箱;口播,视频,,https://www.tiktok.com/@beauty_bybarajas/video/7631216513474710797,Shop on Amazon & use my code BARAJAS10 for 10% off! @BeetlesGelPolish #beetlesgelpolish ,
tk,7631226757210770719,2026-04-21,黄嘉丽,KOL品线推广,穿戴甲,穿戴甲款式,开箱;教程,视频,,https://www.tiktok.com/@lifeascarmen/video/7631226757210770719,"The easiest at home manicure with @BeetlesGelPolish 😍

#athomenails #pressons #beetlesgelpolish #affordablebeauty #athomemanicure ",
tk,7631240908498799885,2026-04-21,马明慧,KOL品线推广,功能胶,晕染胶,做款,视频,,https://www.tiktok.com/@ibekaaayy.y/video/7631240908498799885,"let's do a Long Duck Nail Set ft. @MOCHI GEL ”CREAMPUFF” as base 🍡☕️🎀🧼🍦💕 using @BeetlesGelPolish gel polish colors !! 

#polygel #beginnernailtech #nailtok #polygelnails #nailtutorial ",
yt,SF6hQZ2Vwzw,2026-04-21,李伊芸,KOL品线推广,假指甲,预构建甲片套组,开箱,视频,,https://www.youtube.com/watch?v=SF6hQZ2Vwzw,"DIY At Home Post Partum Self Care, Finding Time For Me + Too Faced Haul",
fb,1532938704830667,2026-04-20,黄莉莎,KOL品线推广,功能胶,转印胶,做款,视频,1,https://www.facebook.com/reel/1493213352342361,,
ins,DXU6Lt6kSOw,2026-04-20,黄嘉丽,KOL品线推广,穿戴甲,穿戴甲款式,开箱;成品展示,视频,,https://www.instagram.com/p/DXU6Lt6kSOw/,"@beetlesgelpolish Milky White Nails 🤍 

They’re designed to look As Natural As Your Own Nails - that soft, creamy milky white.
* 16 sizes for the perfect fit and essential accessories
* Short-term wearing (jelly tabs) or long-term (quick-dry glue)
* 10 mins fast manicure
* Smooth, streak-free milky white finish

#milkywhitenails #beetlesgelpolish #pressonnails",
ins,DXU7RsEAYfh,2026-04-20,黄莉莎,KOL品线推广,彩胶,混合套组,开箱;做款;成品展示,视频,,https://www.instagram.com/p/DXU7RsEAYfh/,"CLCASEYS10 to save$ Are you an aspiring nail tech… Ready to build your skills let’s master our skills together with my 1:1 online & in person skill mastery courses, DM to enroll. 
Luxury at your fingertips✨ 
Custom reusable handmade acrylic press-ons shipped straight to you✈️ , complete with our @caseys_beauty_studio deluxe prep kit for 3+ weeks of flawless wear. 💅. Order Inquiries: 📲 When you DM, send: Length, shape, and inspo pics 💕 via DM & the number in my bio
•💕your nail dreams awaits you!💖
Schedule your luxurious nail appointment at 5151 Monroe st. Toledo, Oh; Suite 232J✨
Allow yourself a Self Care day and treat yourself here at @caseys_beauty_studio where a luxury experience awaits you! Schedule an appointment today by clicking the link in my bio! 

•💅NAIL CLASSES UNDER SUBSCRIPTIONS ON INSTAGRAM🌟
•💎✨USE CODE “CASEY”  at checkout FOR MONEY OFF WHEN PURCHASING FROM @jennysecretofficial @bluestreakcrystals (supplier of genuine @Swarovski crystals)

•ALL PRODUCTS USED IN THIS VIDEO LINKED IN MY AMAZON STOREFRONT (bio) 
#caseysbeautystudio #toledonails #toledo #acrylicpressons #toledoohionails toledonailtech toledoohionailsalon toledoohionailtech detroitnailtech detroitnails detroitgolf monroenailtech BirminghamDetroit northvillenails Bowlinggreennails grossepointe
 explorepage explore explorepagenails novinailtech nailsfyp rochesterhillsnails
419nailtech lucascounty  royaloaknails stClairshoresnails northwestohionails acrylicpressonnails @youngnailsinc @kupainc @makartt_official @beetlesgelpolish @dndgel",
ins,DXUixarkxyP,2026-04-20,罗婧,KOL品线推广,配件,美甲灯,做款;教程,视频,,https://www.instagram.com/p/DXUixarkxyP/,Rapunzel nails 💜🩷🤍 #rapunzelnails #nails #disneynails #uñasdecoradas #uñas💅,
ins,DXUv9njJoJ0,2026-04-20,林盈盈,KOL品线推广,构建美甲,捏捏胶,做款,视频,,https://www.instagram.com/p/DXUv9njJoJ0/,"3D flowers on a cat eye base 🌸✨

#nailart #3dnails #summernails #nailinspo #gelnails

just the details… this combo is so pretty 🤩 using @beetlesgelpolish 

all products are linked in my Amazon storefront under “nail recreation“",
ins,DXW8H8gkQvm,2026-04-20,黄莉莎,2026母亲节礼盒,彩胶,混合套组,开箱;做款;口播,视频,,https://www.instagram.com/p/DXW8H8gkQvm/,"#beetlesmanitimewithmom #manitimewithmom #mothersdaygift #mothersdaygiftsideas💝 #nails Obsesionada es poco 💖
Este set Beetles Mani Time with Mom tiene TODO lo que necesitas para lograr las uñas en gel más lindas desde casa 💅

12 tonos hermosos + kit completo de manicura 🎀
Libre de HEMA y TPO = uñas más seguras y saludables ✔️
El regalo perfecto para el Día de las Madres… o para consentirte 💕

¿Uñas de salón en casa? Sí, por favor 😍
¿Lo probarías? 👇 code:Kary10 🫶🏼🩷 link en mi perfil ✅ @beetlesgelpolish",
ins,DXWwts6EgQ8,2026-04-20,黄莉莎,KOL品线推广,功能胶,转印胶,做款,视频,1,https://www.instagram.com/p/DXWwts6EgQ8/,"Using 🌺🌼
@beetlesgelpolish 
Nail Art Foil Glue Set 

Shop at the @beetlesgelpolish store (Link in my bio)",
tk,7630506705024994590,2026-04-20,何嘉怡,KOL品线推广,穿戴甲,UV穿戴甲,做款;教程;成品展示,视频,,https://www.tiktok.com/@luxeloopl/video/7630506705024994590,"These new milky press-ons from @BeetlesGelPolish are actually insane 😭✨ they’re thick, pre-shaped, and literally the PERFECT base for any design 🤍

you can keep them natural for that clean girl aesthetic OR turn them into something magical like these green cat eye fairy nails 🌿✨

i’m obsessed with how versatile they are… chrome, french, 3D, gems… the possibilities are endless

if you make press-ons or do your own nails, these are SUCH a game changer

would you keep them simple or go all out?? 👀✨

#beetlesgelpolish #3dflowers #cateyenails #fairynails #nailarttutorial",
tk,7630513343572331807,2026-04-20,罗婧,KOL品线推广,配件,美甲灯,做款;教程,视频,,https://www.tiktok.com/@esme25sz/video/7630513343572331807,Rapunzel nails 💜🩷🤍 #rapunzelnails #nails #disneynails #uñasdecoradas #uñas💅 ,
tk,7630513682807524638,2026-04-20,何嘉怡,KOL品线推广,穿戴甲,UV穿戴甲,成品展示,视频,,https://www.tiktok.com/@luxeloopl/video/7630513682807524638,"These started as plain milky nails… wait till the END 👀✨ @BeetlesGelPolish 
#nailtransformation #beetlesgelpolish #3dflowers #nailarttutorial #fairynails ",
tk,7630514450566483231,2026-04-20,马明慧,KOL品线推广,彩胶,混合套组,成品展示,视频,,https://www.tiktok.com/@nailsbymiau/video/7630514450566483231,Restock my nail desk with me #nails #nailartist #naildesk #nailinspo #gelpolish ,
tk,7630535766518598925,2026-04-20,高咏欣,KOL品线推广,穿戴甲,UV穿戴甲,成品展示,视频,,https://www.tiktok.com/@devynjoli/video/7630535766518598925,These were so easy to put on <3 @BeetlesGelPolish #beetlesgelpolish #beetlespressons ,
tk,7630539601639263501,2026-04-20,周紫月,KOL品线推广,彩胶,混合套组,做款;教程,视频,,https://www.tiktok.com/@pandam.nails/video/7630539601639263501,"BTS inspired nails 🙂‍↔️💜

This set is now available in my online shop 🥹 

Many more BTS sets coming soon 😼!

#fypシ #pressonnails #nailartist #bts #arirang ",
tk,7630550748832484622,2026-04-20,马明慧,KOL品线推广,彩胶,混合套组,做款,视频,,https://www.tiktok.com/@keshas.klawset/video/7630550748832484622,"Let’s Do Nails…

#pressonnails #pressonnailset #pressonnailstutorial ",
tk,7630557959596150047,2026-04-20,高咏欣,KOL品线推广,穿戴甲,UV穿戴甲,口播;成品展示,视频,,https://www.tiktok.com/@its_nitaaaaaaaaa/video/7630557959596150047,Love these press ons 😍😍 #pressonnails #beetlesgelpolish #beetlespressons #pressons ,
tk,7630583095304965397,2026-04-20,林盈盈,KOL品线推广,假指甲,甲片,教程,视频,,https://www.tiktok.com/@ash.frss/video/7630583095304965397,Gel x application + tutorial!! Come back for pt.2 to see me do my nailsss!! #fyp #gelxnails #gelxapplication #gelxtutorial #nailtutorial ,
tk,7630614165048003854,2026-04-20,何嘉怡,KOL品线推广,彩胶,特色胶,做款;成品展示,视频,,https://www.tiktok.com/@nailchronicles/video/7630614165048003854,I need to try this with a different color next 😍 @BeetlesGelPolish #beetles #nailtech #cateye #nailart #chromenails ,
tk,7630620702634298654,2026-04-20,黄莉莎,KOL品线推广,彩胶初学者套装,四指灯套装,开箱;成品展示,视频,,https://www.tiktok.com/@alyssaarelis/video/7630620702634298654,did my own nails for the first tiiime!! 🩷🩷 @BeetlesGelPolish #beetlesgelpolish #beginnernails #diynails ,
tk,7630848559818083615,2026-04-20,何嘉怡,KOL品线推广,彩胶,纯色,开箱;口播,视频,,https://www.tiktok.com/@ttwinkletipss/video/7630848559818083615,I LOVE!!! @BeetlesGelPolish #beetlesgelpolish #unboxing #gelpolish #nailtech ,
tk,7630862185769504021,2026-04-20,黄莉莎,2026母亲节礼盒,彩胶,混合套组,开箱;做款;口播,视频,,https://www.tiktok.com/@kary_nails_7/video/7630862185769504021,"Obsessed is an understatement 💖
This Beetles Mani Time with Mom set is EVERYTHING you need for the cutest at-home gel nails 💅

12 gorgeous shades + full manicure kit 🎀
Hema-free & TPO-free = safer, healthier nails ✔️
Perfect gift for Mother’s Day… or just to treat yourself 💕.             Puedes usar mi código de descuento y les dejo el link aquí abajo code:Kary10

Salon-quality nails at home? Yes please 😍 #Be#BeetlesManiTimewithMoma#ManiTimeWithMomo#mothersdaygiftso#mothersdaygiftsideasuld you try this? 👇@beetlesgelpolishoficial ",
yt,-fBHsFJmd7E,2026-04-20,周紫月,2026母亲节礼盒,彩胶,混合套组,开箱;做款;口播;创意,视频,1,https://www.youtube.com/watch?v=-fBHsFJmd7E,I Tested A Mothers Day Nail Kit 💖💅🏽,
yt,9D4uVq1Wqjw,2026-04-20,何嘉怡,KOL品线推广,彩胶,混合套组,做款;成品展示,视频,,https://www.youtube.com/watch?v=9D4uVq1Wqjw,the most popular nail design and how to do it! 😤,
ins,DXR2mgdJI_V,2026-04-19,林盈盈,KOL品线推广,构建美甲,捏捏胶,做款,视频,,https://www.instagram.com/p/DXR2mgdJI_V/,"How to do 3d flower nails 🌸✨

#nailart #3dnails #summernails #nailinspo #gelnails

a little 3D flower set with a cat eye base… had to make an aesthetic version of this one using @beetlesgelpolish molding gel

all products are linked in my Amazon storefront under “nail recreation“",
ins,DXSJrzkkXcZ,2026-04-19,黄嘉丽,KOL品线推广,穿戴甲,UV穿戴甲,做款;成品展示,视频,,https://www.instagram.com/p/DXSJrzkkXcZ/,"🤍🩷💛💙💜 Simple nails when your in a rush 

@beetlesgelpolish 👉🏼 BTANITAUS10 - Save 10%
• Cute Cat paw lamp 
• Natural Milky - Short Square 
• e227 - coral
• 804 - pink
• e543 - yellow
• e279 - mint green
• a494 - periwinkle 
White Chrome powder 
🔗 in bio

#beetlesgelpolish #pressons #pastel #springnails #nailart 

Pastel nails
Spring nails
Polka dot nails
Press on nails
Simple nails
Nails at home
DIY nails 
*gifted",
ins,DXSLKh-pHhk,2026-04-19,林盈盈,KOL品线推广,构建美甲,捏捏胶,做款,视频,,https://www.instagram.com/p/DXSLKh-pHhk/,"@hellokitty but make it nails 🎀✨

#hellokittynails #nailtutorial #gelnails #nailart #diynails

just a soft hello kitty nail using all my favorite pinks + details

using @beetlesgelpolish for this look 🎀 (linked in bio)",
ins,DXTQ9YtDljJ,2026-04-19,周紫月,KOL品线推广,构建美甲,透色,做款,视频,,https://www.instagram.com/p/DXTQ9YtDljJ/,coachella katseye nails inspo💗💞💖 pinky nails part 2💅🏽 #nails #katseye #gelxnails #nailinspo #diy @katseyeworld,
tk,7630140091821870349,2026-04-19,高咏欣,KOL品线推广,穿戴甲,穿戴甲款式,成品展示,视频,,https://www.tiktok.com/@lyannyolanda/video/7630140091821870349,These are so perfect for this summer season☁️ they’re honestly the most sturdy press on nails I’ve ever owned✨ definitely a 10/10🦢 @BeetlesGelPolish #beetlesgelpolish #beetlesnaturalmilky #pressonnails #whitenails #cleangirlnails ,
tk,7630151151798750477,2026-04-19,黄嘉丽,KOL品线推广,彩胶,纯色,做款,视频,,https://www.tiktok.com/@kendallnail/video/7630151151798750477,Pt. 2 of my nails!! #fyp #beginnernailtech #kendallnail #domynailswithme #naildaywithme ,
tk,7630151777182043423,2026-04-19,何嘉怡,KOL品线推广,配件,美甲灯,成品展示,视频,,https://www.tiktok.com/@nailzbyvesha/video/7630151777182043423,pls don't judge! I might redo it#fyp #nailtok #beginnernailtech #mylittleponyfandom @@Chaun Legend Nails @BeetlesGelPolish ,
tk,7630152458559343903,2026-04-19,高咏欣,KOL品线推广,穿戴甲,UV穿戴甲,开箱;做款;口播,视频,,https://www.tiktok.com/@bellaepperson/video/7630152458559343903,"10% off with my code-EPPERSON10 @BeetlesGelPolish
#beetlesgelpolish #beetlespressons #pr
#springnails",
tk,7630172035158691086,2026-04-19,高咏欣,KOL品线推广,穿戴甲,穿戴甲款式,做款;成品展示,视频,,https://www.tiktok.com/@giselleeegon/video/7630172035158691086,"Milky white nails 🥛🍼🤍 from beetles 🤍 @BeetlesGelPolish 
#beetlesgelpolish #beetlespressons #beetlesnaturalmilky
#nailday #aesthetic ",
tk,7630175758631079188,2026-04-19,黄嘉丽,KOL品线推广,穿戴甲,UV穿戴甲,做款;成品展示,视频,,https://www.tiktok.com/@dipoliciousnailz/video/7630175758631079188,"💛💙💜 Simple nails when your in a rush 

@BeetlesGelPolish 👉🏼 BTANITAUS10 - Save 10%
• Cute Cat paw lamp 
• Natural Milky - Short Square 
• e227 - coral
• 804 - pink
• e543 - yellow
• e279 - mint green
• a494 - periwinkle 
White Chrome powder 
🔗 in bio

#beetlesgelpolish #pressons #pastel #springnails #nailart 

Pastel nails
Spring nails
Polka dot nails
Press on nails
Simple nails
Nails at home
DIY nails 
*gifted",
tk,7630249914425019662,2026-04-19,周紫月,KOL品线推广,彩胶,特色胶,开箱;做款;口播,视频,,https://www.tiktok.com/@khloegracee/video/7630249914425019662,BIG fan of cat eye polish & 😙✨🙂‍↕️💕@Beetles Nail Boutique #creatorsearchinsights #cateyenails #nailart #nailtech #newnails @*:･ﾟ✧* sammy *:･ﾟ✧* ,
tk,7630299701186759950,2026-04-19,高咏欣,2026母亲节礼盒,彩胶,混合套组,做款;口播,视频,,https://www.tiktok.com/@michelleramirizz/video/7630299701186759950,CHECK OUT THE UNBOXING OF THE GIFT BOX IF U HAVENT ALREADY!! thank you @BeetlesGelPolish for the box my mom and i loved it 💖 #gelxnails #diynails #nailsathome #nailtok #nailart ,
tk,7630331138162035975,2026-04-19,周紫月,KOL品线推广,构建美甲,透色,做款,视频,,https://www.tiktok.com/@dianajbz/video/7630331138162035975,coachella katseye nails inspo💗💓💖pinky up nails part 2💅🏽 #nails #katseye #gelxnails #pinkyup #asmr @KATSEYE ,
tk,7630469131447389454,2026-04-19,黄嘉丽,KOL品线推广,穿戴甲,穿戴甲款式,开箱;成品展示,视频,,https://www.tiktok.com/@brezyynails/video/7630469131447389454,"@BeetlesGelPolish Natural Milky White Press On Nails ✨ 

They're designed to look As Natural As Your Own Nails - that soft, creamy milky white.

* 16 sizes for the perfect fit and essential accessories
* Short-term wearing (jelly tabs) or long-term (quick-dry glue)
* 10 mins fast manicure
* Smooth, streak-free milky white finish",
yt,6ln0aDbGd4U,2026-04-19,黄嘉丽,KOL品线推广,穿戴甲,穿戴甲款式,开箱;成品展示,视频,,https://www.youtube.com/watch?v=6ln0aDbGd4U,Beetles Milky White Press On Nails ✨,
yt,DAht7SwHoKc,2026-04-19,黄嘉丽,2026母亲节礼盒,彩胶,混合套组,开箱;做款,视频,,https://www.youtube.com/watch?v=DAht7SwHoKc,Beetles Mothers Day Kit from Amazon,
yt,nsRSS0dy928,2026-04-19,黄嘉丽,2026母亲节礼盒,彩胶,混合套组,开箱,视频,,https://www.youtube.com/watch?v=nsRSS0dy928,Unboxing Mani Time With Mom Collection,
fb,122171713766901749,2026-04-18,黄莉莎,KOL品线推广,彩胶,特色胶,做款,视频,,https://www.facebook.com/reel/1363588219123736,"Nails

 Cat’s eye
@beetlesgelpolish 

#nails #nailsnailsnails #nailsbymairin #nailinspo #nailsofinstagram",
ins,DXPSCnAji14,2026-04-18,李伊芸,KOL品线推广,穿戴甲,穿戴甲款式,做款;口播,视频,,https://www.instagram.com/p/DXPSCnAji14/,"It’s Nail Day, but for today, some press ons will do it. 💅🏻✨

🔗 https://www.amazon.com/shop/lanys.makeup/list/1ES8DN68J56KM?ref_=aipsflist 

Products used:
@beetlesgelpolish Natural Milky White Press Ons

#BeetlesNaturalMilky #Beetlesgelpolish#BeetlesNaturalMilkyWhite#BeetlesPressOn",
ins,DXQUeFnDOsY,2026-04-18,黄莉莎,KOL品线推广,彩胶,特色胶,做款,视频,1,https://www.instagram.com/p/DXQUeFnDOsY/,"Nails

 Cat’s eye
@beetlesgelpolish 

#nails #nailsnailsnails #nailsbymairin #nailinspo #nailsofinstagram",
ins,DXRaRvdjlU8,2026-04-18,何嘉怡,KOL品线推广,彩胶初学者套装,甲片延长套组,开箱;口播,视频,,https://www.instagram.com/p/DXRaRvdjlU8/,"Unboxing @beetlesgelpolish PR package 🌸

💵Use code: “TPBYJAS10” to save
💅Linktree in bio

#beetlesgelpolish #nailhaul #nailtech #haul #fyp",
tk,7629789668443229470,2026-04-18,高咏欣,KOL品线推广,穿戴甲,穿戴甲款式,做款;口播;成品展示,视频,,https://www.tiktok.com/@peytonjramsey/video/7629789668443229470,Should I transition into being a square nail girly??😝 thank you SO much @BeetlesGelPolish for sending me your new #beetlesnaturalmilky✨ nails! I love them!! #beetlesgelpolish #nailday #pressons #girl ,
tk,7629791259552484630,2026-04-18,黄嘉丽,KOL品线推广,彩胶初学者套装,四指灯套装,做款,视频,,https://www.tiktok.com/@mariane_mkl/video/7629791259552484630,"1 Day 1 Design💅🏻 | Hello Kitty Edition 🐱🎀 |

• Gel 3D de chez @⚡️ Lili Creuk Shop ⚡️ 
•VSP de chez:
-@Ongle24Officiel 
-@MakarttOfficial 
-@BeetlesGelPolish 

#nailarttutorial #naildesigns #nailbook #hellokittynails #pourtoiii",
tk,7629802304706727182,2026-04-18,罗惠仪,KOL品线推广,假指甲,预构建甲片,开箱;做款,视频,,https://www.tiktok.com/@nails.bysixx/video/7629802304706727182,Beetles Tipex LITE NAIL TIPS are absolutely what’s IN if you haven’t already check on the link below if you want to UPGRADE your nails #beetlestipex #beetlesgelx #beetles #beginnernailtech #fyp ,
tk,7629807437746310414,2026-04-18,何嘉怡,KOL品线推广,假指甲,预构建甲片套组,开箱;成品展示,视频,1,https://www.tiktok.com/@kheumani0/video/7629807437746310414,Hurry!!!! #fyp ,
tk,7629810896646294797,2026-04-18,罗惠仪,KOL品线推广,假指甲,预构建甲片,做款,视频,,https://www.tiktok.com/@nails.bysixx/video/7629810896646294797,BEETLES 3d sculpting gel and beetles cat eye nail polish to science this blue look #beetles #beetlescateyepolish #beetlesgel #beetlesgelpolish #gelx ,
tk,7629817948093336845,2026-04-18,高咏欣,KOL品线推广,穿戴甲,UV穿戴甲,做款,视频,,https://www.tiktok.com/@devynjoli/video/7629817948093336845,This kit has everything you need for a fresh set at home 💅🏽 #diynailset #beetlesgelpolish #beetlespressons @BeetlesGelPolish ,
tk,7629819044274703629,2026-04-18,何嘉怡,KOL品线推广,假指甲,预构建甲片套组,开箱;口播,视频,,https://www.tiktok.com/@masvir.go2/video/7629819044274703629,What design do you think imma do next 🤭✨,
tk,7629826471632063775,2026-04-18,高咏欣,KOL品线推广,穿戴甲,UV穿戴甲,成品展示,视频,,https://www.tiktok.com/@bellaepperson/video/7629826471632063775,10% off with my code- EPPERSON10 @BeetlesGelPolish #beetlesgelpolish #beetlespressons #pr #springnails ,
tk,7629830815978949919,2026-04-18,何嘉怡,KOL品线推广,配件,美甲灯,开箱;口播,视频,,https://www.tiktok.com/@nailzbyvesha/video/7629830815978949919,"thank you so much beetles! Click the link in bio and use my code ""STEVESHA"" for 10% off💕@BeetlesGelPolish #beetlesgelpolish #springnails #beginnernailtech #fy #beetlesgelx ",
tk,7629846028828609823,2026-04-18,何嘉怡,2026母亲节礼盒,彩胶,混合套组,开箱;Giveaway,视频,,https://www.tiktok.com/@j_okayyy/video/7629846028828609823,Make sure you follow all the steps for the giveaway and make sure you’re following myself and @BeetlesGelPolish ,
tk,7629866587532709134,2026-04-18,何嘉怡,KOL品线推广,配件,透色,开箱;口播,视频,,https://www.tiktok.com/@nailspiceee/video/7629866587532709134,"It’s mail day 🎉 @Beetles Nail Boutique understands me 🩷 

#haul #unboxing #beginnernailtech #nailtech #nailvideos nail tech nail art gel polish collection ",
tk,7629898185271479582,2026-04-18,周紫月,2026dealbox&PD,构建美甲,胶水,开箱;口播,视频,,https://www.tiktok.com/@polished.by.linaa/video/7629898185271479582,"USE CODE BTLINAA10 FOR 10% OFF BEETLES PRODUCTS! 
HUGEEE beetles pr haul!! im literally so grateful for all of these things and to evn get this opportunity! @BeetlesGelPolish thank you!! #beetlesgelpolish #beetlesdealbox #prhaul #haul #viral",
tk,7629905070523485470,2026-04-18,罗惠仪,KOL品线推广,功能胶,功能胶套组,做款,视频,,https://www.tiktok.com/@pxriscilla/video/7629905070523485470,"Quick gel x application ✨
All products 🔗🔗🔗 in my storefront + showcase!

@UNAGELLA @Modelones 
#gelxnails #gelx #gelxapplication #diynailsathome #gelxnailsathome ",
tk,7629980528468430111,2026-04-18,何嘉怡,KOL品线推广,配件,美甲灯,做款;成品展示,视频,,https://www.tiktok.com/@realtnny/video/7629980528468430111,"do my nails with me, featuring @BeetlesGelPolish ☺️ shop on Amazon and use code UVTINA10 for 10% off on Beetles’s goodies 💗 #cateye #nail #nailinspo #gelpolish #amazon ",
tk,7630065799918783752,2026-04-18,何嘉怡,KOL品线推广,彩胶初学者套装,甲片延长套组,开箱;口播,视频,,https://www.tiktok.com/@nailsss.byjas/video/7630065799918783752,"Unboxing @BeetlesGelPolish PR package🌸 | Discount code: “TPBYJAS10” to save💵

#beetlesgelpolish #beetlesgelx #nailhaul #haul #fyp ",
tk,7630094305088015646,2026-04-18,林盈盈,KOL品线推广,彩胶,预构建甲片,开箱,视频,,https://www.tiktok.com/@itsarielastarr/video/7630094305088015646,"Thank you so much! @BeetlesGelPolish ❤️❤️
#nailart #beetlesgelpolish #beetlesgelx #nailtok #pr ",
tk,7630128220188314910,2026-04-18,罗婧,2026母亲节礼盒,彩胶,混合套组,开箱;口播,视频,,https://www.tiktok.com/@gracedoesnails/video/7630128220188314910,beetles mother’s day pr unboxing!! thank you so much @BeetlesGelPolish 💐 #gracedoesnails #prunboxing #viral #fyp #nailinspo ,
yt,6O7vfWiSILE,2026-04-18,周紫月,KOL品线推广,构建美甲,透色,做款,视频,,https://www.youtube.com/watch?v=6O7vfWiSILE,coachella katseye nails inspo💗💓💞pinky up nails part 2💅🏽,
yt,Qr11WygAQX8,2026-04-18,黄嘉丽,KOL品线推广,穿戴甲,UV穿戴甲,做款;成品展示,视频,,https://www.youtube.com/watch?v=Qr11WygAQX8,🤍🩷💛 Glassy Polka Dot,
yt,Wi9YLKOchBo,2026-04-18,林盈盈,KOL品线推广,彩胶,混合套组,做款,视频,,https://www.youtube.com/watch?v=Wi9YLKOchBo,DIY pinterest nails 🐄✨,
ins,DXM_vRViTG4,2026-04-17,黄莉莎,2026母亲节礼盒,彩胶,混合套组,开箱,图片,,https://www.instagram.com/p/DXM_vRViTG4/,"Enormemente agradecida por esta colaboración 🙏🩷 Me encantaron todos los productos y es definitivamente el paquete más lindo que me han enviado👀💕.Si quieren adquirir alguno de los productos que vean, aquí  abajo el link para que vayan a conseguir el suyo. Muchísimas gracias al equipo de @beetles_community @beetlesgelpolish",
ins,DXNJs_viXgy,2026-04-17,林盈盈,KOL品线推广,彩胶初学者套装,预构建甲片,做款,视频,,https://www.instagram.com/p/DXNJs_viXgy/,"Cherry Blossom Nail Tutorial 🌸🍵

#beetlesgelpolish #nailinspo #nailart #springnails #summernails

using @beetlesgelpolish for this look ♡ use code AISEBRUSH for 10% off

Beetles products used: Color Enchantment gel polish set, Tipex stiletto medium, base & top coat",
ins,DXOq5fojJOS,2026-04-17,李伊芸,2026母亲节礼盒,彩胶,混合套组,开箱,视频,,https://www.instagram.com/p/DXOq5fojJOS/,"The Sweetest Mother’s Day Gift @beetlesgelpolish 🤍

Code:VICKYSSS10 💅🏻
Link in my bio ⬆️🧸

#BeetlesManiTimewithMom  #ManiTimeWithMom #unboxing #pink",
tk,7629436325632019725,2026-04-17,林盈盈,2026母亲节礼盒,彩胶,混合套组,品牌向,视频,,https://www.tiktok.com/@nails_by_lillian/video/7629436325632019725,#beetlesmanitimewithmom #manitimewithmom @BeetlesGelPolish 💗✨,
tk,7629446862856129823,2026-04-17,林盈盈,KOL品线推广,彩胶初学者套装,预构建甲片,做款,视频,,https://www.tiktok.com/@aisebrush/video/7629446862856129823,"Cherry Blossom Nail Tutorial 🌸🍵

#beetlesgelpolish #nailinspo #nailart #springnails #summernails

using @BeetlesGelPolish for this look ♡ use code AISEBRUSH for 10% off

Beetles products used: Color Enchantment gel polish set, Tipex stiletto medium, base & top coat",
tk,7629452127869455629,2026-04-17,何嘉怡,KOL品线推广,彩胶,纯色,开箱,视频,,https://www.tiktok.com/@angelnailedyou/video/7629452127869455629,thank u @BeetlesGelPolish !! #fyp #xyzbca #nails #gelxnails #beetlesgelpolish ,
tk,7629521810140237070,2026-04-17,李伊芸,KOL品线推广,功能胶,胶水,做款;口播,视频,,https://www.tiktok.com/@skibidylily/video/7629521810140237070,draft - i LEAVE TOMORROW! #glowhouse #diynails #gelxnails #gelextensions #summernails ,
tk,7629540080457174303,2026-04-17,何嘉怡,KOL品线推广,彩胶,混合套组,做款;成品展示,视频,,https://www.tiktok.com/@gzlbeauty/video/7629540080457174303,Let’s do a spring nail design using some colors from the “Dessert Feast” collection from @BeetlesGelPolish 🐚🌼✨ #beetlesgelpolish #springnails #nailinspo #nailart #beetlesnailnook ,
tk,7629633050099387679,2026-04-17,何嘉怡,KOL品线推广,功能胶,晕染胶,做款;成品展示,视频,,https://www.tiktok.com/@_yahairascreations/video/7629633050099387679,"The best blooming gel perfect for spring designs💅🏼✨ @BeetlesGelPolish ❣️ 
#beetlesgelpolish #bloominggel #bloominggelnails #gelpolish #naildesigns ",
tk,7629673070130728213,2026-04-17,李伊芸,2026母亲节礼盒,彩胶,混合套组,开箱,视频,,https://www.tiktok.com/@_vickys_journal_tt/video/7629673070130728213,"The Sweetest Mother’s Day Gift @BeetlesGelPolish 🤍

Code:VICKYSSS10 💅🏻
Link in my bio ⬆️🧸

#BeetlesManiTimewithMom  #ManiTimeWithMom #unboxing #pink ",
tk,7629711158211104013,2026-04-17,高咏欣,KOL品线推广,穿戴甲,穿戴甲款式,做款;口播,视频,,https://www.tiktok.com/@nihyamonique/video/7629711158211104013,go get y’all some😍🤍 @Beetles Nail Boutique #beetlesgelpolish #beetlesnaturalmilky ,
tk,7629743626565799199,2026-04-17,周紫月,2026母亲节礼盒,彩胶,混合套组,开箱;口播,视频,,https://www.tiktok.com/@_labria/video/7629743626565799199,"@beetlesgelpolishofficial has the perfect Mother’s Day gift! Yall know I’m a mom now, and I would absolutely loveeee if someone gifted me this 🥺🫶🏾💕  #beetlesgelpolish#BeetlesManiTimewithMom #manitimewithmom ",
tk,7629755810037452045,2026-04-17,李伊芸,KOL品线推广,穿戴甲,穿戴甲款式,做款;口播,视频,,https://www.tiktok.com/@_.lanysss/video/7629755810037452045,"It’s Nail Day, but for today, some press ons will do it. 💅🏻✨

🔗 https://www.amazon.com/shop/lanys.makeup/list/1ES8DN68J56KM?ref_=aipsflist 

Products used;
@BeetlesGelPolish Natural Milky White Press Ons

#BeetlesNaturalMilky #Beetlesgelpolish#BeetlesNaturalMilkyWhite#BeetlesPressOn  ",
yt,7SPv5Cz1I-c,2026-04-17,黄莉莎,KOL品线推广,彩胶,特色胶,开箱;刷色,视频,,https://www.youtube.com/watch?v=7SPv5Cz1I-c,Obsessed with these Hema Free Cat Eye Gels,
yt,ai2wZf-BUpI,2026-04-17,李伊芸,2026母亲节礼盒,彩胶,混合套组,开箱,视频,,https://www.youtube.com/watch?v=ai2wZf-BUpI,Mani Time with Mom 💅💖 | The Sweetest Mother’s Day Gift,
yt,uu9U3rq6P0E,2026-04-17,林盈盈,KOL品线推广,构建美甲,捏捏胶,做款,视频,,https://www.youtube.com/watch?v=uu9U3rq6P0E,making a hello kitty nail in my nail book 🎀🐱,
fb,1529823765142161,2026-04-16,黄莉莎,KOL品线推广,彩胶,混合套组,做款,视频,1,https://www.facebook.com/reel/2361133377631804,,
ins,DXKqYcGETT_,2026-04-16,黄嘉丽,KOL品线推广,彩胶,透色,做款;成品展示,视频,,https://www.instagram.com/p/DXKqYcGETT_/,"✨🌸🤍 Pastel Blooming gel Flowers. These turned out so cute 😍

Products used
@beetlesgelpolish CODE 👉🏼 BTANITAUS10
• Nb468
• e227 - coral
• 804 - pink
• e543 - yellow
• e279 - mint green
• 799 - white
• a494 - periwinkle 
• Blooming gel

#ombrenails #bloominggelnailart #springnails
#pastelnails #springnails

Baby boomer nails
Ombre nails
Blooming gel
Pastel
Spring nails
Flower nails
Chrome nails
Chrome powder
Beetles gel polish",
ins,DXLEp1Gk9J3,2026-04-16,黄嘉丽,KOL品线推广,彩胶,混合套组,开箱,视频,,https://www.instagram.com/p/DXLEp1Gk9J3/,"fun fact : @beetlesgelpolish was the first gel polish brand I invested in when I started this business. I remember Nov 2019 Black Friday when their bundles were around $5-$6 😅💔 

#beetlesgelpolish #explorepage #gelnails #gelnailsdesign #gelnailart",
ins,DXLS25HEtUX,2026-04-16,黄嘉丽,KOL品线推广,彩胶,纯色,开箱;做款,视频,,https://www.instagram.com/p/DXLS25HEtUX/,"using SPRING SONATA 🌷 by @beetlesgelpolish use my code “Badgall10” to save $$ at checkout 

𝖻𝗈𝗈𝗄 𝘈𝘱𝘳𝘪𝘭🤍 
𝘢𝘷𝘢𝘪𝘭𝘢𝘣𝘪𝘭𝘪𝘵𝘺 𝘰𝘯 𝘮𝘺 𝘸𝘦𝘣𝘴𝘪𝘵𝘦 𝘭𝘪𝘯𝘬 𝘪𝘯 𝘣𝘪𝘰 𝘰𝘳 𝘮𝘦𝘴𝘴𝘢𝘨𝘦 𝘮𝘦 𝘵𝘰 𝘣𝘰𝘰𝘬 ୨ৎ

#nails #nailsofinstagram #nailsonfleek #instanails #nails2inspire #nailsinspiration #nailsporn #nailsnailsnails #nailsnailsnails #trendingreels #reelsinstagram #badgallnails #beetles #beetlesgelpolish #spokanewa #spokanenails #spokanenailtech",
ins,DXLicjViLaq,2026-04-16,黄嘉丽,KOL品线推广,功能胶,封层,做款,视频,,https://www.instagram.com/p/DXLicjViLaq/,do my nails with me 😋🤞 #rilakkuma #nails,
ins,DXLoNoUNxwj,2026-04-16,黄莉莎,KOL品线推广,彩胶,特色胶,开箱;刷色,视频,,https://www.instagram.com/p/DXLoNoUNxwj/,"Obsessed with these @beetlesgelpolish Petal Charm Cat Eye Gels
#nailart #beetlesgelpolish #diynails #nails #nailstutorial",
ins,DXMJKwHggJ3,2026-04-16,何嘉怡,KOL品线推广,彩胶,特色胶,做款;成品展示,视频,,https://www.instagram.com/p/DXMJKwHggJ3/,"ramune nails 🍧🌸✨🌊🧃
saw @thedevilwearspressons do this design and it looked so pretty! so i took all the jelly cat eye gel polishes i own and recreated it (as much as i could, but hers look better!). also added a silver cat eye gel for an ombré effect and cute little star glitters ✨

•

•

#cateyenails #springnails #ramunenails #easynailart #pastelnails",
ins,DXMeWkrEj8Y,2026-04-16,黄莉莎,KOL品线推广,彩胶,混合套组,做款,视频,1,https://www.instagram.com/p/DXMeWkrEj8Y/,,
tk,7629060764325645581,2026-04-16,何嘉怡,KOL品线推广,配件,透色,开箱;刷色,视频,,https://www.tiktok.com/@nailspiceee/video/7629060764325645581,"One coat, self-leveling, and HEMA free. What more could I askkkk for 😭
Excited to use these more in upcoming videos 🤎 @Beetles Nail Boutique 

#asmr #unboxingvideo #gelpolish #nailtech #nailvideos ",
tk,7629080973392514335,2026-04-16,何嘉怡,KOL品线推广,配件,美甲灯,开箱,视频,,https://www.tiktok.com/@realtnny/video/7629080973392514335,Thank you @BeetlesGelPolish for sending me goodies! 💓 Use code: UVTINA10 for 10% off ☺️ #beetlesgelpolish #beetlesmeowgiclamp #meowgicnaillamp #nail #unboxing ,
tk,7629089220354641165,2026-04-16,林盈盈,KOL品线推广,彩胶,混合套组,做款,视频,,https://www.tiktok.com/@aisebrush/video/7629089220354641165,"rustic cow print nails 🐄 🪩🖤

#nailinspo #nailtutorial #nailart #gelnails #nailtech

A rustic-inspired monochrome nail using a milky white base, abstract cow print style dots, and a chrome stud for a clean but elevated finish.

cow print nails, rustic nails aesthetic, chrome nail design, polka dot nails, minimal nail art, monochrome nails, milky white nails, abstract nail design, editorial nails, modern nail art, gel nail design, builder gel nails, aesthetic nails, simple nail ideas, trendy nails",
tk,7629098095451622677,2026-04-16,黄嘉丽,KOL品线推广,彩胶,透色,做款;成品展示,视频,,https://www.tiktok.com/@dipoliciousnailz/video/7629098095451622677,"✨🌸🤍 Pastel Blooming gel Flowers. These turned out so cute 😍

Products used
@BeetlesGelPolish 
CODE 👉🏼 BTANITAUS10
• Nb468
• e227 - coral
• 804 - pink
• e543 - yellow
• e279 - mint green
• 799 - white
• a494 - periwinkle 
• Blooming gel

#ombrenails #bloominggelnailart #springnails
#pastelnails #springnails

Baby boomer nails
Ombre nails
Blooming gel
Pastel
Spring nails
Flower nails
Chrome nails
Chrome powder
Beetles gel polish",
tk,7629114174366321934,2026-04-16,李伊芸,2026dealbox&PD,构建美甲,预构建甲片,开箱;做款;口播,视频,,https://www.tiktok.com/@johnmckenziiee/video/7629114174366321934,hai #nailart 🤠,
tk,7629119042497891597,2026-04-16,罗惠仪,KOL品线推广,假指甲,预构建甲片,开箱;口播,视频,,https://www.tiktok.com/@jenifermoreno_nailstudio/video/7629119042497891597,Soft Gel Tips ( Kit con Preparadores / Glue no wipe / base y top coat / lampara para pre-curado y 256 tips @BeetlesGelPolish #paratiiiiiiiiiiiiiiiiiiiiiiiiiiiiiii #tiktokshopcreatorpicks #nailsartvideos #tutorialnails #softgel ,
tk,7629151351796223245,2026-04-16,黄嘉丽,KOL品线推广,彩胶,混合套组,开箱,视频,,https://www.tiktok.com/@shopnailzbydom/video/7629151351796223245,"they have upgraded sooooo much since I discovered them in 2019 💕 @Beetles Nail Boutique 
#nailart #nailartist #gelnailsathome #gelnail ",
tk,7629158424936254750,2026-04-16,罗惠仪,KOL品线推广,彩胶,特色胶,开箱,视频,,https://www.tiktok.com/@cakesbyisaa/video/7629158424936254750,These shades are so pretty 😍 #ad #beetles #beetlesgelpolish #beetlespolish ,
tk,7629178827020799262,2026-04-16,林盈盈,KOL品线推广,假指甲,预构建甲片,开箱,视频,,https://www.tiktok.com/@klarizanailedit/video/7629178827020799262,Beetles unboxing!! #Beetlesgelpolish #BeetlesDealsBox #fyp #beginnernailtech #goviral @BeetlesGelPolish ,
tk,7629215600316861709,2026-04-16,林盈盈,2026dealbox&PD,配件,预构建甲片,开箱;口播,视频,,https://www.tiktok.com/@theycallmejuicyyyyy/video/7629215600316861709,THANK YOU @BeetlesGelPolish i appreciate you for trusting me with your products i also can’t wait to try my new @Dynamic Nail Supply store Acrylic powder VIDEO IS DROPPING SOON I GOTCHU i love yall #nailscheck #unboxingvideo #nailtechsupplies #nailmail #nailtok ,
tk,7629306242283982112,2026-04-16,何嘉怡,KOL品线推广,彩胶,特色胶,做款;成品展示,视频,,https://www.tiktok.com/@annas.nailfeed/video/7629306242283982112,"ramune nails 🍧🌸✨🌊🧃
saw @⋆♥The Devil Wears PressOns♥⋆ do this design and it looked so pretty! so i took all the jelly cat eye gel polishes i own and recreated it (as much as i could, but hers look better!). also added a silver cat eye gel for an ombré effect and cute little star glitters ✨

•

•

#cateyenails #springnails #ramunenails #easynailart #pastelnails",
tk,7629366789868129567,2026-04-16,何嘉怡,KOL品线推广,彩胶,特色胶,开箱;刷色,视频,,https://www.tiktok.com/@luxeloopl/video/7629366789868129567,"New Petal Charm @Beetles Nail Boutique HEMA Free Gel Polish Collection! I can’t wait to try new designs with these, this “Minty Gleam” is the shade I’ve been searching for! 

#beetlesgelpolish #cateyegel #summernails #nailtutorial #hemafree ",
tk,7629371056649800974,2026-04-16,罗惠仪,KOL品线推广,彩胶,混合套组,做款,视频,,https://www.tiktok.com/@andrea.c.bates/video/7629371056649800974,Yes 🙌 honey 🍯 fresh spring Gel-X set!! #fypシ #fyp #gelxnails #nails #beetlesgelpolish ,
tk,7629372119855500575,2026-04-16,何嘉怡,KOL品线推广,彩胶,特色胶,开箱,视频,,https://www.tiktok.com/@luxeloopl/video/7629372119855500575,"This is a judgement free zone.. no bullies allowed. This IS a serious question 😂

#beetlesgelpolish #cateyepolish #summernails #hemafree #missourinailtech ",
yt,FLcM7QORPOA,2026-04-16,林盈盈,2026母亲节礼盒,彩胶,混合套组,开箱;品牌向,视频,,https://www.youtube.com/watch?v=FLcM7QORPOA,BEST Mother’s Day Gift Box?! Chaotic Mom Life Vlog + Beetles Mani Time With Mom Unboxing LIMITED,
yt,Gsae7Y2Oy-E,2026-04-16,林盈盈,KOL品线推广,彩胶初学者套装,预构建甲片,做款,视频,,https://www.youtube.com/watch?v=Gsae7Y2Oy-E,DIY beginner nail art 🌸🍵,
yt,dVPO7gbe_Uw,2026-04-16,何嘉怡,KOL品线推广,彩胶,特色胶,做款;成品展示,视频,,https://www.youtube.com/watch?v=dVPO7gbe_Uw,ramune nails using cat eye gel polishes,
ins,DXI9xSdiHS0,2026-04-15,黄嘉丽,KOL品线推广,彩胶,纯色,开箱;做款,视频,,https://www.instagram.com/p/DXI9xSdiHS0/,"amazon link in my bio 🩷 code: CLLODUS10 

beetles gel polish just dropped THE nail kits of spring/summer!! spring sonata comes with 30 hema free gel polishes and the gel tips complete the look 🤭🤞🏼 @beetlesgelpolish 

#springnails #summernails #nailtutorial #beetlesgelpolish #nails",
ins,DXIIde-Euiv,2026-04-15,黄莉莎,KOL品线推广,穿戴甲,功能胶套组,创意,视频,,https://www.instagram.com/p/DXIIde-Euiv/,"This song never gets old
.
.
.
#fyp #fashion #ootd #maximalism #whimsical",
ins,DXIUjkTD33s,2026-04-15,李伊芸,KOL品线推广,彩胶初学者套装,甲片延长套组,成品展示,视频,,https://www.instagram.com/p/DXIUjkTD33s/,"Basic to blooming 🌸💅 using @beetlesgelpolish stiletto tips for the perfect Spring set 

➡️ @nailedbysariah ⬅️ #beetlesnailpolish #beetlesnailnook #stilettonails #beetlestipexlite @beetlesgelpolish",
ins,DXIXu0REjtb,2026-04-15,黄嘉丽,KOL品线推广,彩胶,纯色,成品展示,图片,,https://www.instagram.com/p/DXIXu0REjtb/,"🌸

using SPRING SONATA 🌷 by @beetlesgelpolish use my code “Badgall10” to save $$ at checkout 

𝖻𝗈𝗈𝗄 𝘈𝘱𝘳𝘪𝘭🤍 
𝘢𝘷𝘢𝘪𝘭𝘢𝘣𝘪𝘭𝘪𝘵𝘺 𝘰𝘯 𝘮𝘺 𝘸𝘦𝘣𝘴𝘪𝘵𝘦 𝘭𝘪𝘯𝘬 𝘪𝘯 𝘣𝘪𝘰 𝘰𝘳 𝘮𝘦𝘴𝘴𝘢𝘨𝘦 𝘮𝘦 𝘵𝘰 𝘣𝘰𝘰𝘬 ୨ৎ

#nails #nailsofinstagram #nailsonfleek #instanails #nails2inspire #nailsinspiration #nailsporn #nailsnailsnails #nailsnailsnails #trendingreels #reelsinstagram #badgallnails #beetles #beetlesgelpolish #spokanewa #spokanenails #spokanenailtech",
ins,DXIgi6VkUqM,2026-04-15,高咏欣,2026母亲节礼盒,彩胶,混合套组,开箱;口播,视频,,https://www.instagram.com/p/DXIgi6VkUqM/,"Mani time with mom 🤰🏻🌸💅📸💕
Acompáñame a hacer unboxing de esta maravillosa colección que estuvo lanzando @beetlesgelpolish por el día de las madres ,utilizan mi código IVANIA10 para obtenerla ,al igual que cualquier producto de la marca con un 10% off",
ins,DXJ43ZakVdP,2026-04-15,黄嘉丽,2026母亲节礼盒,彩胶,混合套组,开箱;创意,视频,1,https://www.instagram.com/p/DXJ43ZakVdP/,"I let my daughter do my nails and honestly this might be my favorite kind of bonding time 💅

we opened the Beetles Mani Time with Mom collection together, went through everything inside, and swatched every single shade

so soft, so pretty, and such a special little moment we get to share

this is the sweetest gift idea for mom or for making memories together at home

shop it here
https://www.amazon.com/dp/B0G4BZLD38?maas=maas_adg_1D788FACE2C1CA2600BE84F29D9D42D4_afap_abs&ref_=aa_maas&tag=maas

use code BTMAGEN10 for 10% off😍
@beetlesgelpolish 

#beetlesgelpolish #BeetlesManiTimewithMom #ManiTimeWithMom",
ins,DXJNB-LOold,2026-04-15,黄莉莎,KOL品线推广,彩胶,混合套组,开箱;刷色,视频,,https://www.instagram.com/p/DXJNB-LOold/,"30 Shades of Pastel 🌸 HEMA Free  @beetlesgelpolish 
#beetlesgelpolish #nailart #nails #springnails #nailstutorial",
ins,DXKDmUvDAtl,2026-04-15,林盈盈,KOL品线推广,彩胶初学者套装,四指灯套装,做款,视频,1,https://www.instagram.com/p/DXKDmUvDAtl/,"ad • lavender floral nail inspo for spring💜🌸🌿🫧

using @beetlesgelpolish ‘color enchantment’ gel nail kit - link in bio, code ‘simlynail’ to save 10%✨

#gelnails #nailinspo #floralnails #nailart",
ins,DXKEDINAMSr,2026-04-15,周紫月,2026母亲节礼盒,彩胶,混合套组,开箱;做款;创意,视频,,https://www.instagram.com/p/DXKEDINAMSr/,"Mother’s Day nail challenge — final result 💕💅
went for soft florals and pink details, such a cute combo

created with @BeetlesGelPolish Mani Time with Mom set ✨

#beetlesgelpolish #BeetlesManiTimewithMom #ManiTimeWithMom #nailchallenge #mothersdaygifts",
tk,7628649420103388447,2026-04-15,何嘉怡,KOL品线推广,彩胶,纯色,做款;成品展示,视频,,https://www.tiktok.com/@randa.rosa/video/7628649420103388447,"Puerto Rico nails pt.2/2 ✅ 

#puertorico #nails #hispanic #beauty #travel ",
tk,7628663658825944350,2026-04-15,黄莉莎,KOL品线推广,配件,美甲灯,开箱;口播,视频,,https://www.tiktok.com/@thecoachsamantha/video/7628663658825944350,This is going to save me so much monies. #nailtok ,
tk,7628695805356100872,2026-04-15,李伊芸,2026母亲节礼盒,彩胶,混合套组,开箱;口播,视频,,https://www.tiktok.com/@autumnnggrwm/video/7628695805356100872,@BeetlesGelPolish haul tysm!! #beetlesgelpolish #nailhaul #prhaul #gelxnails #nailinspo ,
tk,7628713604157639966,2026-04-15,何嘉怡,KOL品线推广,彩胶,纯色,成品展示,视频,,https://www.tiktok.com/@randa.rosa/video/7628713604157639966,"Estoy listaaa🤪🇵🇷✨

#nails #puertorico #hispanic #longnails #travel ",
tk,7628726401524419871,2026-04-15,黄莉莎,KOL品线推广,穿戴甲,功能胶套组,创意,视频,,https://www.tiktok.com/@_.pixiq._/video/7628726401524419871,This song will never get old #fyp #fashion #maximalism #whimsical #ootd ,
tk,7628737738379939102,2026-04-15,周紫月,KOL品线推广,配件,美甲灯,开箱;口播;教程,视频,,https://www.tiktok.com/@mrs.manicure/video/7628737738379939102,"no more air bubbles from bumping your nails!💅 
#flashcurelamp #diynails #nailtok #nailsathome #nailhack ",
tk,7628743701505887502,2026-04-15,何嘉怡,KOL品线推广,假指甲,预构建甲片,做款;成品展示,视频,,https://www.tiktok.com/@nailspiceee/video/7628743701505887502,"Maximalist mood board set 🐅 

Products linked in my showcase and my Amazon storefront in bio 🤎

#nailart #moodboard #nailinspo #workwithme #nailtech ",
tk,7628757385028422925,2026-04-15,马明慧,KOL品线推广,穿戴甲,UV穿戴甲,开箱;做款,视频,,https://www.tiktok.com/@gingernailco/video/7628757385028422925,"These milky white nail tips are a GAME CHANGER! They save so much time and have the most beautiful, natural milky white base 👩🏼‍🍳💋 @BeetlesGelPolish #beetlesgelpolish #milkywhite #pressonnails #nailart #chromenails ",
tk,7628780118873361695,2026-04-15,林盈盈,2026dealbox&PD,彩胶初学者套装,胶水,开箱,视频,,https://www.tiktok.com/@klarizanailedit/video/7628780118873361695,Beetles nail unboxing!!   #Beetlesgelpolish #BeetlesDealsBox #fyp #beginnernailtech #gel @BeetlesGelPolish ,
tk,7628787278176865550,2026-04-15,马明慧,KOL品线推广,穿戴甲,穿戴甲款式,开箱;做款;口播,视频,,https://www.tiktok.com/@delilah.ar3te/video/7628787278176865550,I love these and pretty durable so far it’s been a week! @BeetlesGelPolish #beetlespressonnails #pressonnails #milkynails #cutepressonnails #diynails ,
tk,7628798272185928973,2026-04-15,黄莉莎,KOL品线推广,彩胶初学者套装,四指灯套装,创意,视频,,https://www.tiktok.com/@nailzby.lilz/video/7628798272185928973,Why not something more funn! Don’t get me wrong a French tip set is good once in while 😒 #jokes #realatable #nailtok #fouryoupage #fyp ,
tk,7628801403674201375,2026-04-15,李伊芸,2026母亲节礼盒,彩胶,混合套组,开箱;口播,视频,,https://www.tiktok.com/@iylaajune/video/7628801403674201375,Beetles Mani time with Mom unboxing💐💅 Go to Part 2 to see the nails!! #mothersdaygiftideas #BeetlesManiTimewithMom #ManiTimeWithMom #nailhaul #nailtech @BeetlesGelPolish ,
tk,7628804125693611278,2026-04-15,林盈盈,2026dealbox&PD,配件,预构建甲片,开箱,视频,,https://www.tiktok.com/@alora_drew/video/7628804125693611278,over here we LOVE @BeetlesGelPolish #beetlesgelpolish #beetlesboxdeal #nails #tutorial #fyp ,
tk,7628811249026895117,2026-04-15,林盈盈,KOL品线推广,彩胶,混合套组,开箱,视频,,https://www.tiktok.com/@cibxcelly/video/7628811249026895117,Let’s open @BeetlesGelPolish Dessert Feast HEMA FREE set together ✨ LINK IN BIO 10% OFF “CIBXCELLY10” #beetlesgelpolish #beetlesnailnook #Springnails #BeetlesFlatX #fypage ,
tk,7628827814485069069,2026-04-15,黄嘉丽,KOL品线推广,彩胶初学者套装,胶水,做款,视频,,https://www.tiktok.com/@_aaiyylinnn/video/7628827814485069069,"do my nails with me⭐️ 
@dndgel @Modelones @Dionis Goat Milk Skincare @BeetlesGelPolish @SUNUV 
@Makartt Official @MakarttOfficial 
@ORLY Beauty 
#nails#gelx#diynailsathome#nailinspo #fypviral ",
tk,7628846612697156895,2026-04-15,黄嘉丽,KOL品线推广,彩胶,纯色,开箱;做款,视频,,https://www.tiktok.com/@lodusnails/video/7628846612697156895,"doing your own nails has never been easier! 🤭🩷 

@BeetlesGelPolish #beetlesgelpolish #summernails #nailtutorial #nails #fyp  ",
tk,7628882856227458335,2026-04-15,何嘉怡,KOL品线推广,彩胶,纯色,开箱;口播;刷色,视频,,https://www.tiktok.com/@pressedbymariaa/video/7628882856227458335,"let’s swatch the new beetles spring sonata collection. in love with the colors and formula! 
#beetlesgelpolish#springnails#unboxandswatchwithme#nails#swatching",
tk,7628989287098338590,2026-04-15,李伊芸,2026母亲节礼盒,彩胶,混合套组,做款,视频,,https://www.tiktok.com/@iylaajune/video/7628989287098338590,Beetles Mani Time With Mom in my Linktree! My mom always deserves the best💐💅 use code BYIYLAAJUNE for 10% off! #BeetlesManiTimewithMom #ManiTimeWithMom #mothersdaygiftideas #nailhaul #beetlespolish @BeetlesGelPolish ,
tk,7628994497682148630,2026-04-15,何嘉怡,2026母亲节礼盒,配件,美甲灯,做款;成品展示,视频,,https://www.tiktok.com/@nailedbythea/video/7628994497682148630,Ad| Do my nails with me using the new Mani Time With Mom kit and Meowgic Strawpurr lamp from @BeetlesGelPolish💕 Use code TPTHEA10 for 10% off💗  #beetlesgelpolish #beetlesmanitimewithmom #manitimewithmom #beetlesmeowgiclamp #meowgicnaillamp ,
tk,7628997585541336351,2026-04-15,何嘉怡,KOL品线推广,穿戴甲,UV穿戴甲,开箱;口播,视频,,https://www.tiktok.com/@klocaff/video/7628997585541336351,Replying to @Keri | Content Creator🎀 beetles natural milky white press on nails 🤍✨ @BeetlesGelPolish #beetlesnaturalmilky #beetlesgelpolish #pressonnails #pressons #nailtok ,
tk,7629004056899407117,2026-04-15,周紫月,KOL品线推广,彩胶,纯色,开箱;口播,视频,,https://www.tiktok.com/@aaliyahbnails/video/7629004056899407117,"Loving this spring collection from Beetles.

#nailfinds #diynails #tiktokshop #diynailsathome #nails💅 ",
tk,7629004111207288077,2026-04-15,高咏欣,KOL品线推广,穿戴甲,穿戴甲款式,做款;口播,视频,,https://www.tiktok.com/@nihyamonique/video/7629004111207288077,these are sooo cutesy😍🫖🤍@Beetles Nail Boutique #beetlesgelpolish #beetlesnaturalmilky,
tk,7629005130641247501,2026-04-15,周紫月,2026母亲节礼盒,彩胶,混合套组,开箱;做款;创意,视频,,https://www.tiktok.com/@voloshka_purple/video/7629005130641247501,"Mother’s Day nail challenge — final result 💕💅
went for soft florals and pink details, such a cute combo

created with @BeetlesGelPolish Mani Time with Mom set ✨

#beetlesgelpolish #BeetlesManiTimewithMom #ManiTimeWithMom #nailchallenge #mothersdaygifts ",
tk,7629010878683270422,2026-04-15,林盈盈,KOL品线推广,彩胶初学者套装,四指灯套装,做款,视频,1,https://www.tiktok.com/@simlynail/video/7629010878683270422,"ad • lavender floral nail inspo for spring💜🌸🌿🫧

using @BeetlesGelPolish ‘color enchantment’ gel nail kit - link in bio, code ‘simlynail’ to save 10%✨

#gelnails #nailinspo #floralnails #nailart",
yt,XKN-KqpvKKU,2026-04-15,黄嘉丽,KOL品线推广,彩胶,透色,做款;成品展示,视频,,https://www.youtube.com/watch?v=XKN-KqpvKKU,✨🌸🫧 Pastel Blooming Flowers,
yt,hYJKP2OX11g,2026-04-15,周紫月,2026母亲节礼盒,彩胶,混合套组,开箱;做款;创意,视频,,https://www.youtube.com/watch?v=hYJKP2OX11g,@BeetlesGelPolish Mani Time with Mom set ✨,
yt,rUkkaDFSjDc,2026-04-15,黄莉莎,KOL品线推广,彩胶,混合套组,开箱;刷色,视频,,https://www.youtube.com/watch?v=rUkkaDFSjDc,Dessert Feast Gel Nail Kit 🌸 HEMA Free,
ins,DXF-kkttE07,2026-04-14,黄莉莎,KOL品线推广,彩胶,特色胶,做款,视频,,https://www.instagram.com/p/DXF-kkttE07/,"@beetlesgelpolish Easy Spring Bee Nails | Petal Charm Cat Eye Kit + Tipex Lite Almond | Beginner Friendly Nails at Home 🌼

#beetlesgelpolish #diynails #nailart #springnails #nails",
ins,DXFa_nFEVBQ,2026-04-14,何嘉怡,KOL品线推广,彩胶,混合套组,做款;成品展示,视频,,https://www.instagram.com/p/DXFa_nFEVBQ/,"trying to make as many designs as I can with the new Beetles collection ! hope this helps someone recreate the flowers and pearl tips 🥰 

💛 everything is available on my tiktok showcase! 

#nailinspo #beetlesgelpolish #nailsathome #pearlnails #nailtutorialsforbeginners",
ins,DXFlCjGjyVI,2026-04-14,黄嘉丽,KOL品线推广,彩胶初学者套装,四指灯套装,开箱,视频,1,https://www.instagram.com/p/DXFlCjGjyVI/,"@beetlesgelpolish 

#beetlesgelpolish #maryammkamall #explore #explorepage #fyp",
ins,DXFna46khvM,2026-04-14,黄莉莎,KOL品线推广,穿戴甲,功能胶套组,做款;口播;成品展示,视频,,https://www.instagram.com/p/DXFna46khvM/,"Thank you so much @beetlesgelpolish !! These nails were adorbs 💕 
.
.
.
#beetlesgelpolish #fyp #fashion #maximalism #whimsical",
ins,DXFnl5fkgrj,2026-04-14,黄莉莎,KOL品线推广,穿戴甲,功能胶套组,创意,视频,,https://www.instagram.com/p/DXFnl5fkgrj/,"SO CUTE I LOVE THIS FIT
.
.
.
 #fyp #fashion #maximalism #whimsical #OOTD",
ins,DXGEMPKjEQS,2026-04-14,何嘉怡,KOL品线推广,彩胶,特色胶,开箱;做款;口播,视频,,https://www.instagram.com/p/DXGEMPKjEQS/,Love these colors🩷 linked on my Amazon storefront ✨,
ins,DXHXvFlgoEk,2026-04-14,何嘉怡,KOL品线推广,彩胶,特色胶,做款;成品展示,视频,,https://www.instagram.com/p/DXHXvFlgoEk/,"cat eye blooming flowers 🌸✨🌷☁️
using a pink cat eye gel polish as a base for some white blooming gel flowers for the ultimate cherry blossom vibes 🌸🤍

•

•

#cateyenails #springnails #flowernails #bloominggel #easynailart",
tk,7628125046984183071,2026-04-14,马明慧,KOL品线推广,穿戴甲,穿戴甲款式,成品展示,视频,,https://www.tiktok.com/@marinasworlddd/video/7628125046984183071,@Beetles Nail Boutique #whitenails #pressonnails #beetlesgelpolish #squarenails #shortnails ,
tk,7628125728323783966,2026-04-14,马明慧,KOL品线推广,穿戴甲,穿戴甲款式,成品展示,视频,,https://www.tiktok.com/@marinasworlddd/video/7628125728323783966,@Beetles Nail Boutique #cleangirlnails #shortnails #whitenails #naturalnails #pressonnails ,
tk,7628278853554818334,2026-04-14,罗惠仪,KOL品线推广,假指甲,甲片,做款;口播,视频,,https://www.tiktok.com/@_faithelizabeth/video/7628278853554818334,do my nails with me! #singlemom #teenmom #19andpregnant #firsttimemom #nailvlog ,
tk,7628319148996578582,2026-04-14,黄嘉丽,KOL品线推广,彩胶初学者套装,四指灯套装,做款,视频,,https://www.tiktok.com/@mariane_mkl/video/7628319148996578582,"1 Day 1 Design💅🏻 | 2016 Thumblr Era Edition ✌🏻🕶️ | 

• Gel 3D de chez @⚡️ Lili Creuk Shop ⚡️ 
•VSP de chez:
@BeetlesGelPolish 

#nailarttutorial #naildesigns #2016throwback #2016vibes   #pourtoiii ",
tk,7628337870293503262,2026-04-14,何嘉怡,KOL品线推广,彩胶,混合套组,做款;成品展示,视频,,https://www.tiktok.com/@maina_does_nails/video/7628337870293503262,"trying to make as many designs as I can with the new Beetles collection ! hope this helps someone recreate the flowers and pearl tips 🥰 

💛 everything is available on my tiktok showcase! 

#nailinspo #beetlesgelpolish #nailsathome #pearlnails #nailtutorialsforbeginners ",
tk,7628358243022130462,2026-04-14,何嘉怡,KOL品线推广,彩胶,纯色,做款,视频,,https://www.tiktok.com/@randa.rosa/video/7628358243022130462,"Puerto Rico nails 🥭✨😝

#nails #puertorico #spanish #travel ",
tk,7628360713811102997,2026-04-14,黄嘉丽,KOL品线推广,彩胶初学者套装,四指灯套装,开箱,视频,,https://www.tiktok.com/@maryammkamall/video/7628360713811102997,"@BeetlesGelPolish 

#beetlesgelpolish #maryammkamall #fyp ",
tk,7628361140485098765,2026-04-14,何嘉怡,KOL品线推广,配件,美甲灯,开箱,视频,,https://www.tiktok.com/@hazel.palacios/video/7628361140485098765,The cutest for gel X🤍 @BeetlesGelPolish #naillamp #flashcurelamp #nails #nailart ,
tk,7628365135270169886,2026-04-14,黄莉莎,KOL品线推广,穿戴甲,功能胶套组,做款;口播;成品展示,视频,,https://www.tiktok.com/@_.pixiq._/video/7628365135270169886,Thank you so much @BeetlesGelPolish !! These nails were adorbs 💕 #beetlesgelpolish #fyp #fashion #maximalism #whimsical ,
tk,7628365415634193695,2026-04-14,黄莉莎,KOL品线推广,穿戴甲,功能胶套组,创意,视频,,https://www.tiktok.com/@_.pixiq._/video/7628365415634193695,SO CUTE I LOVE THIS FIT #fyp #fashion #maximalism #whimsical #ootd ,
tk,7628413410622917919,2026-04-14,周紫月,2026dealbox&PD,构建美甲,捏捏胶,做款;口播,视频,,https://www.tiktok.com/@s.renee_nailz/video/7628413410622917919,Use code: STSRENEE so save 10%. Summer pool nail!! @BeetlesGelPolish #beetlesgelpolish #springnails ,
tk,7628414638601850125,2026-04-14,林盈盈,KOL品线推广,构建美甲,捏捏胶,做款,视频,,https://www.tiktok.com/@aisebrush/video/7628414638601850125,"Why do I do this 😭 and why is this audio still funny 20 yrs later 

#nails #fyp #nailart #nailtech #diynails 

Trending, candy apple nails, apple nails, funky nails, viral video, beginner nail tech, 3d nail art, gel-x nails",
tk,7628417452501699854,2026-04-14,马明慧,KOL品线推广,穿戴甲,穿戴甲款式,开箱;做款,视频,,https://www.tiktok.com/@lele_lychee/video/7628417452501699854,"Thank you @BeetlesGelPolish for the nails 🤍🤍 
#fyp #beetlesgelpolish #pressonnails #diynails #milkywhitenails💅🤍 ",
tk,7628422480880815391,2026-04-14,林盈盈,KOL品线推广,配件,预构建甲片,开箱,视频,,https://www.tiktok.com/@stellifiednails/video/7628422480880815391,don’t even comment on my face 😑😭 @BeetlesGelPolish #beetlesgelpolish #beetlesdealbox #nailtech #stellifiednails #fyp ,
tk,7628430204309867790,2026-04-14,何嘉怡,KOL品线推广,彩胶,特色胶,开箱;做款;口播,视频,,https://www.tiktok.com/@glammedbeauty/video/7628430204309867790,Felt like doing some color 🥰🩷#polishwithme #fyp #workwithme #foryoupage #gelxnails ,
tk,7628526165178748180,2026-04-14,黄嘉丽,2026母亲节礼盒,彩胶,混合套组,开箱;成品展示,视频,,https://www.tiktok.com/@ybukiii/video/7628526165178748180,Best gift for Mother’s Day! Use my code BTYBUKI10 for 10% discount! 💐 @BeetlesGelPolish #beetlesgelpolish #BeetlesManiTimewithMom #ManiTimeWithMom ,
tk,7628597761054608653,2026-04-14,林盈盈,KOL品线推广,配件,胶水,做款;口播,视频,,https://www.tiktok.com/@amieesantillan/video/7628597761054608653,"The cutest nails I’ve done yet ! 💅

I had so much fun creating this set using @BeetlesGelPolish 

I’m obsessed with how each nail turned out! 

(Link in my bio) 
Use my code AMIEENAIL10 for 10% off✨ 

#beetlesgelpolish #beetlesnailnook #springnails #BeetlesFlatX",
tk,7628618054435425568,2026-04-14,何嘉怡,KOL品线推广,彩胶,特色胶,做款;成品展示,视频,,https://www.tiktok.com/@annas.nailfeed/video/7628618054435425568,"cat eye blooming flowers 🌸✨🌷☁️
using a pink cat eye gel polish as a base for some white blooming gel flowers for the ultimate cherry blossom vibes 🌸🤍

•

•

#cateyenails #springnails #flowernails #bloominggel #easynailart",
tk,7628635613389999391,2026-04-14,何嘉怡,2026母亲节礼盒,彩胶,混合套组,开箱,视频,,https://www.tiktok.com/@klocaff/video/7628635613389999391,she deserves more than flowers this year 🥹💐🤍 #mothersdaygiftideas #mothersday #beetlesgelpolish #nailtok #nails @BeetlesGelPolish ,
yt,5R78DLzhcYg,2026-04-14,黄嘉丽,KOL品线推广,彩胶,纯色,开箱;做款,视频,,https://www.youtube.com/watch?v=5R78DLzhcYg,NEW Beetles Spring Sonata Nail Kit ☀️🌈,
yt,CyWdLZbSlss,2026-04-14,何嘉怡,KOL品线推广,彩胶,特色胶,做款;成品展示,视频,,https://www.youtube.com/watch?v=CyWdLZbSlss,cat eye & blooming gel nails,
yt,vUlAAVvlK_0,2026-04-14,黄莉莎,KOL品线推广,彩胶,特色胶,做款,视频,,https://www.youtube.com/watch?v=vUlAAVvlK_0,‪@beetlesgelpolish‬,
ins,DXC_-cpA3jM,2026-04-13,周紫月,2026dealbox&PD,彩胶,纯色,开箱;口播,视频,,https://www.instagram.com/p/DXC_-cpA3jM/,"Unboxing  a huge box 📦 🩷 
Thank you @beetlesgelpolish  for the products I cant wait to use them , Discount Code Tinti10 
🔗 Link in my BIO

●20 colors gel nail polish set 
●spring sonata gel polish with 30 colors 
●base and top coat pro 
●Mani time with mom 

#beetlesgelpolish #springnails #springgelnails #unboxing #gelpolish",
ins,DXC_Q2CEblD,2026-04-13,黄嘉丽,KOL品线推广,彩胶,混合套组,做款;口播,视频,,https://www.instagram.com/p/DXC_Q2CEblD/,10 of ME🤭💅🩷🖍️,
ins,DXDcwmrkTTM,2026-04-13,周紫月,KOL品线推广,构建美甲,透色,做款,视频,,https://www.instagram.com/p/DXDcwmrkTTM/,"nails at home asmr🩵🦋🐬 

comment NAILS and I'll send you the links to the products🫶🏽🔗

also available on my amzn storefront✨ link in bio 

giving coachella, summer vibes🌊☀️

#nails #asmr #diy #justinbieber #coachella",
tk,7627724186575801630,2026-04-13,何嘉怡,KOL品线推广,穿戴甲,UV穿戴甲,开箱,视频,,https://www.tiktok.com/@iriiebug/video/7627724186575801630,getting ready for summer time w skincare!!! lots of sunscreen ,
tk,7627911313460579614,2026-04-13,李伊芸,KOL品线推广,彩胶,预构建甲片,开箱,视频,,https://www.tiktok.com/@nayah.luz/video/7627911313460579614,Should I lowk start doing more nail videos ?! #fyp #grwm #pr #beetlesgelpolish #beetlestipex @BeetlesGelPolish ,
tk,7627976121862081805,2026-04-13,黄嘉丽,KOL品线推广,彩胶初学者套装,甲片延长套组,开箱;口播,视频,,https://www.tiktok.com/@bella.hauls63/video/7627976121862081805,thank you so much beetles!! 💅💅cannot wait to try this out! @BeetlesGelPolish #beetlesgelpolish #beetlesnailnook #springnails #diynails #creatorsearchinsights ,
tk,7627986868361039117,2026-04-13,黄嘉丽,KOL品线推广,彩胶,混合套组,做款;口播,视频,,https://www.tiktok.com/@llolfashiondump/video/7627986868361039117,10 of ME😛🎀💘,
tk,7627987160381082893,2026-04-13,何嘉怡,KOL品线推广,假指甲,甲片延长套组,开箱;成品展示,视频,,https://www.tiktok.com/@sets_byles/video/7627987160381082893,"Loved this Gel X kit💗✨

-

-

-

-

-

#gelxnails #nailsartvideos #nailtech #nailart #fyp ",
tk,7627993765822647565,2026-04-13,周紫月,2026dealbox&PD,彩胶,纯色,开箱;口播,视频,,https://www.tiktok.com/@tinti_nails2/video/7627993765822647565,"Unboxing  a huge box 📦 🩷 
Thank you @BeetlesGelPolish   for the products I cant wait to use them , Discount Code Tinti10 

●20 colors gel nail polish set 
●spring sonata gel polish with 30 colors 
●base and top coat pro 
●Mani time with mom 

#beetlesgelpolish #gelpolish #nailmail #springnails #unboxingnails ",
tk,7628000725510999309,2026-04-13,林盈盈,2026dealbox&PD,配件,预构建甲片,开箱,视频,,https://www.tiktok.com/@livewithanna/video/7628000725510999309,unbox my @BeetlesGelPolish pr package with me! use the code LIVEWITHANNA on the Beetle’s Store on amazon for $$$ off!! #nail #pr #unboxing #fyp #viral ,
tk,7628012978213834014,2026-04-13,李伊芸,2026dealbox&PD,穿戴甲,预构建甲片,开箱,视频,,https://www.tiktok.com/@winn.kennedy/video/7628012978213834014,nail supplies PR haul @BeetlesGelPolish #pr #prhaul #unboxing #nails #gelx,
tk,7628044573062728991,2026-04-13,何嘉怡,KOL品线推广,配件,美甲灯,开箱;口播;教程,视频,,https://www.tiktok.com/@pressedbymariaa/video/7628044573062728991,"unbox with me the beetles meowgic nail lamp 
-
-
-
-
#nails#uvlamp#beetlesgelpolish@BeetlesGelPolish",
tk,7628052828317043986,2026-04-13,周紫月,KOL品线推广,构建美甲,透色,做款,视频,,https://www.tiktok.com/@dianajbz/video/7628052828317043986,nails at home asmr🩵🐬🦋 #nails #asmr #nailsathome #diynails #fyp ,
tk,7628258733277203725,2026-04-13,周紫月,2026母亲节礼盒,彩胶,混合套组,开箱;口播,视频,,https://www.tiktok.com/@averyy.tuckerr/video/7628258733277203725,"Come unbox another gorgeous collection by @BeetlesGelPolish | Mothers Day Manis 🎀💐 | Code avery10 for 10% off AND the collection is currently on sale for $130 va the original price $160 
#unboxingvideo #collection #nailproducts #motherdaygift #beetlesgelpolish ",
yt,6M8IfH1Kw1s,2026-04-13,何嘉怡,KOL品线推广,彩胶,混合套组,做款;成品展示,视频,,https://www.youtube.com/watch?v=6M8IfH1Kw1s,2d flower pearl nails for the dainty girls 🙂‍↕️,
yt,Hvn8CouVjDQ,2026-04-13,周紫月,KOL品线推广,构建美甲,构建胶,做款;口播;教程,视频,,https://www.youtube.com/watch?v=Hvn8CouVjDQ,how to become a PRO at gel x nails | *advanced* nail art tutorial + amazon products,
yt,Vt0YCg20fX8,2026-04-13,黄莉莎,KOL品线推广,彩胶,特色胶,开箱;做款;口播,视频,,https://www.youtube.com/watch?v=Vt0YCg20fX8,Trying @beetlesgelpolish Petal Charm Cat Eye Gel Set 🌸 Beginner Friendly Nails | Spring Bee Nails 🐝,
ins,DXAI23UEc3h,2026-04-12,黄莉莎,KOL品线推广,穿戴甲,UV穿戴甲,开箱;做款,视频,,https://www.instagram.com/p/DXAI23UEc3h/,"Soft milky white = clean, effortless, and always luxury 🤍 these natural tips give that perfect “your nails but better” look while saving so much time in the chair. Lightweight, easy to shape, and flawless for any design from minimal to full art.

Shop: Beetles Natural Milky White Nail Tips
Use code DTNETHAN10 for savings ✨

#beetlesgelpolish #BeetlesNaturalMilky #BeetlesNaturalMilkyWhite #BeetlesNaturalMilkynailtips",
ins,DXALSgTD_ms,2026-04-12,黄嘉丽,KOL品线推广,彩胶,纯色,成品展示,图片,,https://www.instagram.com/p/DXALSgTD_ms/,"Picnic freestyle 🌸🍎🍋🌱🍓

using SPRING SONATA 🌷 by @beetlesgelpolish use my code “Badgall10” to save $$ at checkout 

𝖻𝗈𝗈𝗄 𝘈𝘱𝘳𝘪𝘭🤍 
𝘢𝘷𝘢𝘪𝘭𝘢𝘣𝘪𝘭𝘪𝘵𝘺 𝘰𝘯 𝘮𝘺 𝘸𝘦𝘣𝘴𝘪𝘵𝘦 𝘭𝘪𝘯𝘬 𝘪𝘯 𝘣𝘪𝘰 𝘰𝘳 𝘮𝘦𝘴𝘴𝘢𝘨𝘦 𝘮𝘦 𝘵𝘰 𝘣𝘰𝘰𝘬 ୨ৎ

#nails #nailsofinstagram #nailsonfleek #instanails #nails2inspire #nailsinspiration #nailsporn #nailsnailsnails #nailsnailsnails #trendingreels #reelsinstagram #badgallnails #beetles #beetlesgelpolish #spokanewa #spokanenails #spokanenailtech",
ins,DXAg7ybEeFC,2026-04-12,周紫月,KOL品线推广,配件,胶水,教程,视频,,https://www.instagram.com/p/DXAg7ybEeFC/,nails at home💅🏽💌👠🍿 #nails #asmr #nailsathome #diynails #nailinspo,
ins,DXAj2nOESZB,2026-04-12,李伊芸,2026母亲节礼盒,彩胶,混合套组,开箱;口播,视频,,https://www.instagram.com/p/DXAj2nOESZB/,@beetlesgelpolish #BeetlesManiTimewithMom #ManiTimeWithMom #nails #nailsnailsnails #gelpolishes,
ins,DXAkF8bERzu,2026-04-12,李伊芸,2026母亲节礼盒,彩胶,混合套组,刷色,视频,,https://www.instagram.com/p/DXAkF8bERzu/,@beetlesgelpolish #BeetlesManiTimewithMom #ManiTimeWithMom #nails #begginernailtech #nailpolish,
ins,DXCQw3QgGA5,2026-04-12,周紫月,2026母亲节礼盒,彩胶,混合套组,开箱;做款;创意,视频,1,https://www.instagram.com/p/DXCQw3QgGA5/,"Mother’s Day nail challenge with @beetlesgelpolish 💕💅
using the Beetles Mani Time with Mom set — such a cute idea for matching nails

#beetlesgelpolish #BeetlesManiTimewithMom #ManiTimeWithMom #nailchallenge #mothersdaygifts",
tk,7627536342943026454,2026-04-12,何嘉怡,KOL品线推广,假指甲,预构建甲片,教程,视频,,https://www.tiktok.com/@nailedbythea/video/7627536342943026454,Extending short nails tutorial🤍 #nailtech #shortnails #nailtutorialsforbeginners #longnails #extensions ,
tk,7627558330273156383,2026-04-12,黄莉莎,KOL品线推广,彩胶初学者套装,四指灯套装,开箱,视频,,https://www.tiktok.com/@iamdominicfranco/video/7627558330273156383,"tour my at-home nail setup 🤭💅🏽

@BeetlesGelPolish #beetlesgelpolish #nail #girlythings #justagirl #sabrinacarpenter ",
tk,7627565550721305878,2026-04-12,黄嘉丽,KOL品线推广,彩胶初学者套装,四指灯套装,做款,视频,,https://www.tiktok.com/@mariane_mkl/video/7627565550721305878,"1 Day 1 Design 💅🏻 | Cerisa Edition 🍒 | J’ajoute lesquels pour les prochains mes stars 🌟 ?

• Produits 3D de chez @⚡️ Lili Creuk Shop ⚡️ 
•VSP de chez :
-@Peggy Sage Paris 
-@BeetlesGelPolish 
-@Makartt Official 
-@CANNI Gel Nail Polish 
-@Ongle24Officiel 

@OnlyMoviesFr 🍒

#nailarttutorial #naildesigns #nailbook #skibiditentafruit #pourtoiii",
tk,7627601944319741197,2026-04-12,罗惠仪,KOL品线推广,配件,美甲灯,开箱;口播,视频,,https://www.tiktok.com/@nails.bysixx/video/7627601944319741197,BEETLES GOOSE NECK PAW SHAPE NEW UV LAMP  IM ABSOLUTELY OBSESSED #beetles #beetlesgelpolish #beetlesgelx #fyp #uvlamp ,
tk,7627629905085271327,2026-04-12,何嘉怡,KOL品线推广,彩胶,混合套组,成品展示,视频,,https://www.tiktok.com/@randa.rosa/video/7627629905085271327,"IT’S TOMORROW 😝💜✨

#euphoria #makeup #nails ",
tk,7627630079803280658,2026-04-12,周紫月,KOL品线推广,配件,胶水,教程,视频,,https://www.tiktok.com/@dianajbz/video/7627630079803280658,nails at home💅🏽💌🍿✨ #nails #asmr #gelxnails #nailsathome #fyp ,
tk,7627636275301977375,2026-04-12,李伊芸,2026母亲节礼盒,彩胶,混合套组,开箱;口播,视频,,https://www.tiktok.com/@nikolaszlezak/video/7627636275301977375,Thank you @BeetlesGelPolish #BeetlesManiTimewithMom #ManiTimeWithMom #nail #beginnernailtech #nailsupplies ,
tk,7627637432128752926,2026-04-12,李伊芸,2026母亲节礼盒,彩胶,混合套组,刷色,视频,,https://www.tiktok.com/@nikolaszlezak/video/7627637432128752926,This set is in my Amaz0n store front in my link tree in my bio! #BeetlesManiTimewithMom #ManiTimeWithMom #nail #beginnernailtech #nailsupplies @BeetlesGelPolish ,
tk,7627675090167057694,2026-04-12,李伊芸,KOL品线推广,彩胶初学者套装,四指灯套装,刷色,视频,,https://www.tiktok.com/@iylaajune/video/7627675090167057694,Swatch my polishes with me- tutorial!! Beetles spring collection is now 60% off!!!#beetlespolish #swatches #nailtech #nailart #gelpolish @BeetlesGelPolish ,
tk,7627683213124685069,2026-04-12,高咏欣,KOL品线推广,穿戴甲,穿戴甲款式,做款,视频,,https://www.tiktok.com/@notaniyahraquel/video/7627683213124685069,@BeetlesGelPolish was so kind to send me their new natural milky white collection!! This is perfect for salon quality nails at home. Thank you beetles for these amazing press ons!! #beetlesgelpolish #beetlesnaturalmilky #contentcreator #vlog #minivlog ,
tk,7627694212502359309,2026-04-12,罗惠仪,KOL品线推广,假指甲,预构建甲片套组,开箱;口播,视频,,https://www.tiktok.com/@nails.bysixx/video/7627694212502359309,BEETLES CAT EYE GEL NAIL POLISH #beetles #beetlescateyepolish #beetlespolish #beetlestipex #fyp ,
tk,7627715419415121165,2026-04-12,何嘉怡,KOL品线推广,甲油胶,纯色,成品展示,视频,,https://www.tiktok.com/@nunis_nails/video/7627715419415121165,,
tk,7627727522410581261,2026-04-12,何嘉怡,KOL品线推广,配件,美甲灯,开箱;成品展示,视频,,https://www.tiktok.com/@nunis_nails/video/7627727522410581261,,
tk,7627728820438666509,2026-04-12,何嘉怡,KOL品线推广,甲油胶,纯色,成品展示,视频,,https://www.tiktok.com/@nunis_nails/video/7627728820438666509,,
tk,7627731132196392206,2026-04-12,何嘉怡,KOL品线推广,甲油胶,纯色,成品展示,视频,,https://www.tiktok.com/@nunis_nails/video/7627731132196392206,,
tk,7627863113009827102,2026-04-12,马明慧,KOL品线推广,穿戴甲,穿戴甲款式,开箱,视频,,https://www.tiktok.com/@karhenesejour.2/video/7627863113009827102,Love a good milky white set🤍… #fyp #viral #blowthisup #fypシ  #nailsathome ,
tk,7627880482528562445,2026-04-12,周紫月,2026母亲节礼盒,彩胶,混合套组,开箱;做款;创意,视频,,https://www.tiktok.com/@voloshka_purple/video/7627880482528562445,"Mother’s Day nail challenge with @BeetlesGelPolish 💕💅
using the Beetles Mani Time with Mom set — such a cute idea for matching nails

#beetlesgelpolish #BeetlesManiTimewithMom #ManiTimeWithMom #nailchallenge #mothersdaygifts",
yt,p88OhQgN5uM,2026-04-12,周紫月,KOL品线推广,构建美甲,透色,做款,视频,,https://www.youtube.com/watch?v=p88OhQgN5uM,lets do my nails at home ASMR🩵🐬🦋,
yt,yKUkn5FK010,2026-04-12,周紫月,2026母亲节礼盒,彩胶,混合套组,开箱;做款;创意,视频,1,https://www.youtube.com/watch?v=yKUkn5FK010,Mother's Day nail challenge with,
ins,DW-N14XDNFv,2026-04-11,黄莉莎,KOL品线推广,彩胶,混合套组,开箱,视频,,https://www.instagram.com/p/DW-N14XDNFv/,"Are you looking for a bomb nail tech… outstanding customer service skills, comfortable environment and Unique Long-lasting nails?🩷 Let’s Pamper ourselves with One-Of-A-Kind nails🚨
• ✨Luxury at your fingertips✨ 
Custom reusable handmade acrylic press-ons shipped straight to you✈️ , complete with our @caseys_beauty_studio deluxe prep kit for 3+ weeks of flawless wear. 💅. Order Inquiries: 📲 When you DM, send: Length, shape, and inspo pics 💕 via DM & the number in my bio
•💕your nail dreams awaits you!💖
Schedule your luxurious nail appointment at 5151 Monroe st. Toledo, Oh; Suite 232J✨
Allow yourself a Self Care day and treat yourself here at @caseys_beauty_studio where a luxury experience awaits you! Schedule an appointment today by clicking the link in my bio! 

•💅NAIL CLASSES UNDER SUBSCRIPTIONS ON INSTAGRAM🌟
•💎✨USE CODE “CASEY”  at checkout FOR MONEY OFF WHEN PURCHASING FROM @jennysecretofficial @bluestreakcrystals (supplier of genuine @Swarovski crystals)

•ALL PRODUCTS USED IN THIS VIDEO LINKED IN MY AMAZON STOREFRONT (bio) 
#caseysbeautystudio #toledonails #toledo #acrylicpressons #toledoohionails toledonailtech toledoohionailsalon toledoohionailtech detroitnailtech detroitnails detroitgolf monroenailtech BirminghamDetroit northvillenails Bowlinggreennails grossepointe
 explorepage explore explorepagenails novinailtech nailsfyp rochesterhillsnails
419nailtech lucascounty  royaloaknails stClairshoresnails northwestohionails acrylicpressonnails @youngnailsinc @kupainc @makartt_official @beetlesgelpolish @dndgel",
ins,DW-V1YFAWre,2026-04-11,罗婧,KOL品线推广,功能胶,封层,做款,视频,,https://www.instagram.com/p/DW-V1YFAWre/,"pink aura chrome cat eye nails 😀? she’s prettyyyyy

all products on my amazon sf :)",
ins,DW-en8HlM6H,2026-04-11,黄嘉丽,KOL品线推广,彩胶,纯色,成品展示,图片,,https://www.instagram.com/p/DW-en8HlM6H/,"Picnic freestyle 🌸🍎🍋🌱🍓

using SPRING SONATA 🌷 by @beetlesgelpolish use my code “Badgall10” to save $",
ins,DW9TRlyDXER,2026-04-11,李伊芸,KOL品线推广,彩胶初学者套装,F13灯套装,做款,视频,1,https://www.instagram.com/p/DW9TRlyDXER/,"pink + chrome = the perfect pair 🌸🩷

* products used listed on my amzn + story <3

@softservices theraplush overnight treatment

@mejuri charlotte ring

————
*aff #springnails #nailinspo #diynails #pink #chrome",
ins,DW9VMFgkYuO,2026-04-11,周紫月,KOL品线推广,配件,预构建甲片,做款,视频,,https://www.instagram.com/p/DW9VMFgkYuO/,"how to gel x nails at home💌💅🏽

everything I used is from @beetlesgelpolish ✨

use my code BTDIANA10 for 10% off on amzn 

products used: 

🌸Beetles Rainbow Core Gel Polish Set (HEMA-Free & TPO-Free)
🌸Beetles Tipex Lite Apex Nail Tips Almond Medium (comes in 16 sizes)
🌸Beetles Tipex Nail Glue Gel No Wipe
🌸Beetles Meowgic StrawPurr Nail Lamp

All links in bio under 'Beetles FAV nail products' ✨🔗 or comment NAILS and I will send you the links directly🫶🏽

Ad #beetlesgelpolish #BeetlesDealsBox #BeetlesTipexLite #beetlesmeowgiclamp #nails",
ins,DW9jBfDCUqA,2026-04-11,李伊芸,KOL品线推广,配件,美甲灯,做款,视频,,https://www.instagram.com/p/DW9jBfDCUqA/,"spring nails in full effect 🐞💫 
code: CUREDBYFX10 (with 10%off, avail until 5.15) @beetlesgelpolish 
#beetlesgelpolish #beetlespro #beetlesbuildergel #nailinspo #gelx",
ins,DW_J2Pdglh8,2026-04-11,何嘉怡,KOL品线推广,彩胶,特色胶,做款;成品展示,视频,,https://www.instagram.com/p/DW_J2Pdglh8/,"strawberry nails ʚ🍓ɞ
pink cat eye gel & 3d strawberries for a cute pic nic inspired set. also used a jelly red gel polish for the ombre and french tips 🍓🍰 
cat eye shade is @beetlesgelpolish - Blush Petal from the Petal Charm collection

•

•

#pinknails #cateyenails #longnails #springnails #strawberrynails",
tk,7627167761873063186,2026-04-11,李伊芸,KOL品线推广,彩胶初学者套装,F13灯套装,做款,视频,,https://www.tiktok.com/@nailsbyalsn/video/7627167761873063186,"pink + chrome = the perfect pair 🌸🩷

* products used listed on my amzn <3

@Mejuri charlotte ring

————
*aff #springnails #nailinspo #diynails ",
tk,7627169435320700174,2026-04-11,高咏欣,KOL品线推广,穿戴甲,穿戴甲款式,做款;口播,视频,,https://www.tiktok.com/@annidoj/video/7627169435320700174,"how to get salon quality nails at home 🌸💕

@BeetlesGelPolish 

#diypressonnails #milkywhitenails  #nailtutorial #diynails #nailsathome ",
tk,7627170095000767752,2026-04-11,周紫月,KOL品线推广,配件,预构建甲片,做款,视频,,https://www.tiktok.com/@dianajbz/video/7627170095000767752,"how to gel x nails at home💌💅🏽

everything I used is from @BeetlesGelPolish ✨

use my code BTDIANA10 for 10% off on amzn 

products used: 

🌸Beetles Rainbow Core Gel Polish Set (HEMA-Free & TPO-Free)
🌸Beetles Tipex Lite Apex Nail Tips Almond Medium (comes in 16 sizes)
🌸Beetles Tipex Nail Glue Gel No Wipe
🌸Beetles Meowgic StrawPurr Nail Lamp 

All links in bio and in my board🔗

Ad #beetlesgelpolish #BeetlesDealsBox #BeetlesTipexLite #beetlesmeowgiclamp #nails ",
tk,7627172238072073494,2026-04-11,黄嘉丽,KOL品线推广,彩胶初学者套装,四指灯套装,做款,视频,,https://www.tiktok.com/@mariane_mkl/video/7627172238072073494,"1 Day 1 Design💅🏻 | Dubai Chocolate Edition 🍓🍫 | Même si le verre va exposer 💥 : j’ajoute lesquels pour les prochains mes bbyyyy?🫣

• Produits 3D de chez @⚡️ Lili Creuk Shop ⚡️  
• VSP de chez :
-@CANNI Gel Nail Polish 
-@born pretty 
-@BeetlesGelPolish 
-@Ongle24Officiel 

#nailarttutorial #dubaichocolate 
#nailbook #3dnailart #pourtoii",
tk,7627182378322021663,2026-04-11,罗惠仪,KOL品线推广,假指甲,甲片延长套组,开箱;口播,视频,,https://www.tiktok.com/@t.touchofglam/video/7627182378322021663,Great for gel-x and press ons✨@BeetlesGelPolish #gelxtips #flatx #beetles #beetlesgelpolish ,
tk,7627202158244515085,2026-04-11,李伊芸,KOL品线推广,配件,美甲灯,做款,视频,,https://www.tiktok.com/@curedbyfx/video/7627202158244515085,"spring nails in full effect 🐞💫 code: CUREDBYFX10 (with 10%off, avail until 5.15) #beetlesgelpolish #beetlespro #beetlesbuildergel #nailinspo #gelx @BeetlesGelPolish ",
tk,7627222652012268814,2026-04-11,黄嘉丽,KOL品线推广,穿戴甲,UV穿戴甲,开箱;教程,视频,,https://www.tiktok.com/@jue_tran.nails/video/7627222652012268814,"Obsessed with this milky white set! 🥰🤍 
It's the perfect blend of classy and trendy.

Using @beetlesgelpolish
Natural Milky White Nail Tips
X Press Plus Lite Kit

#beetlesgelpolish #nailinspo #whitenails #pressonnails #minimalistnails 

Nail Style, Nail Trends, Nail ideas, Cute Nails, DIY Nails, Nail Fashion, Nail Ideas, Elegant nails, Milky white nails ",
tk,7627223707945094430,2026-04-11,何嘉怡,KOL品线推广,彩胶,混合套组,做款,视频,,https://www.tiktok.com/@randa.rosa/video/7627223707945094430,"Euphoria nails pt. 3/3 ✅

#nails #longnails #euphoria #makeup #tvshow @HBO Max @BeetlesGelPolish nails @Clarins USA hand cream ",
tk,7627259502055656717,2026-04-11,高咏欣,KOL品线推广,穿戴甲,穿戴甲款式,成品展示,视频,,https://www.tiktok.com/@annidoj/video/7627259502055656717,"🤍🤍🤍
natural milky nails ..

#milkywhitenails #diynails #nailsathome #pressonnails ",
tk,7627275639195847967,2026-04-11,周紫月,KOL品线推广,构建美甲,捏捏胶,做款;口播;教程,视频,,https://www.tiktok.com/@beautyluxnails/video/7627275639195847967,"3D beach nails tutorial using builder gel 🌊🐚 

@BeetlesGelPolish ✨

Here is my step by step tutorial on how to get beach nails this summer! From the ocean waves to the cutest seashells 🐚 😍

Beginner friendly and perfect for your next set 💅🏻

#3dnails #beachnails #nailtutorial #summernails #buildergel ",
tk,7627307089106455839,2026-04-11,黄莉莎,KOL品线推广,彩胶初学者套装,四指灯套装,开箱;口播,视频,,https://www.tiktok.com/@iamdominicfranco/video/7627307089106455839,"POV: you finally start doing your nails at home & now you can’t choose 😭💅🏽  PLSSS HELP- 🥹🥹🫶🏽 @BeetlesGelPolish 

#beetlesgelpolish #beginnernails #nailsathome #visaliacontentcreator #girlythings ",
tk,7627337122315308318,2026-04-11,罗婧,KOL品线推广,功能胶,封层,做款,视频,,https://www.tiktok.com/@nails_by_miaaa/video/7627337122315308318,"pink purple aura cateye chrome gel etc etc nails ✨ she’s so prettyyyy <3
all products on amazon sf :)
#auranails #cateyenail #nailtutorial #nailinspo #nailtok ",
tk,7627433912314170657,2026-04-11,何嘉怡,KOL品线推广,彩胶,特色胶,做款;成品展示,视频,,https://www.tiktok.com/@annas.nailfeed/video/7627433912314170657,"strawberry nails ʚ🍓ɞ
pink cat eye gel & 3d strawberries for a cute pic nic inspired set. also used a jelly red gel polish for the ombre and french tips 🍓🍰 
cat eye shade is @BeetlesGelPolish - Blush Petal from the Petal Charm collection

•

•

#pinknails #cateyenails #longnails #springnails #strawberrynails",
yt,gCXq3mPJQ80,2026-04-11,周紫月,KOL品线推广,配件,胶水,教程,视频,,https://www.youtube.com/watch?v=gCXq3mPJQ80,lets do my nails & watch movies💅🏽🍿👠💋,
ins,DW74NarFLPQ,2026-04-10,黄嘉丽,KOL品线推广,彩胶,纯色,成品展示,图片,,https://www.instagram.com/p/DW74NarFLPQ/,"🍓✨💕

using SPRING SONATA 🌷 by @beetlesgelpolish use my code “Badgall10” to save $$ at checkout 

𝖻𝗈𝗈𝗄 𝘈𝘱𝘳𝘪𝘭🤍 
𝘢𝘷𝘢𝘪𝘭𝘢𝘣𝘪𝘭𝘪𝘵𝘺 𝘰𝘯 𝘮𝘺 𝘸𝘦𝘣𝘴𝘪𝘵𝘦 𝘭𝘪𝘯𝘬 𝘪𝘯 𝘣𝘪𝘰 𝘰𝘳 𝘮𝘦𝘴𝘴𝘢𝘨𝘦 𝘮𝘦 𝘵𝘰 𝘣𝘰𝘰𝘬 ୨ৎ

#nails #nailsofinstagram #nailsonfleek #instanails #nails2inspire #nailsinspiration #nailsporn #nailsnailsnails #nailsnailsnails #trendingreels #reelsinstagram #badgallnails #beetles #beetlesgelpolish #spokaneartists #spokanewa #spokanenails #spokanenailtech",
ins,DW9GV9QiHKV,2026-04-10,林盈盈,KOL品线推广,彩胶初学者套装,鼠标灯套装,做款,视频,1,https://www.instagram.com/p/DW9GV9QiHKV/,"flower french nails! 🩷🌸🌷✨
a super easy flower french mani that reminds me of one of those plastic doll accessory sets from the 2000s, hahah.. <3

— using:
• @beetlesgelpolish
HEMA-Free Gel Polish Kit “Ethereal Glow” 🌷
(use my code PAULAR10 for 10% off! 💸)

*paid to create

#nailart #springnails #frenchnails #nailarttutorial #nails",
tk,7626583853863423262,2026-04-10,罗惠仪,KOL品线推广,假指甲,甲片,开箱;口播,视频,,https://www.tiktok.com/@katy.landry/video/7626583853863423262,@BeetlesGelPolish is my absolute favorite 🤩 #beetlesgelpolish #beetlesnailtips #nailextensions #nailthings ,
tk,7626811266178272543,2026-04-10,何嘉怡,KOL品线推广,配件,美甲灯,做款;成品展示,视频,,https://www.tiktok.com/@nailedandplayed/video/7626811266178272543,"She eats, She the nail tech🤏🏼 

Products used🔗under bio 
@BeetlesGelPolish
Use code:PLAYED10 to save
#nailday#nail#nailtech#nailtok#fyp",
tk,7626829258723167501,2026-04-10,高咏欣,KOL品线推广,穿戴甲,穿戴甲款式,做款,视频,,https://www.tiktok.com/@dashaperkins/video/7626829258723167501,"New week, new set💅🏾 This time using @BeetlesGelPolish new milky white collection🤍 Y’all I’m in loveee! Can’t wait to try out the other shapes🤭 
Use Code: DASHAPERKINS10 for 10% off
LINK🔗: https://www.amazon.com/dp/B0FMY9TP8G?maas=maas_adg_B5B2C01E197DFB94EA170377D8BF5D95_afap_abs&ref_=aa_maas&tag=maas
#pressonnails #beetlesgelpolish #beetlesnaturalmilky #pressons #diynails ",
tk,7626890744221011213,2026-04-10,林盈盈,KOL品线推广,构建美甲,捏捏胶,做款,视频,,https://www.tiktok.com/@aisebrush/video/7626890744221011213,"Candy apples… but on your NAILS ! 🎪🍧🍎 @BeetlesGelPolish 

#nails #nailtech #nailinspo #nailart #nailtutorial 

Gel-x nail inspo | candy apple nails | 3d nail art | food nails | apple nails | fyp | viral

FULL TUTORIAL: @Asia 𓍼ོ ",
tk,7626901193968602382,2026-04-10,周紫月,KOL品线推广,彩胶,纯色,开箱;口播;刷色,视频,,https://www.tiktok.com/@ciaramariedatzme_/video/7626901193968602382,"I just love beetles !!! 💗@BeetlesGelPolish  

#beetlesgelpolish#spring#gelpolish#tiktokshop#tiktok",
tk,7626902015775444237,2026-04-10,何嘉怡,KOL品线推广,彩胶,特色胶,开箱;做款;成品展示,视频,,https://www.tiktok.com/@alycialoveae/video/7626902015775444237,Ughh I love 👏😍 @BeetlesGelPolish #beetles #beetlesgelpolish #nail #cateye #beginnernailtech ,
tk,7626910068537134367,2026-04-10,高咏欣,KOL品线推广,穿戴甲,穿戴甲款式,开箱;口播,视频,,https://www.tiktok.com/@diaryof.tasha/video/7626910068537134367,"Ahhh PR Haul!!! I’m so happy to show you guys all the amazing goodies I got from @BeetlesGelPolish 

#pr #prhaul #prhaulunboxing #prhaulmicroinfluencer #beetlesgelpolish 

How to get pr as a small influencer 
Getting pr as an influencer under 2k 
Getting pr as a micro influencer ",
tk,7626915216240020766,2026-04-10,周紫月,2026dealbox&PD,配件,美甲灯,开箱,视频,,https://www.tiktok.com/@nailsbylilah__/video/7626915216240020766,Unboxing my beetles PR 💖 @BeetlesGelPolish which colors should I try first? #fyp  #beetlesgelpolish #viral #prunboxing #real ,
tk,7626944754843929887,2026-04-10,黄嘉丽,KOL品线推广,彩胶,混合套组,开箱,视频,,https://www.tiktok.com/@nailsbydianamichelle/video/7626944754843929887,packaging is SO cute 💓 unboxing @BeetlesGelPolish almost okay pro gel nail polish kit 🖌️📦 #beetlesgelpolish #beetlespro #beetlesgelpolishkit ,
tk,7626962806860008717,2026-04-10,高咏欣,KOL品线推广,穿戴甲,穿戴甲款式,成品展示,视频,,https://www.tiktok.com/@annidoj/video/7626962806860008717,"why did I take so long to try milky white nails tho? 😍 loving em!

@BeetlesGelPolish 

#pressonnails #diypressonnails #salonqualitynails #diynails #diybeauty ",
tk,7627140875834985750,2026-04-10,林盈盈,KOL品线推广,彩胶初学者套装,鼠标灯套装,做款,视频,1,https://www.tiktok.com/@nailsbypaular/video/7627140875834985750,"flower french nails! 🩷🌸🌷✨
a super easy flower french mani that reminds me of one of those plastic doll accessory sets from the 2000s, hahah.. <3

— using:
• @BeetlesGelPolish 
HEMA-Free Gel Polish Kit “Ethereal Glow” 🌷
(use my code PAULAR10 for 10% off! 💸)

*paid to create

#nailart #springnails #frenchnails #nailarttutorial #fypシ゚ ",
yt,dSLwvnLKBKY,2026-04-10,周紫月,KOL品线推广,配件,预构建甲片,做款,视频,,https://www.youtube.com/watch?v=dSLwvnLKBKY,lets do some summer nails💌🌸💛,
fb,1523848565739681,2026-04-09,黄莉莎,KOL品线推广,功能胶,晕染胶,做款,视频,,https://www.facebook.com/reel/1474316767718484,,
fb,1524310405693497,2026-04-09,黄莉莎,KOL品线推广,彩胶,混合套组,做款,视频,,https://www.facebook.com/reel/1576510956748123,,
ins,DW41C6XD-J-,2026-04-09,林盈盈,2026母亲节礼盒,彩胶,混合套组,开箱,视频,,https://www.instagram.com/p/DW41C6XD-J-/,Last time I did my moms nails with @beetlesgelpolish they turned out so good!!!,
ins,DW4ptToDi6F,2026-04-09,黄莉莎,KOL品线推广,功能胶,晕染胶,做款,视频,,https://www.instagram.com/p/DW4ptToDi6F/,,
ins,DW6UwY9Dfk5,2026-04-09,黄莉莎,KOL品线推广,彩胶,混合套组,做款,视频,,https://www.instagram.com/p/DW6UwY9Dfk5/,,
ins,DW6lNwiEZ5f,2026-04-09,黄嘉丽,KOL品线推广,穿戴甲,UV穿戴甲,开箱;教程,视频,,https://www.instagram.com/p/DW6lNwiEZ5f/,"Obsessed with this milky white set! 😍🤍 It’s the perfect blend of classy and trendy. 

Using @beetlesgelpolish 
Natural Milky White Nail Tips
X Press Plus Lite Kit 

Products linked on the Amazon Storefront in Bio 
✨Use CLTRAN10 to save 💰✨

#beetlesgelpolish #nailinspo #whitenails #pressonnails #minimalistnails 

Nail Style, Nail Trends, Nail ideas, Cute Nails, DIY Nails, Nail Fashion, Nail Ideas, Elegant nails,",
ins,DW6nceRD-46,2026-04-09,黄莉莎,KOL品线推广,穿戴甲,穿戴甲款式,开箱;成品展示,视频,,https://www.instagram.com/p/DW6nceRD-46/,"new press-ons for spring 🤍✨ from @beetlesgelpolish they are so high quality and pretty!

#beetlesgelpolish #gelpressonnails #milkywhitenails #engagementnails #beetlesgel",
tk,7626020053040876830,2026-04-09,罗惠仪,KOL品线推广,假指甲,预构建甲片套组,开箱;口播,视频,,https://www.tiktok.com/@nailsssbycjjjj911/video/7626020053040876830,book your beautiful sets with me!! 🌸 thank you so much @BeetlesGelPolish @Beetles Nail Boutique for sending me your wonderful products ,
tk,7626436857525456159,2026-04-09,何嘉怡,KOL品线推广,穿戴甲,UV穿戴甲,开箱,视频,,https://www.tiktok.com/@klocaff/video/7626436857525456159,NEW natural milky white press on nails from @BeetlesGelPolish 😍🤍 #beetlesgelpolish #pressonnails #pressons #nailinspo #nailtok ,
tk,7626454313186938125,2026-04-09,李伊芸,KOL品线推广,彩胶初学者套装,四指灯套装,做款,视频,,https://www.tiktok.com/@callie.gardner/video/7626454313186938125,HERE IS MY CODE! BYCALLIE10 big thank you to @BeetlesGelPolish #beetlesgelpolish #nailtech #beginnernailtech #beginnernails #nailsathome ,
tk,7626460114303683853,2026-04-09,高咏欣,2026母亲节礼盒,彩胶,混合套组,开箱;口播,视频,,https://www.tiktok.com/@michelleramirizz/video/7626460114303683853,thank you @BeetlesGelPolish I LOVE IT💖 #gelxnails #diynails #nailsathome #nailtok #nailsupplyhaul ,
tk,7626484206624918815,2026-04-09,罗惠仪,KOL品线推广,假指甲,预构建甲片套组,开箱;口播,视频,,https://www.tiktok.com/@hopeymarie/video/7626484206624918815,#nailart #myfavorite #beginnernailtech IN LOVE WITH LITERALLY ALL OF THESE GUYS IM NOT EVEN KIDDING!!!!!!!!!!!!!!!!!!!!!!!!!!!!! #Viral ,
tk,7626499701981990175,2026-04-09,何嘉怡,KOL品线推广,彩胶,混合套组,做款,视频,,https://www.tiktok.com/@randa.rosa/video/7626499701981990175,"Gel x euphoria nails🤪💜✨

#euphoria #nails #beauty #longnails #makeup ",
tk,7626523203837431058,2026-04-09,林盈盈,2026母亲节礼盒,彩胶,混合套组,开箱,视频,,https://www.tiktok.com/@el.michelle3/video/7626523203837431058,Last time I did my moms nails with @BeetlesGelPolish they turned out so good!!!,
tk,7626524421674519838,2026-04-09,何嘉怡,KOL品线推广,配件,美甲灯,教程;成品展示,视频,,https://www.tiktok.com/@klawz.4kay/video/7626524421674519838,Beetles Goosenck Nail Lamp🐾@BeetlesGelPolish #fyppp #nailfyppage #LIVEIncentiveProgram #LIVEMonetization #PaidPartnership ,
tk,7626530171390151949,2026-04-09,周紫月,KOL品线推广,彩胶,纯色,做款;口播,视频,,https://www.tiktok.com/@ciaramariedatzme_/video/7626530171390151949,"How do we feel about natural toes ??!! Me personally.. love it ! 💗

#beetlesgelpolish#toes#toenail#gelpolish#green",
tk,7626533942903999758,2026-04-09,马明慧,KOL品线推广,穿戴甲,穿戴甲款式,开箱,视频,,https://www.tiktok.com/@memyselfvickiandvictoria/video/7626533942903999758,"Which one are you picking?
#beetles #beetlesgelpolish  #beetlespressonnails ",
tk,7626548705264454942,2026-04-09,马明慧,KOL品线推广,穿戴甲,穿戴甲款式,开箱;做款,视频,,https://www.tiktok.com/@_sshanz_/video/7626548705264454942,Stop skipping this step if you want your press ons to last 💅🏽🤍 these are from @BeetlesGelPolish #pressonnails #nailprep #diynails #beetlesnails #pressonnailstutorial ,
tk,7626580571874970893,2026-04-09,林盈盈,KOL品线推广,配件,美甲笔,做款,视频,,https://www.tiktok.com/@ch1aseedd/video/7626580571874970893,every nail day is a full time job @BeetlesGelPolish #fyp #nailinspo #domynailswithme #beetlesgelpolish #beetlesflatx ,
tk,7626581196134206733,2026-04-09,高咏欣,KOL品线推广,穿戴甲,穿戴甲款式,开箱;口播;成品展示,视频,,https://www.tiktok.com/@dashaperkins/video/7626581196134206733,"@BeetlesGelPolish sent me their new “natural milky white collection” & I’m obsessed🤭 There’s 5 different shapes. These are perfect for my short/simple nail girlies! They look just like the milky white color they do at the salons🤍  Full tutorial will be posted tomorrow🫶🏾
#beetlesgelpolish #beetlesnaturalmilky #pressonnails #pressons ",
tk,7626622654824385822,2026-04-09,黄嘉丽,KOL品线推广,彩胶,纯色,开箱,视频,,https://www.tiktok.com/@lodusnails/video/7626622654824385822,"my dream spring & summer nail kit 😭🌺 

#beetlesgelpolish #springnails #summernails #nailtutorial #fyp @BeetlesGelPolish ",
tk,7626644404731661589,2026-04-09,黄嘉丽,KOL品线推广,彩胶初学者套装,四指灯套装,做款,视频,,https://www.tiktok.com/@chloeeleungg/video/7626644404731661589,i think this is my favourite laufey song #nailvlog ,
tk,7626731808247303437,2026-04-09,高咏欣,KOL品线推广,穿戴甲,穿戴甲款式,开箱,视频,,https://www.tiktok.com/@nikkinapps/video/7626731808247303437,"these nails are too good 🙂‍↔️

#athomenails #gelnails #diynails #pressons #pressonnails ",
tk,7626768554624437518,2026-04-09,何嘉怡,KOL品线推广,彩胶,混合套组,开箱,视频,,https://www.tiktok.com/@bby_emsss/video/7626768554624437518,this collection is everythingggg 😍 @BeetlesGelPolish #beetlesgelpolish #nailtech #gelpolish #fyp ,
yt,-pGGZRvN-co,2026-04-09,马明慧,KOL品线推广,穿戴甲,UV穿戴甲,口播,视频,,https://www.youtube.com/watch?v=-pGGZRvN-co,Testing EVERY PRESS-ON NAIL Brand,
fb,1473109904180482,2026-04-08,李伊芸,2026母亲节礼盒,彩胶,混合套组,做款,视频,,https://www.facebook.com/reel/1563919801369180,"Pearl chrome rose nail art tutorial 
✨🌹🐚💅✨
Perfect for spring & Mother’s Day.

using @beetlesgelpolish code: JEANETTE1 (10%off through 5/15)

•Beetles Mani Time with Mom Mother’s Day Gift Box | 12-Color HEMA-Free & TPO-Free Manicure Kit

#springnails #nails #chromenails #BeetlesManiTimewithMom #ManiTimeWithMom",
ins,DW1oGFeDHMJ,2026-04-08,何嘉怡,KOL品线推广,彩胶,纯色,做款;成品展示,视频,,https://www.instagram.com/p/DW1oGFeDHMJ/,"let’s make lunch for a picnic 🧺🐜 using the Beetles Spring Sonata Gel Polish Set — link in my bio + code CLZARI10 🤍 @beetlesgelpolish 

•
•
•

#nailart #nails #springnails #beetlesgelpolish #beetlesnailnook",
ins,DW20kXagtD-,2026-04-08,李伊芸,2026母亲节礼盒,彩胶,混合套组,做款,视频,,https://www.instagram.com/p/DW20kXagtD-/,"Pearl chrome rose nail art tutorial 
✨🌹🐚💅✨
Perfect for spring & Mother’s Day.

using @beetlesgelpolish code: JEANETTE1 (10%off through 5/15)

•Beetles Mani Time with Mom Mother’s Day Gift Box | 12-Color HEMA-Free & TPO-Free Manicure Kit

#springnails #nails #chromenails #BeetlesManiTimewithMom #ManiTimeWithMom",
ins,DW2SIsODoBa,2026-04-08,黄莉莎,KOL品线推广,彩胶,特色胶,做款,视频,,https://www.instagram.com/p/DW2SIsODoBa/,"Purple power with a soft floral twist 💜✨
Cat eye shimmer + delicate white blooms = main character nails 💅🌸

Would you rock this Spring nail set? 👀💫 

HEMA Free Gel Nails | Purple Nails
Flower Nail Tutorial | Spring Cat Eye Nails

💗💗💗💗💗💗💗💗💗💗💗💗💗💗

Beetles 
Beetles Petal Charm Cat Eye Gel Nail Kit
 💜 Violet Dew Kiss
💦 Gel Base Coat
💦 Gel Top Coat 
💦 Gel Matte Top Coat
Nail Art Dotting Tool
Nail Art Brushes
🤍 Beetles Gel c001

Code: STSASHNAILS (valid until Apr 30)

 #beetlesgelpolish#nailtech#beginnernailtech#beginnernails #nailsathome",
ins,DW2ZD5LDwyh,2026-04-08,林盈盈,KOL品线推广,彩胶,纯色,做款,视频,,https://www.instagram.com/p/DW2ZD5LDwyh/,"Do Easter nails with me 🐰💐

I hope everyone had a good Easter weekend 🥰

Using @beetlesgelpolish 
✨Spring Sonata gel polish kit
✨medium almond tips

Use code CXHNAILS10 for 10% off (link in bio) 💖

#easternails #pressonnails #beetlesgelpolish #springnails #nailinspo",
tk,7626061370689178911,2026-04-08,何嘉怡,KOL品线推广,彩胶,纯色,做款;成品展示,视频,,https://www.tiktok.com/@beautybyzariii/video/7626061370689178911,let’s make lunch for a picnic 🧺🐜 using the Beetles Spring Sonata Gel Polish Set — link in my bio + code CLZARI10 🤍 @BeetlesGelPolish #nailart #nails #springnails #beetlesgelpolish #beetlesnailnook ,
tk,7626070245505027359,2026-04-08,何嘉怡,KOL品线推广,彩胶,纯色,开箱;口播,视频,,https://www.tiktok.com/@karybeautyy_/video/7626070245505027359,Spring is here girls!!!!🌸🌼💅🏻 #springcollection #gelpolish #nails #nailtech #fy,
tk,7626079155553062175,2026-04-08,马明慧,KOL品线推广,穿戴甲,穿戴甲款式,开箱,视频,,https://www.tiktok.com/@paityn.rylee/video/7626079155553062175,never a bad day when you have @BeetlesGelPolish nails on!!! 🤍#fyp #beetlesgelpolish #pressonnails #whitenails #nailsathome ,
tk,7626089843432426783,2026-04-08,罗婧,KOL品线推广,功能胶,胶水,做款;口播,视频,,https://www.tiktok.com/@dayynaa/video/7626089843432426783,"Doing nails from home (Lasts 5 weeks)
✨Coachella edition✨ @Salon Perfect #nails #coachella #pressonnails #nailprep ",
tk,7626091342560513294,2026-04-08,林盈盈,KOL品线推广,构建美甲,捏捏胶,做款,视频,,https://www.tiktok.com/@aisebrush/video/7626091342560513294,"these nails look like a pink seashell dream 🐚🌸✨🫧

#3dnails #cateyenails #nailinspo #diynails #beginnertutorial

DIY beginner nail tutorial for soft pink 3D flower nails with a glowy cat eye base 💗 such a pretty classy nail look for spring and summer if you want something soft, feminine, and elegant.

3d flower nails, seashell nails, cat eye nails tutorial, pink nail inspo, diy nail tutorial, easy beginner nails, floral nail art, classy pink nails, pearl nails, soft glam nails, spring nail tutorial, summer nail inspo, feminine nail set, cute nail ideas, elegant nails ",
tk,7626103476803702047,2026-04-08,黄莉莎,KOL品线推广,穿戴甲,穿戴甲款式,开箱;成品展示,视频,,https://www.tiktok.com/@glam.byrosh/video/7626103476803702047,"so impressed with the quality and look of the @BeetlesGelPolish milky white press on nails 🤍 such a pretty set!

#gifted #beetlesgelpolish #pressonnails #milkywhitenails #almondnails ",
tk,7626104576894078221,2026-04-08,何嘉怡,KOL品线推广,彩胶,混合套组,开箱;做款;成品展示,视频,,https://www.tiktok.com/@clauluxee_nails/video/7626104576894078221,@Beetles Nail Boutique #beginnernailtech #beetlesgelpolish #beetleskit ,
tk,7626111745601391902,2026-04-08,林盈盈,KOL品线推广,彩胶,预构建甲片,开箱,视频,,https://www.tiktok.com/@seitinh/video/7626111745601391902,i cant wait to display these in my salon!! 😽💐✨ | thank you  @BeetlesGelPolish for the gifts! ☺️❤️ | #beetlesgelpolish #beetlestipexlite #beetlesgelx #amazonnailfinds #spotlightfinds ,
tk,7626155092349127966,2026-04-08,马明慧,KOL品线推广,穿戴甲,UV穿戴甲,成品展示,视频,,https://www.tiktok.com/@soph.bg24/video/7626155092349127966,guys i’m actually obsessed with these nails #pressonnails #nailinspo #springnails #beetlesnails #frenchtipnails @BeetlesGelPolish ,
tk,7626182244733865246,2026-04-08,何嘉怡,KOL品线推广,彩胶,特色胶,刷色,视频,,https://www.tiktok.com/@schantalkarin/video/7626182244733865246,"Beetles Cat Eye Glint ✨ los 10 colores perfectos para variar entre partículas pequeñas y grandes. 

@BeetlesGelPolish #beetlesgelpolish #cateyegel #nailart #nailtech ",
tk,7626190495198235917,2026-04-08,李伊芸,KOL品线推广,彩胶初学者套装,F13灯套装,开箱,视频,,https://www.tiktok.com/@jennaaslifee/video/7626190495198235917,THANK YOU @BeetlesGelPolish i’m so so so excited. #pr #prpackage #prunboxing #microinfluencer #fyp ,
tk,7626205967851474206,2026-04-08,何嘉怡,KOL品线推广,穿戴甲,UV穿戴甲,口播;教程,视频,,https://www.tiktok.com/@klocaff/video/7626205967851474206,Replying to @Brya Brya 💜 beetles milky white press on nails with top coat!🤍 @BeetlesGelPolish #pressonnails #beetlesgelpolish #nailtok ,
tk,7626236569585831182,2026-04-08,林盈盈,KOL品线推广,彩胶,纯色,做款,视频,,https://www.tiktok.com/@cxh.nails/video/7626236569585831182,"Do Easter nails with me 🐰💐

I hope everyone had a good Easter weekend 🥰

Using @BeetlesGelPolish 
✨Spring Sonata gel polish kit
✨medium almond tips

Use code CXHNAILS10 for 10% off (link in bio) 💖

#flowernails #springnails #pressonnails #nailart #beetlesgelpolish ",
tk,7626237735837175070,2026-04-08,李伊芸,2026母亲节礼盒,彩胶,混合套组,做款,视频,,https://www.tiktok.com/@nailartbyjen/video/7626237735837175070,"Pearl chrome rose nails
✨🐚🌹💅✨ 
Using @BeetlesGelPolish 
•Mani Time with Mom Mother's Day Gift Box

Code: JEANETTE1 (save 10% until 5/15)

#beetlesgelpolish #springnails #chromenails #nails #nailinspiration ",
tk,7626248530939612446,2026-04-08,周紫月,KOL品线推广,彩胶,混合套组,开箱,视频,,https://www.tiktok.com/@eve_nails/video/7626248530939612446,"𝐼𝓃 𝓁𝑜𝓋𝑒𝑒𝑒𝑒 ☺️😍
#gelpolish 
•
#nailtutorials #nailsnails #elderberry #nailsupply 
@Beetles Nail Boutique ",
tk,7626273509379018014,2026-04-08,周紫月,KOL品线推广,彩胶,混合套组,开箱,视频,,https://www.tiktok.com/@eve_nails/video/7626273509379018014,🌸 @Beetles Nail Boutique #nailsnails #nailtok #nailtech #polish ,
tk,7626410743079996702,2026-04-08,周紫月,2026母亲节礼盒,配件,美甲灯,开箱,视频,,https://www.tiktok.com/@kirstyn.erkintalo/video/7626410743079996702,Thank you so much!!! @BeetlesGelPolish #mothersday #beetlesgelpolish #unboxing #fyp #nailsupplies ,
tk,7626414742332067103,2026-04-08,高咏欣,KOL品线推广,穿戴甲,穿戴甲款式,做款;口播;成品展示,视频,,https://www.tiktok.com/@lolabunnyprr/video/7626414742332067103,Press ons have been saving my lifeee🫶🏻😍 #pressonnails #nailsartvideos #beetlesgelpolish ,
yt,DWqhuKt5HwU,2026-04-08,林盈盈,2026母亲节礼盒,彩胶,混合套组,开箱,视频,,https://www.youtube.com/watch?v=DWqhuKt5HwU,Last time I did my mom’s nails with,
fb,1522217572569447,2026-04-07,黄莉莎,KOL品线推广,彩胶,特色胶,做款,视频,,https://www.facebook.com/reel/3442196492607118,,
ins,DW1amBtAlBp,2026-04-07,何嘉怡,KOL品线推广,彩胶,特色胶,做款;成品展示,视频,,https://www.instagram.com/p/DW1amBtAlBp/,"pink swirl chrome nails 🌸 ✨☁️
using a pastel pink cat eye gel polish, a 5d sculpting gel for the swirly design, pink chrome powder and tiny stars 💕

cat eye gel is from the petal charm collection by @beetlesgelpolish 

•

•

#pinknails #cateyenails #springnails #chromenails #shortnails",
ins,DWzETsijaE5,2026-04-07,黄莉莎,KOL品线推广,彩胶,特色胶,做款,视频,,https://www.instagram.com/p/DWzETsijaE5/,,
ins,DWzhyPvEZAV,2026-04-07,黄莉莎,KOL品线推广,彩胶,混合套组,成品展示,视频,,https://www.instagram.com/p/DWzhyPvEZAV/,"@beetlesgelpolish 

 #nailartist #nailart #nailtrends #nailcommunity #nailsmagazine",
tk,7625440387783609630,2026-04-07,罗惠仪,KOL品线推广,假指甲,预构建甲片套组,开箱;口播,视频,,https://www.tiktok.com/@gomezttreviews/video/7625440387783609630,"No se que está pasando con @BeetlesGelPolish 

#TikTokShopFinds #ViralBeauty #ShopSmart  

*La oferta es limitada  
*Los resultados pueden variar  

Disclaimer: El precio y el descuento mostrados son vigentes al momento de la grabación y pueden cambiar. Las promociones pueden tener restricciones o disponibilidad limitada.

#TikTokShop #BeautyDeals",
tk,7625678454234647830,2026-04-07,罗惠仪,KOL品线推广,配件,美甲灯,做款,视频,,https://www.tiktok.com/@lovednova/video/7625678454234647830,ive been so busy the last week i procrastinated editing this for like 5 days #beginnernailtechs #fyp #gelx #nailsart #asmr ,
tk,7625696485593861397,2026-04-07,林盈盈,KOL品线推广,假指甲,甲片,做款,视频,,https://www.tiktok.com/@ash.frss/video/7625696485593861397,"Soso exiteddd, transition coming soonnnn!! Might post a grwmmm!! #fyp #thenieghborhood #ashnails #concert #nailinspo ",
tk,7625771346236149022,2026-04-07,黄莉莎,KOL品线推广,彩胶初学者套装,四指灯套装,成品展示,视频,,https://www.tiktok.com/@coconutcrushh/video/7625771346236149022,the cutest baby pink from @BeetlesGelPolish ,
tk,7625779375039991070,2026-04-07,何嘉怡,KOL品线推广,配件,美甲灯,开箱,视频,,https://www.tiktok.com/@klocaff/video/7625779375039991070,obsessed with this brand new flash cure lamp from @BeetlesGelPolish 😍💕 + it comes in different colors!!! #beetlesgelpolish #flashcurenaillamp #beetlestasteofspring #nails #nailtools ,
tk,7625786603721461022,2026-04-07,周紫月,KOL品线推广,配件,预构建甲片套组,开箱;口播;教程,视频,,https://www.tiktok.com/@mrs.manicure/video/7625786603721461022,"love me some tipex nails 💅 
#diynails #gelxnails #gelxtutorial #nailtutorial #nailsathome ",
tk,7625789305927044366,2026-04-07,黄莉莎,KOL品线推广,配件,美甲灯,做款;口播,视频,,https://www.tiktok.com/@bella.elyse_/video/7625789305927044366,Do my nails with me🍊🌸✨#nails #nailtech #nailtutorial #fyp #springnails ,
tk,7625796998163090719,2026-04-07,高咏欣,KOL品线推广,穿戴甲,穿戴甲款式,成品展示,视频,,https://www.tiktok.com/@dierraslife/video/7625796998163090719,"Quick switch a roo🤭
I love press on nails real bad 🩷
#presson #btartboxnails #beetlesnails #diynails #pressons ",
tk,7625827802608078093,2026-04-07,何嘉怡,KOL品线推广,彩胶初学者套装,F13灯套装,开箱,视频,,https://www.tiktok.com/@nailsbyphoebe22/video/7625827802608078093,"Unboxing with me
@BeetlesGelPolish 
#nailtech #xuhuong #beetlesgelpolish #nailcontent ",
tk,7625868352975654174,2026-04-07,何嘉怡,KOL品线推广,配件,美甲灯,开箱;口播,视频,,https://www.tiktok.com/@nailedandplayed/video/7625868352975654174,"Doing these crusty dusty nails thanks to @BeetlesGelPolish 

Shop🔗under bio 
Code: PLAYED10 to save

#beetlesgelpolish#beetlesnailnook#springnails#nailedandplayed#nail",
tk,7626030630886722849,2026-04-07,何嘉怡,KOL品线推广,彩胶,特色胶,做款;成品展示,视频,,https://www.tiktok.com/@annas.nailfeed/video/7626030630886722849,"pink swirl chrome nails 🌸 ✨☁️
using a pastel pink cat eye gel polish, a 5d sculpting gel for the swirly design, pink chrome powder and tiny stars 💕

cat eye gel is from the petal charm collection by @BeetlesGelPolish 

•

•

#pinknails #cateyenails   #chromenails #shortnails #springnails ",
tk,7626047129017928973,2026-04-07,高咏欣,KOL品线推广,穿戴甲,UV穿戴甲,开箱;做款,视频,,https://www.tiktok.com/@maferolvrz/video/7626047129017928973,"love a good at home mani 🙂‍↕️💍🤍🫧

#momtok #momsoftiktok #springnails #frenchmanicure #cleangirl fy ",
yt,rezOhsYjrdo,2026-04-07,林盈盈,KOL品线推广,彩胶,纯色,做款,视频,,https://www.youtube.com/watch?v=rezOhsYjrdo,Do Easter nails with me 🐰💐,
yt,zX2qBn1QNwg,2026-04-07,周紫月,2026dealbox&PD,彩胶,混合套组,开箱;做款;口播;教程,视频,,https://www.youtube.com/watch?v=zX2qBn1QNwg,How to do Jelly Cateye Nails 💗 Cateye Nails Tutorial,
ins,DWwgYajkaFY,2026-04-06,黄嘉丽,KOL品线推广,彩胶,混合套组,做款,视频,,https://www.instagram.com/p/DWwgYajkaFY/,"✨🌷🪻Spring ombre nails 

They turned out so pretty and the chrome was the 🍒 on top!! 

The Pink and Purple combo is so spring！🌷🪻

#springnails #ombrenails #chromenails #nailinspo #easynailart

Product Used 
@beetlesgelpolish 
✨ On The Move (pro line)
✨ Feeling Good (pro line)
✨ a494
✨ Top Coat (pro line)

Dot Nails
Chrome nails
Ombre nails",
ins,DWyuf1_DfS2,2026-04-06,黄莉莎,2026母亲节礼盒,彩胶,混合套组,开箱;成品展示,视频,,https://www.instagram.com/p/DWyuf1_DfS2/,"Mani time with Mom 💗
Soft spring shades, sweet moments, and nails that feel like love in every detail. The perfect little gift to create memories together this Mother’s Day.

Use code NETHAN10 to shop 🛍️

#BeetlesManiTimewithMom #ManiTimeWithMom",
tk,7625315687170395406,2026-04-06,黄嘉丽,KOL品线推广,彩胶,纯色,做款,视频,,https://www.tiktok.com/@kendallnail/video/7625315687170395406,1 Client today! (vid is from a few days ago) Happy Easter! 🐣 💐#fyp #springnails #nailinspo #naildaywithme #kendallnail,
tk,7625327500826266901,2026-04-06,黄嘉丽,KOL品线推广,彩胶,混合套组,做款,视频,,https://www.tiktok.com/@dipoliciousnailz/video/7625327500826266901,✨🌷🪻Spring ombre nails  They turned out so pretty and the chrome was the 🍒 on top!!   The Pink and Purple combo is so spring！🌷🪻 #springnails #ombrenails #chromenails #nailinspo #easynailart Product Used  @BeetlesGelPolish  ✨ On The Move (pro line) ✨ Feeling Good (pro line) ✨ a494 ✨ Top Coat (pro line) Dot Nails Chrome nails Ombre nails,
tk,7625333849072946463,2026-04-06,李伊芸,KOL品线推广,彩胶初学者套装,F13灯套装,开箱;做款,视频,,https://www.tiktok.com/@mckennadance0/video/7625333849072946463,this nail kits going to get me through summer bc it has 20 polishes! 🤯 trying the velvet next!  #beetlesgelpolish #nailtech #beginnernailtech #beginnernails #nailsathome,
tk,7625342092742528269,2026-04-06,何嘉怡,KOL品线推广,彩胶,纯色,开箱,视频,,https://www.tiktok.com/@mariangely08/video/7625342092742528269,happy easter 🐰 🐣  beetles cat eyes 😍,
tk,7625366551759211783,2026-04-06,李伊芸,KOL品线推广,功能胶,晕染胶,做款;口播,视频,,https://www.tiktok.com/@autumnnggrwm/video/7625366551759211783,do my spring nails with me! the nail vlogs r so back🤭 hoodie from @aelfriceden_official #nails #gelnails #domynailswithme #athomenails #springnails,
tk,7625384332378590471,2026-04-06,周紫月,KOL品线推广,彩胶初学者套装,F13灯套装,做款;口播,视频,,https://www.tiktok.com/@lilysolov/video/7625384332378590471,OMG I LOVE THEM 😍 #nails #tutorial #fyp #nailart #nailinspo  @BeetlesGelPolish 🤏🙂‍↕️🩷,
tk,7625385714712202527,2026-04-06,何嘉怡,KOL品线推广,彩胶,甲片延长套组,开箱,视频,,https://www.tiktok.com/@nailsby.sai/video/7625385714712202527,my very first gifted collab!! 🥹 thank you so much @BeetlesGelPolish  you can get both kits on amazon! use my code TPBYSAI10 to get 10% off your order!  #beetlesgelpolish #springnails #giftedcollab #nailtok,
tk,7625417281878740255,2026-04-06,林盈盈,2026dealbox&PD,彩胶初学者套装,预构建甲片,开箱,视频,,https://www.tiktok.com/@.emhaulss/video/7625417281878740255,@BeetlesGelPolish TYSM ILY GUYS💕💕 #viral #xyzbca #beetlesgelpolish #nailtok #prhaul,
tk,7625455026873371918,2026-04-06,何嘉怡,KOL品线推广,彩胶,混合套组,口播;成品展示,视频,,https://www.tiktok.com/@jenalynfouts/video/7625455026873371918,Spring colors are in and they’re calling your nails! The perfect beginner friendly nail colors for at home! #diynailsathome #gelnailsathome #acrylicnails #springfashion #nails💅,
tk,7625455657600257311,2026-04-06,罗惠仪,KOL品线推广,彩胶初学者套装,F13灯套装,开箱,视频,,https://www.tiktok.com/@mowery.mua/video/7625455657600257311,"This set is great for beginners and DIYers, get yours in the orange shopping cart above ! 👆 #beetlesgelpolish #beetles #nails #nailsartvideos #nailtechlife",
tk,7625457332524158221,2026-04-06,林盈盈,KOL品线推广,彩胶,预构建甲片套组,开箱;做款,视频,,https://www.tiktok.com/@rj.nailz/video/7625457332524158221,"watch me make a press-on set! 
use code RJNAIL10 on your next beetles order <3
#beetlesgelpolish #fyp #nailinspo #pressonnails ",
tk,7625469499902397709,2026-04-06,高咏欣,2026母亲节礼盒,彩胶,混合套组,成品展示,视频,,https://www.tiktok.com/@michelleramirizz/video/7625469499902397709,2026 mother’s day nails using the @BeetlesGelPolish mani time with mom box 🥰😍😍 #gelxnails #diynails #nailsathome #nailtok #nailinspo,
tk,7625498476310203679,2026-04-06,李伊芸,KOL品线推广,彩胶初学者套装,鼠标灯套装,做款;口播,视频,,https://www.tiktok.com/@gracelianakyle/video/7625498476310203679,Spring nails💐🌷 part 2 of doing my nails- the design #springnails #springnailinspo #nailinspo #domynailswithme #naildiy,
tk,7625538177255705870,2026-04-06,何嘉怡,KOL品线推广,彩胶,特色胶,开箱;成品展示,视频,,https://www.tiktok.com/@alycialoveae/video/7625538177255705870,The shades are soo pretty 😍@BeetlesGelPolish #diynails #beetlesgelpolish #gel,
tk,7625618915690892558,2026-04-06,何嘉怡,KOL品线推广,甲油胶,特色胶,开箱;做款;成品展示,视频,,https://www.tiktok.com/@luxurytipssnails/video/7625618915690892558,That cateye shimmer 😩  @Beetles Nail Boutique @BeetlesGelPolish  #nailinspo #beetlesgelpolish #beetlesnails,
tk,7625645930984836365,2026-04-06,李伊芸,2026母亲节礼盒,彩胶,混合套组,开箱;口播,视频,,https://www.tiktok.com/@kayaspams12340/video/7625645930984836365,#nails #gelx #beetlesgelpolish #mothersdaygiftideas #pink,
yt,Kjw9iTlw8mM,2026-04-06,黄嘉丽,KOL品线推广,配件,美甲灯,开箱,视频,,https://www.youtube.com/watch?v=Kjw9iTlw8mM,isn’t this nail lamp super cute.,
ins,DWt6sSoCsui,2026-04-05,李伊芸,KOL品线推广,构建美甲,纯色,做款,视频,,https://www.instagram.com/p/DWt6sSoCsui/,"Pucci inspired nails using the @beetlesgelpolish spring collection (hemma free)🌀✨
the color range on this kit is actually insane… perfect for designs like this

and this is literally my 2nd time using hard gel 😭 not mad at it at all

comment “LINK” and I’ll send you the kit 💕
use code IKNAILS12 for a discount⬇️",
ins,DWu5p8QNh58,2026-04-05,黄莉莎,KOL品线推广,彩胶,预构建甲片,做款,视频,,https://www.instagram.com/p/DWu5p8QNh58/,"@beetlesgelpolish Dessert Feast Gel Nail Kit + Tipex Lite Stilettos | Easy Nails at Home | Beginner Friendly Nails 

#beetlesgelpolish #diynails #nailart #nails #nailstutorial",
ins,DWuuzR8jtR1,2026-04-05,周紫月,2026dealbox&PD,彩胶,混合套组,开箱;做款;口播;教程,视频,,https://www.instagram.com/p/DWuuzR8jtR1/,"Jelly cateye nails 😍 literally obsessed 💗 

I used the @beetlesgelpolish 25 color deal box which brings everything you need to create this nail design ✨if you are a nail beginner or just need a new nail kit addition to your collection, this is it !! 

Link in my storefront 🌟

#cateyenail #gelxnails #jellynails #beetlesgelpolish how to do jelly cateye nails, cateye nails tutorial, nail reels, pink jelly nails, beetles nail kit, beetles jelly polish, nail inspo, gel nails, gel x nails , gel nails, nail content, nail feed",
ins,DWvZGrsjl3i,2026-04-05,周紫月,KOL品线推广,功能胶,胶水,教程,视频,,https://www.instagram.com/p/DWvZGrsjl3i/,gel x nails at home💌 #nails #katseye #diynails #nailstutorial #gelxnails,
ins,DWwBDbBDjPp,2026-04-05,黄莉莎,KOL品线推广,配件,美甲灯,做款;口播,视频,,https://www.instagram.com/p/DWwBDbBDjPp/,"it’s NAIL DAY🍊🌸✨ let’s do this nail set step by step (kinda🙈) 
•
Products used:
Desert Feast Collection from @beetlesgelpolish 🧁
Kitty flash cure lamp from @beetlesgelpolish 😽
•
•
•
•
•
•
•
•
•
#nailtech #springnailart #nailsnailsnails #nailtutorial #explorepage",
tk,7624950017425542431,2026-04-05,何嘉怡,KOL品线推广,穿戴甲,UV穿戴甲,开箱;口播,视频,,https://www.tiktok.com/@klocaff/video/7624950017425542431,the prettiest milky white press on nails!! perfect for simple or full designs 🤍✨ @BeetlesGelPolish #beetlesnaturalmilky #beetlesgelpolish #pressonnails #pressons #nailtok ,
tk,7624959902791896334,2026-04-05,周紫月,KOL品线推广,彩胶,纯色,做款;成品展示,视频,,https://www.tiktok.com/@nailsbyyitzel/video/7624959902791896334,"⭐️🫧
#nailart #nailtech #fypシ #beetlegelpolish @BeetlesGelPolish #creatorsearchinsights ",
tk,7624962333596519710,2026-04-05,何嘉怡,KOL品线推广,彩胶,特色胶,开箱;做款;成品展示,视频,,https://www.tiktok.com/@maina_does_nails/video/7624962333596519710,"did I mention its hema free? Anyway heres a tutorial on how to make a cateye flower 🥰
#3dflowersnails #beetlesgelpolish #beetlesnailnook #beetlescateye #cateyenails",
tk,7624962441717370143,2026-04-05,李伊芸,KOL品线推广,彩胶初学者套装,鼠标灯套装,开箱;口播,视频,,https://www.tiktok.com/@gracelianakyle/video/7624962441717370143,Randomly finding a whole bunch of stuff hidden in my PR months later 😃 #beetles #unboxinggonewrong #beetlesgelpolish #crazypr #haul ,
tk,7624967528472661278,2026-04-05,李伊芸,KOL品线推广,彩胶初学者套装,鼠标灯套装,开箱;口播,视频,,https://www.tiktok.com/@gracelianakyle/video/7624967528472661278,New nail supply haul from @BeetlesGelPolish #beetles #beetlesgelpolish #nailsupplyhaul #nailsupplies ,
tk,7625002181439098126,2026-04-05,何嘉怡,KOL品线推广,彩胶,纯色,开箱;成品展示,视频,,https://www.tiktok.com/@mariangely08/video/7625002181439098126,Geles de Beetles obiamente 😍😍,
tk,7625065303285714207,2026-04-05,周紫月,2026dealbox&PD,彩胶,混合套组,开箱;做款;口播;教程,视频,,https://www.tiktok.com/@beautyluxnails/video/7625065303285714207,"Jelly Cateye nails 😍 using the deals box from @BeetlesGelPolish this set is literally a dream 🥹✨ 

If you haven’t gotten your hands on a good jelly gel polish collection here its my favorite one ! 😉

-
-
-
#beetlesgelpolish #jellynails #cateyenails #nailtutorial #gelxnails ",
tk,7625273772244847885,2026-04-05,何嘉怡,KOL品线推广,彩胶,混合套组,成品展示,视频,,https://www.tiktok.com/@bby_emsss/video/7625273772244847885,new nailsss 💐 @BeetlesGelPolish #nailart #nailtok #beetlesgelpolish #fyp #spring ,
yt,iNjm5zWsftQ,2026-04-05,黄嘉丽,KOL品线推广,彩胶,混合套组,做款,视频,,https://www.youtube.com/watch?v=iNjm5zWsftQ,✨🌷🪻 Perfect Chrome Nail COMBO,
yt,nJe2tyAWpus,2026-04-05,周紫月,KOL品线推广,功能胶,胶水,教程,视频,,https://www.youtube.com/watch?v=nJe2tyAWpus,lets do gel x nails at home💌,
yt,uH8OvLINPHU,2026-04-05,黄莉莎,KOL品线推广,彩胶,预构建甲片,做款,视频,,https://www.youtube.com/watch?v=uH8OvLINPHU,‪@beetlesgelpolish‬,
yt,yhQIgEb6OBA,2026-04-05,黄嘉丽,KOL品线推广,配件,美甲笔,开箱,视频,,https://www.youtube.com/watch?v=yhQIgEb6OBA,I tried nail art markers for the first time,
ins,DWsGnxviZ3g,2026-04-04,高咏欣,KOL品线推广,彩胶,混合套组,做款,视频,1,https://www.instagram.com/p/DWsGnxviZ3g/,"3D ladybug 🐞 So Cute!
All products used are from @beetlesgelpolish 
Use code BECERRA10 for 10% off
Shop through the link in my bio 💅
#beetlesgelpolish #beetlespro",
ins,DWsgHGGoIoO,2026-04-04,何嘉怡,KOL品线推广,彩胶,特色胶,做款;成品展示,视频,,https://www.instagram.com/p/DWsgHGGoIoO/,"I loooooove this set!! but maybe I should of done longer tips lol

you can try this design w @beetlesgelpolish new collection ""Winter Fantasy"" 💕 its got 30 colors!! think about all the different designs you could make 🫢 
#beetlesgelpolish #beetlesnailnook",
tk,7624570832718662926,2026-04-04,周紫月,KOL品线推广,彩胶,混合套组,做款;成品展示,视频,,https://www.tiktok.com/@gisnailz_/video/7624570832718662926,"perfect yellow from dessert feast gel collection ✨🌼😩
#fyp #nails #beetlesgelpolish @BeetlesGelPolish ",
tk,7624590908381465887,2026-04-04,李伊芸,KOL品线推广,彩胶初学者套装,鼠标灯套装,开箱;口播,视频,,https://www.tiktok.com/@gracelianakyle/video/7624590908381465887,Am I stupid?? But thank you sm @BeetlesGelPolish #pr #funny #crazypr #beetlesgelpolish #unboxinggonewrong ,
tk,7624590952782433567,2026-04-04,高咏欣,KOL品线推广,穿戴甲,穿戴甲款式,做款;口播,视频,,https://www.tiktok.com/@sillyysammyyy/video/7624590952782433567,"these are so easy to do but not as easy as that man😍😍 #sillyysammyyy #beetlesgelpolish #beetlesnaturalmilky #pressons #funny @BeetlesGelPolish USE CODE ""SAMMYYY10"" FOR $$$ OFF",
tk,7624599956967476511,2026-04-04,罗惠仪,KOL品线推广,彩胶,纯色,开箱;做款,视频,1,https://www.tiktok.com/@nailzbyatzi/video/7624599956967476511,3 clients todayyy #fyp #nailbusiness #teennailtech #beetlesgelpolish #homebased @BeetlesGelPolish ,
tk,7624601211810925854,2026-04-04,高咏欣,KOL品线推广,穿戴甲,UV穿戴甲,开箱,视频,,https://www.tiktok.com/@mrssimonds/video/7624601211810925854,"POV: you stopped paying salon prices and started doing THIS at home 💅✨

These pastel French tips are literally summer in a set 🌈☁️ soft, cute, and effortlessly classy. If you’ve been thinking about skipping the nail salon… this is your sign 👀

This kit makes it SO easy:
✔️ Pre-applied soft gel tips + color + French design (yes, all in one 😍)
✔️ Short almond shape = natural, flattering, and perfect for everyday wear
✔️ Beginner-friendly ( no complicated steps)
✔️ AFFORDABLE Salon-quality nails 
✔️ Up to 28+ days wear with proper application 💪

You get multiple sizes so you can find your perfect fit and switch it up whenever you want 💖

And can we talk about these colors?! Pastel pinks, yellows, greens, and blues that match EVERY summer outfit 🌸🫶

If you’re ready to save time, save money, and still have flawless nails… this kit is IT.

Different shapes are available too, but this short almond set is giving 
clean girl aesthetic all day 🤍

#pressonnails #trendynails #affordablenails #diynails #summernails ",
tk,7624625266018536735,2026-04-04,高咏欣,KOL品线推广,彩胶,混合套组,做款,视频,1,https://www.tiktok.com/@nailsbybecerra/video/7624625266018536735,"3D Ladybug Nails 🐞❤️ So Cute!!😍
All products used are from @BeetlesGelPolish 
Use code BECERRA10 for 10% off
Link in bio to shop #beetlesgelpolish #beetlespro #ladybugnails #nailinspo #springnails ",
tk,7624661572174089486,2026-04-04,何嘉怡,KOL品线推广,彩胶,纯色,做款;成品展示,视频,,https://www.tiktok.com/@nailsbyphoebe22/video/7624661572174089486,"New cat eye gel for Kitty!
@BeetlesGelPolish 

#xuhuong #nailtech #beetlesgelpolish #cateyegel ",
tk,7624700400049851679,2026-04-04,高咏欣,KOL品线推广,穿戴甲,穿戴甲款式,开箱;做款,视频,,https://www.tiktok.com/@camryn.bahry/video/7624700400049851679,USE MY CODE CAMRYNBAHRY FOR 10% OFF AT THE AMAZON STORE @BeetlesGelPolish #foryoupage #beetlesgelpolish #beetlesnaturalmilky #whitenails #pressonnails ,
tk,7624711222994259231,2026-04-04,高咏欣,KOL品线推广,穿戴甲,穿戴甲款式,成品展示,视频,,https://www.tiktok.com/@dierraslife/video/7624711222994259231,"Loveeeee😍😍😍
@BeetlesGelPolish ",
tk,7624719136198888734,2026-04-04,高咏欣,KOL品线推广,穿戴甲,UV穿戴甲,做款,视频,,https://www.tiktok.com/@shameraadenisee/video/7624719136198888734,"Loving this new Beetles X  Press Plus lite Kit. 🔥Made my maintenance day so convenient  ✨💖 @BeetlesGelPolish 

#fyp #beetlesgelpolish #pressonnails #luxurynails #baddieonnabudget ",
tk,7624745960572325151,2026-04-04,何嘉怡,KOL品线推广,彩胶,特色胶,做款;成品展示,视频,,https://www.tiktok.com/@maina_does_nails/video/7624745960572325151,"I loooooove this set!! but maybe I should of done longer tips lol

you can try this design w @BeetlesGelPolish new collection ""Winter Fantasy"" 💕 its got 30 colors!! think about all the different designs you could make 🫢 
#beetlesgelpolish #beetlesnailnook ",
tk,7624900387136425247,2026-04-04,何嘉怡,KOL品线推广,彩胶,特色胶,开箱,视频,,https://www.tiktok.com/@kassandrahhbee/video/7624900387136425247,DESSERT FEAST COLLECTION comes in 30 gel colors + swatches ,
tk,7624918832024489229,2026-04-04,高咏欣,KOL品线推广,穿戴甲,穿戴甲款式,做款,视频,,https://www.tiktok.com/@d._diamondd/video/7624918832024489229,These beetles press ons haven’t came off yet go shop!!@BeetlesGelPolish #beetlesgelpolish #beetlesnaturalmilky ,
yt,DkT97aRDAiM,2026-04-04,黄嘉丽,KOL品线推广,配件,美甲笔,做款,视频,,https://www.youtube.com/watch?v=DkT97aRDAiM,matte colorful nails for spring are perfect,
yt,JO6fwhv1ZZQ,2026-04-04,黄嘉丽,KOL品线推广,配件,美甲笔,开箱;做款;成品展示,视频,,https://www.youtube.com/watch?v=JO6fwhv1ZZQ,Beetles Haul Gel Nail Polish Unboxing | Spring Nail Inspo,
yt,oJ6leVwPemw,2026-04-04,黄莉莎,KOL品线推广,配件,预构建甲片,开箱;做款;口播,视频,,https://www.youtube.com/watch?v=oJ6leVwPemw,Trying,
ins,DWp-7Idjicw,2026-04-03,周紫月,KOL品线推广,功能胶,胶水,教程,视频,,https://www.instagram.com/p/DWp-7Idjicw/,gel x nails💅🏽💗💌🌸 #nails #gelxnails #asmr #nailsathome #diynails,
ins,DWp3ANJjbSR,2026-04-03,何嘉怡,KOL品线推广,彩胶,预构建甲片,做款;成品展示,视频,,https://www.instagram.com/p/DWp3ANJjbSR/,"I'm recreating a set off of Pinterest but I couldn't find the creator :( please tag if you know!

With my favorite nude, everything is made with  @beetlesgelpolish new spring set 🥰

🌟 use my code on my Am sf!  TPMAINA10 (link in bi0)
 #beetlesgelpolish #beetlesflatx #almondnails #beetlesnailnook #springnails *affiliate",
ins,DWpRuFCknu9,2026-04-03,黄嘉丽,KOL品线推广,穿戴甲,穿戴甲款式,教程,视频,,https://www.instagram.com/p/DWpRuFCknu9/,"POV: you want salon nails without the salon time 💭

@beetlesgelpolish press-on nails have officially changed the game for me.
Here’s why I love them:
✔️ No appointment needed
✔️ Easy to apply at home
✔️ Strong + reusable
✔️ Look just like a fresh gel set
✔️ Perfect for busy days, travel, or last-minute plans

Press on. Pop off. Repeat.
.
.
.
#nails #pressonnails #beetles #diynails",
ins,DWqDi3fDjGg,2026-04-03,周紫月,KOL品线推广,功能胶,晕染胶,做款;口播;教程,视频,,https://www.instagram.com/p/DWqDi3fDjGg/,Spring blooming gel flower nail tutorial! 💐 @beetlesgelpolish @rarjsmofficial @dndgel #nails #nailtutorial #bloominggelnails #springnails #fyp,
tk,7624215383704210710,2026-04-03,黄嘉丽,KOL品线推广,彩胶初学者套装,四指灯套装,做款,视频,,https://www.tiktok.com/@mariane_mkl/video/7624215383704210710,"1 Day 1 Design💅🏻| BBL Edition 🍑 
| On ajoute lequels dans notre cup pour les prochains mes stars🌟?

• Gel 3D de chez @⚡️ Lili Creuk Shop ⚡️ 
• VSP de chez:
-@BeetlesGelPolish 
-@CANNI Gel Nail Polish 
-@Ongle24Officiel 
-@born pretty 

#nailarttutorial #naildesigns #nailbook #3dnailart #pourtoiii ",
tk,7624221943109127454,2026-04-03,何嘉怡,KOL品线推广,彩胶初学者套装,F13灯套装,开箱,视频,,https://www.tiktok.com/@beautyybarlv/video/7624221943109127454,"Loved everything about this! Thank you @BeetlesGelPolish 🩷✨
#beetlesgelpolish #lvnailtech #nailtechlife #nailtechlasvegas #lasvegasnailtech ",
tk,7624241658627935518,2026-04-03,罗惠仪,KOL品线推广,功能胶,特色封层,开箱;口播,视频,,https://www.tiktok.com/@nails_by_teag/video/7624241658627935518,use code NAILSBYTEAG for 10% off purchase! #beetlesgelpolish @BeetlesGelPolish ,
tk,7624261350193122574,2026-04-03,周紫月,KOL品线推广,假指甲,甲片,做款;口播,视频,,https://www.tiktok.com/@sof.colors/video/7624261350193122574,do my nails with me! #nailday #gelxnails #beetlesgelpolish #domynailswithme #frenchtips ,
tk,7624323500521688350,2026-04-03,何嘉怡,KOL品线推广,彩胶,特色胶,做款;教程;成品展示,视频,1,https://www.tiktok.com/@schantalkarin/video/7624323500521688350,"Uñas en casa con cat eye paso a paso 🐋🫧🤍 

Todos mis materiales están en el link de mi bio 🔗  @BeetlesGelPolish @MakarttOfficial @jellojello ",
yt,BMUo2PsWo_8,2026-04-03,何嘉怡,KOL品线推广,彩胶,特色胶,做款;成品展示,视频,,https://www.youtube.com/watch?v=BMUo2PsWo_8,this set is giving... IM OBSESSED,
yt,C0F1JT5LlTg,2026-04-03,黄嘉丽,KOL品线推广,彩胶,纯色,开箱,视频,,https://www.youtube.com/watch?v=C0F1JT5LlTg,asmr unboxing gel nail polish by beetles,
yt,GWrx-u1kGsQ,2026-04-03,何嘉怡,KOL品线推广,彩胶初学者套装,鼠标灯套装,开箱,视频,,https://www.youtube.com/watch?v=GWrx-u1kGsQ,Top coat🥰Base coat🥰UV light,
yt,mcVgWkPVZuw,2026-04-03,高咏欣,KOL品线推广,彩胶,混合套组,做款,视频,1,https://www.youtube.com/watch?v=mcVgWkPVZuw,3D Lady bug 🐞💅 So Cute! All products are from @b,
ins,DWoOWletdaY,2026-04-02,黄莉莎,KOL品线推广,配件,美甲灯,开箱;成品展示,视频,,https://www.instagram.com/p/DWoOWletdaY/,"@beetlesgelpolish The cutest upgrade to my setup 🐾

The Meowgic MilkKitty Lamp is not just adorable—it’s fully adjustable (360°), hands-free, and cures fast with UV + LED. Perfect for detailed work without slowing down.

Use code UVNETHAN10 (valid until Apr 30)

#beetlesgelpolish #beetlesnailnook #Springnails #beetlesmeowgiclamp #meowgicnaillamp",
tk,7623825351822740750,2026-04-02,何嘉怡,KOL品线推广,彩胶,特色胶,成品展示,视频,,https://www.tiktok.com/@nunis_nails/video/7623825351822740750,,
tk,7623961827180907807,2026-04-02,周紫月,KOL品线推广,穿戴甲,UV穿戴甲,成品展示,视频,,https://www.tiktok.com/@iconiclunarity/video/7623961827180907807,"@Beetles Nail Boutique THE GIRLIES WHO GET IT, GET IT!!!! 💅🏽✨#TikTokShopSpringGlowUp #beetlesgelx #frenchie #pressons #fyp ",
tk,7623965126831525151,2026-04-02,周紫月,KOL品线推广,构建美甲,捏捏胶,开箱;做款;教程,视频,,https://www.tiktok.com/@eve_nails/video/7623965126831525151,"𝕀𝕟𝕗𝕝𝕒𝕥𝕖𝕕 𝟛𝔻 𝕟𝕒𝕚𝕝 𝕒𝕣𝕥🍊🧡
ᴇᴠᴇʀʏʙᴏᴅʏ ʜᴀᴛᴇᴅ ᴘᴀʀᴛ 1 ꜱᴏ ʜᴇʀᴇ ɪꜱ ᴘᴀʀᴛ 3 ᴄᴀᴍᴇ ᴏᴜᴛ ꜱᴏ ᴄᴜᴛᴇ! 
#cutenails 
•
#nailart #nailinspo #nailtutorial 
 #springnails 
@Beetles Nail Boutique ",
tk,7623988810929425694,2026-04-02,高咏欣,KOL品线推广,穿戴甲,穿戴甲款式,做款;口播,视频,,https://www.tiktok.com/@dierraslife/video/7623988810929425694,"For my girlies that love a natural clean girl nail look 😍😍🤍🤍 here you gooooo🥰
@BeetlesGelPolish 
#naturalmilky #beetles #beetlesnails #pressons #diynailsathome ",
tk,7624022084565470478,2026-04-02,何嘉怡,KOL品线推广,构建美甲,捏捏胶,口播;教程;成品展示,视频,,https://www.tiktok.com/@hazel.palacios/video/7624022084565470478,Cute summer design 💕 @BeetlesGelPolish #buildergel #summernails #beetles #greenish #fyp ,
tk,7624039450221317406,2026-04-02,何嘉怡,KOL品线推广,彩胶,特色胶,口播,视频,,https://www.tiktok.com/@americasnails_/video/7624039450221317406,I can’t wait to use these on a nail set 🥰 #diynails #nailsathome #beetlesgelpolish #nailproducts #cateyenails ,
tk,7624185567630134559,2026-04-02,周紫月,KOL品线推广,穿戴甲,UV穿戴甲,成品展示,视频,,https://www.tiktok.com/@iconiclunarity/video/7624185567630134559,@Beetles Nail Boutique #TikTokShopSpringGlowUp #beetlesgelx #pressons #frenchie #fyp ,
yt,gjeZrv98w1s,2026-04-02,何嘉怡,KOL品线推广,彩胶,预构建甲片,做款;成品展示,视频,,https://www.youtube.com/watch?v=gjeZrv98w1s,easy set for beginners 💕,
yt,nYobS3sHPpw,2026-04-02,周紫月,KOL品线推广,功能胶,胶水,教程,视频,,https://www.youtube.com/watch?v=nYobS3sHPpw,lets do some gel x nails💅🏽🌸💌💗,
yt,r0vnt6QRqWU,2026-04-02,何嘉怡,KOL品线推广,彩胶,特色胶,开箱,视频,,https://www.youtube.com/watch?v=r0vnt6QRqWU,Beetles 36 Colour Gel Nail Polish Kit,
fb,1518078399650031,2026-04-01,黄莉莎,KOL品线推广,彩胶,混合套组,做款,视频,,https://www.facebook.com/reel/951806670762685/,"Using 🌸🪺🍭🍰🧁
BeetlesGelPolish 
●Dessert Feast Gel Polish Set 
●Nc886 

Paleta painting 
MPA Gel Palette Nailart Supply 

Shop at the Beetles Gel Polish Amazon store (link in my bio) 

#beetlesgelpolish #dessertnails #springnails #pastelnails #nailinspo #gelpolish #divnails #nailartdesign #cutenails #nailideas",
ins,DWj7NB9jAkz,2026-04-01,林盈盈,意大利展会,,,品牌向,视频,,https://www.instagram.com/p/DWj7NB9jAkz/,"Esperienza indimenticabile, grazie infinite @beetlesgelpolish @beetles_community !💅💕 #contentcreator #collab #invited #cosmoprof #nails",品线缺失
ins,DWkKo6qEbJ_,2026-04-01,何嘉怡,KOL品线推广,彩胶,特色胶,做款;成品展示,视频,,https://www.instagram.com/p/DWkKo6qEbJ_/,"Esta vez hice gelx con Cat Eye, este set de Cat Eyes está disponible en el link de mi bio 🫧🐋 🌊 

@beetlesgelpolish #beetlesgelpolish #cateyegel #gelx",
ins,DWkLDQQjYXJ,2026-04-01,黄嘉丽,KOL品线推广,彩胶初学者套装,鼠标灯套装,做款;成品展示,视频,,https://www.instagram.com/p/DWkLDQQjYXJ/,"A little buzz for simple spring nails 🌷 using @beetlesgelpolish kit with uv light ❤️

#springnails #beetlesgelpolish #nails #nailart #nailinspo

Spring nails
Easter nails
Ombre nails
Glitter ombré",
ins,DWkgSxxkf_O,2026-04-01,林盈盈,KOL品线推广,彩胶初学者套装,甲片延长套组,做款,视频,,https://www.instagram.com/p/DWkgSxxkf_O/,"Use code: YINGLINGMADI for 10% off Beetles products. Link in bio

@beetlesgelpolish 

#beetlesgelpolish #BeetlesFlatX #gelxnails #GelXTutorial",
ins,DWkgodrkpf7,2026-04-01,李伊芸,KOL品线推广,功能胶,胶水,做款;口播,视频,,https://www.instagram.com/p/DWkgodrkpf7/,#skibidylily #nailinspo #nailart #diynails #nailartist,
ins,DWl3s-zkbq-,2026-04-01,黄莉莎,KOL品线推广,彩胶,混合套组,做款,视频,,https://www.instagram.com/p/DWl3s-zkbq-/,"Using 🌸🪺🍭🍰🧁
@beetlesgelpolish
●Dessert Feast Gel Polish Set 
●Nc886 

Paleta painting 
@mpa_onlinestore

Shop at the Beetles Gel Polish Amazon store (link in my bio) 

#beetlesgelpolish #dessertnails #springnails #pastelnails #nailinspo gelpolish divnails nailartdesign cutenails nailideas",
ins,DWmEIW2DXRs,2026-04-01,何嘉怡,KOL品线推广,彩胶,特色胶,成品展示,视频,,https://www.instagram.com/p/DWmEIW2DXRs/,@beetlesgelpolish,
tk,7623474269745433869,2026-04-01,李伊芸,KOL品线推广,,,开箱;口播,视频,1,https://www.tiktok.com/@skibidylily/video/7623474269745433869,"all kits are in my amazon storefront!
entry rules: -follow me and @BeetlesGelPolish
-repost this video
-leave a comment including this emoji 💅 
ENDS ON APRIL 7TH 
goodluck!
#beetlesgelpolish #gelnailsathome #beginnernailtech #nailtech #diynails ",品线缺失
tk,7623479225877630238,2026-04-01,何嘉怡,KOL品线推广,功能胶,橡胶底胶,做款;成品展示,视频,,https://www.tiktok.com/@nailzbyvesha/video/7623479225877630238,second time doing press ons! I really love them 💛💙@BeetlesGelPolish @Notpolishinc @Aprés Nail Professional @Chaun Legend Nails #fyp #beginnernailtech #chicagonailtech #pressonnails #xybca ,
tk,7623488804980116749,2026-04-01,周紫月,KOL品线推广,彩胶,特色胶,做款,视频,,https://www.tiktok.com/@alexiaxnails/video/7623488804980116749,so fun in the sunlight too !!! #nails #disco #cltnails ,
tk,7623491915459104013,2026-04-01,黄莉莎,KOL品线推广,彩胶,混合套组,开箱;成品展示,视频,,https://www.tiktok.com/@nailsbynethan/video/7623491915459104013,@BeetlesGelPolish #nail #gelx #nailtutorial #nailinspo #nailtok ,
tk,7623497470563159310,2026-04-01,何嘉怡,KOL品线推广,彩胶,纯色,做款;成品展示,视频,,https://www.tiktok.com/@nailsbyphoebe22/video/7623497470563159310,"Easter nails!

@BeetlesGelPolish 

#xuhuong #nailtech #beetlesgelpolish ",
tk,7623499756865703198,2026-04-01,何嘉怡,KOL品线推广,彩胶初学者套装,四指灯套装,开箱;做款;成品展示,视频,,https://www.tiktok.com/@imjustagirlindaworld/video/7623499756865703198,Soooo cute 🍓🫐🍒 #beetlesgelpolish #Beetlesflatx #Almondnails #beginnernails #nailsathome@BeetlesGelPolish ,
tk,7623531111301352735,2026-04-01,何嘉怡,KOL品线推广,彩胶,特色胶,做款;成品展示,视频,,https://www.tiktok.com/@schantalkarin/video/7623531111301352735,"Usé el Cat Eye Glint kit de @BeetlesGelPolish para hacerme estas uñitas, incluye 10 diferentes geles cat eyes en unos tonos hermosos, y también un imán normal 🌊🐋🫧 

#beetlesgelpolish #gelxnails #cateyegel #nailart ",
tk,7623539219666930958,2026-04-01,何嘉怡,KOL品线推广,彩胶,纯色,开箱,视频,,https://www.tiktok.com/@fersarahialvarado/video/7623539219666930958,🐣 #bettle #pastelcolors #nailtech #fyp #parati ,
tk,7623550408346111253,2026-04-01,黄嘉丽,KOL品线推广,彩胶初学者套装,鼠标灯套装,做款;成品展示,视频,,https://www.tiktok.com/@dipoliciousnailz/video/7623550408346111253,"A little buzz for simple spring nails 🌷 using @BeetlesGelPolish kit with a uv light ❤️

#springnails #beetlesgelpolish #nails #nailart #nailinspo

Spring nails
Easter nails
Ombre nails
Glitter ombré",
tk,7623562222245072142,2026-04-01,何嘉怡,KOL品线推广,彩胶,纯色,开箱,视频,,https://www.tiktok.com/@fersarahialvarado/video/7623562222245072142,🐱 #cateye #beetle #nailtech #tiktokshop #fyp ,
tk,7623565454157663502,2026-04-01,高咏欣,KOL品线推广,穿戴甲,穿戴甲款式,做款,视频,,https://www.tiktok.com/@kluxury_/video/7623565454157663502,"@BeetlesGelPolish got me right in a rush n all😩😍☁️

 #beetlesgelpolish #beetlesnaturalmilky #pressons #maintenance #diynails ",
tk,7623591636894878989,2026-04-01,何嘉怡,KOL品线推广,甲油胶,特色胶,开箱;刷色,视频,,https://www.tiktok.com/@nailsxheidiii/video/7623591636894878989,Swatch @BeetlesGelPolish Cat Eye Polishes! These colors are beautiful! Exclusive to TikTok only! #nails💅 #fypシ゚viral #gelpolish #cateye #beetles ,
tk,7623601511108545822,2026-04-01,何嘉怡,KOL品线推广,构建美甲,捏捏胶,做款;成品展示,视频,,https://www.tiktok.com/@_yahairascreations/video/7623601511108545822,"Obsessed with this set😭😩✨ 
#fyp #lasvegasnailtech #nails #nailinspo #springnails ",
tk,7623602370814987533,2026-04-01,何嘉怡,KOL品线推广,甲油胶,特色胶,开箱;做款;成品展示,视频,,https://www.tiktok.com/@katheli.alvarado/video/7623602370814987533,"Set verde floral💚🌸
Estos ojos de gato se volvieron mis favoritos por una variación de colores que tiene y el top matte no se diga @BeetlesGelPolish

#cateyeverde  #primavera ",
tk,7623697424900459806,2026-04-01,何嘉怡,KOL品线推广,构建美甲,捏捏胶,做款;成品展示,视频,,https://www.tiktok.com/@_yahairascreations/video/7623697424900459806,"Love that it’s Non-Sticky😍💅🏼 @BeetlesGelPolish ✨ 
#beetlesgelpolish #fyp #lasvegasnailtech #nails #nailinspo ",
yt,wh6kfHDkuRA,2026-04-01,何嘉怡,KOL品线推广,彩胶,特色胶,开箱,视频,,https://www.youtube.com/watch?v=wh6kfHDkuRA,6 Colour Gel Nail polish Kit Megnetic Beetles Hema Free,
fb,122169169364901749,2026-03-31,黄莉莎,KOL品线推广,彩胶,纯色,做款,视频,1,https://www.facebook.com/reel/1812297913512143/,"Spring Nails 
🧡🐰

@beetlesgelpolish 

#nails #nailsnailsnails #nailinspo #nailsbymairin #springnail",
fb,923409166966864,2026-03-31,黄莉莎,KOL品线推广,彩胶,混合套组,开箱;成品展示,视频,,https://www.facebook.com/reel/1521291066086390/,,
ins,DWh87OajAW8,2026-03-31,黄莉莎,KOL品线推广,彩胶,纯色,做款,视频,1,https://www.instagram.com/p/DWh87OajAW8/,"Spring Nails 
🧡🐰

@beetlesgelpolish 

#nails #nailsnailsnails #nailinspo #nailsbymairin #springnail",
ins,DWhC6_vjtG6,2026-03-31,黄莉莎,KOL品线推广,彩胶初学者套装,甲片延长套组,做款,视频,,https://www.instagram.com/p/DWhC6_vjtG6/,"I couldn’t resist creating a springtime lemon themed nail set. It’s something I’ve been wanting to do for a long time and the new spring gel nail sets from Beetles gave me all the springtime inspiration I needed!

💗💗💗💗💗💗💗💗💗💗💗💗💗💗

@beetlesgelpolish 
Beetles Pastel Teatime 20 Gel Nail Kit
 💙 g800
 💛 g804 
 💦 Gel Base Coat
 💦 Gel Too Coat 
  Nail Art Dotting Tool
  Nail Art Brush 
  Nail Lamp
  Cuticle Oil 

🩷 Beetles Gel Nail Kit Flat X Almond Medium
🩷 Beetles Hema- Free Nail Glue and Prep Kit
💚 Beetles Gel b011
🤍 Beetles Gel c001
🧡 Beetles Gel b817
🖤 Beetles Gel c652 

Code: STSASHNAILS (valid until Apr 30)

 #beetlesgelpolish#nailtech#beginnernailtech#beginnernails #nailsathome",
ins,DWhQAU-hQcE,2026-03-31,林盈盈,KOL品线推广,构建美甲,捏捏胶,做款,视频,,https://www.instagram.com/p/DWhQAU-hQcE/,"Red candy apple nails 🍎❤️✨

glossy, juicy, and way too cute to be real 😭 this set looks like it belongs at a summer fair with gold jewelry and lip gloss. one of those nail looks that’s playful but still so pretty 💅🏾 save this for your next set

#rednails #candyapplenails #nailinspo #3dnails #diynails",
ins,DWhXyyzCi3N,2026-03-31,林盈盈,KOL品线推广,彩胶,甲片延长套组,做款,视频,,https://www.instagram.com/p/DWhXyyzCi3N/,"Beetles Flat X Tips APPLY PERFECT 😍 Cat Eye Vertical Ombré Nails You NEED to Try!

Using products from @beetlesgelpolish 

Shop using the link in my bio 💸

•
•
#nails #beetlesgelpolish #cateyenails",
ins,DWhgGXXEgbO,2026-03-31,黄嘉丽,KOL品线推广,构建美甲,预构建甲片套组,做款,视频,,https://www.instagram.com/p/DWhgGXXEgbO/,"Winx Club inspired nails 🌷 Flora 🧚🏻‍♀️ @winxclub 

using @beetlesgelpolish 
•tipex stiletto extensions
•petal charm cat eye ~ minty gleam, blush petal

________
#winxnails #winxflora #fairynails #butterflynails #beetlesgelpolish nail tutorial springnails cateyenails",
ins,DWi-3YNjB8v,2026-03-31,黄嘉丽,意大利展会,,,品牌向,视频,,https://www.instagram.com/p/DWi-3YNjB8v/,"Invited by @beetlesgelpolish 💖🫶
#foryou #beetlesgelpolish #BeetlesCosmoprofItaly",品线缺失
ins,DWid-I5gfAn,2026-03-31,黄莉莎,KOL品线推广,彩胶,混合套组,做款,视频,,https://www.instagram.com/p/DWid-I5gfAn/,recreated this viral blueberry set by @nailzzbysteph using @beetlesgelpolish dessert feast collection NC888 for the perfect ballerina pink 🩰🫐💌 use code nailsbyyls10 (til april 30th) for $$$ off 🫶🏽#beetlesgelpolish #beetlesnailnook #Springnails #beetlescateye,
ins,DWitSS-jPCx,2026-03-31,何嘉怡,KOL品线推广,构建美甲,捏捏胶,做款;成品展示,视频,,https://www.instagram.com/p/DWitSS-jPCx/,"using @beetlesgelpolish mani time with mom collection💅🏼🥀💋 
#nails #lasvegasnailtech #lasvegasnails #explorepage #nailinspo",
ins,DWjC_GBjTlu,2026-03-31,黄莉莎,KOL品线推广,彩胶,混合套组,开箱;成品展示,视频,,https://www.instagram.com/p/DWjC_GBjTlu/,"Dessert feast but make it nails 🍰🍓 pastel sweets, soft tones, and all the cute details @beetlesgelpolish 

Used all colors in this Collection!

Use code UVNETHAN10 (valid until Apr 30)

#beetlesgelpolish #beetlesnailnook #nails #nailart",
ins,DWjDig3jVk3,2026-03-31,何嘉怡,意大利展会,,,品牌向,视频,,https://www.instagram.com/p/DWjDig3jVk3/,#invited @beetlesgelpolish #beetlesgelpolish #BeetlesCosmoprofItaly,品线缺失
tk,7623119566469713174,2026-03-31,黄嘉丽,KOL品线推广,彩胶初学者套装,四指灯套装,做款,视频,1,https://www.tiktok.com/@mariane_mkl/video/7623119566469713174,"1 Day 1 Design💅🏻 |Pancakes Edition 🥞🍓🫐 | Lequel pour le prochain mes bby ?

• Produits 3D de chez @⚡️ Lili Creuk Shop ⚡️ 
• VSP de chez :
-@BeetlesGelPolish 
-@Makartt Official 
-@Peggy Sage Paris 
-@Ongle24Officiel 

#nailarttutorial #naildesigns #nailbook #3dnailart #pourtoiii ",
tk,7623178957088738573,2026-03-31,周紫月,KOL品线推广,彩胶,纯色,做款;口播;教程,视频,,https://www.tiktok.com/@ciaramariedatzme_/video/7623178957088738573,"Im back !! Feel like i havent posted in forever 🥹 but the nails come out super cute ! 💗 

#beetlesgelpolish#polygel#naturalnails#shortnails#spring",
tk,7623209503789452574,2026-03-31,何嘉怡,KOL品线推广,彩胶,特色胶,开箱;口播,视频,,https://www.tiktok.com/@ashlyn.rose07/video/7623209503789452574,IM OBSESSED WITH THIS CAT EYE SET!! #foryou #cateye #beetlesgelpolish #cateyegelpolish #nailtoker ,
tk,7623212665703370015,2026-03-31,周紫月,KOL品线推广,穿戴甲,UV穿戴甲,开箱,视频,,https://www.tiktok.com/@t.love223/video/7623212665703370015,#beetlenails #pressonnails #presson ,
tk,7623230466128219422,2026-03-31,何嘉怡,KOL品线推广,假指甲,预构建甲片,开箱;口播,视频,,https://www.tiktok.com/@beautytalkrubi/video/7623230466128219422,,
tk,7623231377751674143,2026-03-31,何嘉怡,KOL品线推广,彩胶初学者套装,四指灯套装,开箱;口播,视频,,https://www.tiktok.com/@beautytalkrubi/video/7623231377751674143,,
tk,7623232090074549535,2026-03-31,何嘉怡,KOL品线推广,假指甲,预构建甲片套组,开箱;口播,视频,,https://www.tiktok.com/@beautytalkrubi/video/7623232090074549535,,
tk,7623232758667562270,2026-03-31,何嘉怡,KOL品线推广,假指甲,预构建甲片,开箱;口播,视频,,https://www.tiktok.com/@beautytalkrubi/video/7623232758667562270,,
tk,7623253786881969422,2026-03-31,周紫月,KOL品线推广,彩胶,纯色,开箱,视频,,https://www.tiktok.com/@amayastudio04/video/7623253786881969422,"🌸🌺SPRING COLORS🌷😍
@BeetlesGelPolish 
#nail #gels #beetlesgelpolish #nailart #nailsart ",
tk,7623256528786607391,2026-03-31,何嘉怡,KOL品线推广,彩胶,特色胶,开箱;口播,视频,,https://www.tiktok.com/@ashlyn.rose07/video/7623256528786607391,"what a deal! these are some beautiful colors (sorry yall i didn’t know i had this, i’ll show more soon) #foryou #beetlesgelpolish #spring #foryou #trending ",
tk,7623299853702974750,2026-03-31,黄莉莎,KOL品线推广,彩胶,混合套组,做款,视频,,https://www.tiktok.com/@nailsbyyls/video/7623299853702974750,recreated this viral blueberry set by @nailzzbysteph using @BeetlesGelPolish dessert feast set NC888 for the perfect ballerina pink 🩰🫐💌  use code nailsbyyls10 (til april 30th) for $$$ off 🫶🏽#beetlesgelpolish #beetlesnailnook #Springnails #beetlescateye #cateyenails ,
tk,7623447704491920654,2026-03-31,黄莉莎,KOL品线推广,彩胶初学者套装,四指灯套装,开箱;口播,视频,,https://www.tiktok.com/@inara.herring/video/7623447704491920654,"Thank you so much @beplain.shop @BeetlesGelPolish @APRILSKIN USA 

-
#ventaquincenal #prhaul #unboxing #skincare #trend ",
yt,AHD7eNvXzuk,2026-03-31,黄嘉丽,KOL品线推广,彩胶初学者套装,鼠标灯套装,做款;成品展示,视频,,https://www.youtube.com/watch?v=AHD7eNvXzuk,🌹🐝🫧 BUZZING FOR SPRING | BEETLES GEL POLISH,
yt,IUjeDB_eFSc,2026-03-31,李伊芸,KOL品线推广,功能胶,胶水,做款;口播,视频,,https://www.youtube.com/watch?v=IUjeDB_eFSc,#skibidylily,
ins,DWejH78iQhF,2026-03-30,林盈盈,KOL品线推广,彩胶,纯色,做款,视频,,https://www.instagram.com/p/DWejH78iQhF/,"Absolutely loving these spring sets 💛 

Products used @beetlesgelpolish 
Spring Sonata Gel Polish 
Sweet Swirl Nail Art Brushes &
Glossy Top Coat

All Products Linked In My Amazon Store Front https://amzn.to/4s5ABot

Acrylic from @nailvaultbeauty 

#beetlesgelpolish #springnails #bayareanailtech",
ins,DWgfuPSjSth,2026-03-30,何嘉怡,意大利展会,,,品牌向,视频,,https://www.instagram.com/p/DWgfuPSjSth/,#invited #beetlesgelpolish #BeetlesCosmoprofItaly,品线缺失
ins,DWgtLwjEYsi,2026-03-30,何嘉怡,KOL品线推广,甲油胶,特色胶,开箱,视频,,https://www.instagram.com/p/DWgtLwjEYsi/,"New sets loading… which color first?👀💋 @beetlesgelpolish 
•
•
•
📍ʟᴏᴄᴀᴛᴇᴅ ɪɴ ʜᴀʀʀɪꜱᴏɴ, ɴᴊ📍
•
•
•
#beetlesgelpolish #njnailtech #exploremore #springnails🌸 #nailtech",
ins,DWgtfbeEfFP,2026-03-30,何嘉怡,KOL品线推广,甲油胶,特色胶,开箱,视频,,https://www.instagram.com/p/DWgtfbeEfFP/,"the PERFECT cat eye colors!😍 @beetlesgelpolish 
•
•
•
📍ʟᴏᴄᴀᴛᴇᴅ ɪɴ ʜᴀʀʀɪꜱᴏɴ, ɴᴊ📍
•
•
•
#beetlesgelpolish #njnailtech #exploremore #springnails🌸 #nailtech",
ins,DWgtql6kdAP,2026-03-30,何嘉怡,KOL品线推广,假指甲,甲片延长套组,开箱;口播,视频,,https://www.instagram.com/p/DWgtql6kdAP/,"Beginner friendly + saves $$$✨ @beetlesgelpolish 
•
•
•
📍ʟᴏᴄᴀᴛᴇᴅ ɪɴ ʜᴀʀʀɪꜱᴏɴ, ɴᴊ📍
•
•
•
#beetlesgelpolish #njnailtech #exploremore #springnails🌸 #nailtech",
ins,DWgtz3SkZjJ,2026-03-30,何嘉怡,KOL品线推广,穿戴甲,UV穿戴甲,成品展示,视频,,https://www.instagram.com/p/DWgtz3SkZjJ/,"i’m actually obsessed with this kit😩💅🏼 @beetlesgelpolish 
•
•
•
📍ʟᴏᴄᴀᴛᴇᴅ ɪɴ ʜᴀʀʀɪꜱᴏɴ, ɴᴊ📍
•
•
•
#beetlesgelpolish #njnailtech #exploremore #springnails🌸 #nailtech",
tk,7622732342594981151,2026-03-30,马明慧,KOL品线推广,穿戴甲,穿戴甲款式,成品展示,视频,,https://www.tiktok.com/@paityn.rylee/video/7622732342594981151,shout out to @BeetlesGelPolish for the cutest press ons!! #beetlesgelpolish #pressonnails #whitenails #nailsathome ,
tk,7622840445315370254,2026-03-30,高咏欣,KOL品线推广,穿戴甲,穿戴甲款式,开箱;口播;成品展示,视频,,https://www.tiktok.com/@thatgirldes1/video/7622840445315370254,this came out tew teaaa😍🤏🏻 @BeetlesGelPolish #beetlesgelpolish #beetlesnaturalmilky #nailart #girlythings #viral ,
tk,7622840686378814733,2026-03-30,何嘉怡,KOL品线推广,甲油胶,特色胶,开箱,视频,,https://www.tiktok.com/@nailsxdailyn/video/7622840686378814733,New sets loading… which color first?👀💋 @BeetlesGelPolish #njnailtech #fyp #beetlesgelpolish #justagirl #springnails ,
tk,7622875521512197406,2026-03-30,林盈盈,KOL品线推广,穿戴甲,穿戴甲款式,做款;口播,视频,,https://www.tiktok.com/@alinaclausen/video/7622875521512197406,Do my nails with me! 💗😼@BeetlesGelPolish #Beetlesgelpolish #BeetlesNaturalMilky #nails #grwm #doingmynails ,
tk,7622877319467633933,2026-03-30,何嘉怡,KOL品线推广,彩胶,混合套组,口播;成品展示,视频,,https://www.tiktok.com/@adalyn.brooke/video/7622877319467633933,bro count how many times i say “done” @BeetlesGelPolish #nails #vlog #nailinspo #summernails #springnails ,
tk,7622895489964395807,2026-03-30,周紫月,KOL品线推广,彩胶,纯色,开箱,视频,,https://www.tiktok.com/@13zli/video/7622895489964395807,"In love with this collection🌼🫐
#springnail #springnailart #springcolors #nailtechmusthaves #fyp",
tk,7622947795045059853,2026-03-30,何嘉怡,KOL品线推广,假指甲,甲片延长套组,开箱;口播,视频,,https://www.tiktok.com/@nailsxdailyn/video/7622947795045059853,Beginner friendly + saves $$$😍 @BeetlesGelPolish #beetlesgelpolish #njnailtech #fyp #justagirl #diynails ,
tk,7622971712270896397,2026-03-30,何嘉怡,KOL品线推广,穿戴甲,UV穿戴甲,成品展示,视频,,https://www.tiktok.com/@nailsxdailyn/video/7622971712270896397,I’m actually obsessed with this kit 😩💅 @BeetlesGelPolish #beetlesgelpolish #pressons #fyp #justagirl #diynails ,
yt,ZOIUN--pkUQ,2026-03-30,林盈盈,KOL品线推广,彩胶,甲片延长套组,做款,视频,,https://www.youtube.com/watch?v=ZOIUN--pkUQ,Beetles Flat X Tips APPLY PERFECT 😍 Cat Eye Vertical Ombré Nails You NEED to Try!,
yt,irl4mvBD95Q,2026-03-30,何嘉怡,KOL品线推广,配件,美甲灯,开箱,视频,,https://www.youtube.com/watch?v=irl4mvBD95Q,Meowgic UV&LED NAIL LAMP,
yt,smBzAl0QTbo,2026-03-30,林盈盈,KOL品线推广,彩胶,甲片延长套组,开箱;刷色,视频,,https://www.youtube.com/watch?v=smBzAl0QTbo,Amazon Big Spring Sale Nail Kit?! 💅 Beetles 20 Color Gel Set + Flat X Nail Tip Application,
yt,9Tkg4pHrMGU,2026-03-29,林盈盈,KOL品线推广,构建美甲,捏捏胶,做款,视频,,https://www.youtube.com/watch?v=9Tkg4pHrMGU,guess the movie…👀🍎,